project_id,district,total_land_parcels,acquired_land_parcels,pending_land_parcels,total_landowners,compensation_pending,legal_cases,documents_pending,approval_pending_days,objections_count,survey_completed_percent,current_stage,previous_delay_days,land_pending_percent,delay_status
LA100001,Panchmahal,179,145,34,134,94,4,6,12,6,82.0,Handover,15,18.99,No
LA100002,Sabarkantha,1173,946,227,1345,487,4,12,20,28,83.2,Handover,7,19.35,No
LA100003,Sabarkantha,999,518,481,1239,86,6,13,64,12,72.6,Compensation,18,48.15,Yes
LA100004,Gandhinagar,686,433,253,480,211,7,8,1,13,81.0,Acquisition,42,36.88,Yes
LA100005,Sabarkantha,678,353,325,400,86,1,9,15,6,79.7,Acquisition,5,47.94,No
LA100006,Kheda,1295,722,573,1225,509,2,13,28,12,85.1,Acquisition,18,44.25,No
LA100007,Junagadh,174,86,88,217,60,4,4,59,11,70.7,Compensation,26,50.57,Yes
LA100008,Gandhinagar,1061,612,449,1205,504,4,8,37,16,78.3,Acquisition,5,42.32,No
LA100009,Junagadh,342,88,254,404,139,7,9,12,9,55.1,Objection,48,74.27,Yes
LA100010,Surat,186,88,98,170,101,1,7,8,8,62.9,Compensation,25,52.69,No
LA100011,Morbi,813,363,450,619,183,8,12,11,10,58.8,Objection,6,55.35,No
LA100012,Bharuch,1465,956,509,1507,351,5,7,38,18,77.5,Acquisition,0,34.74,No
LA100013,Mehsana,1117,458,659,820,111,5,11,33,5,62.5,Objection,48,59.0,Yes
LA100014,Rajkot,1154,447,707,1389,114,7,5,50,20,58.4,Objection,0,61.27,Yes
LA100015,Rajkot,1091,611,480,793,431,6,7,8,16,71.8,Compensation,5,44.0,No
LA100016,Rajkot,1190,872,318,966,390,4,10,6,17,77.2,Handover,54,26.72,No
LA100017,Gandhinagar,794,578,216,799,115,5,4,0,9,90.4,Handover,0,27.2,Yes
LA100018,Kheda,235,126,109,232,101,5,9,39,8,82.0,Compensation,37,46.38,No
LA100019,Sabarkantha,1268,617,651,1383,574,3,8,66,12,65.1,Compensation,117,51.34,Yes
LA100020,Rajkot,703,323,380,663,81,6,9,2,16,63.7,Objection,0,54.05,Yes
LA100021,Amreli,776,150,626,1069,412,4,22,45,12,50.1,Notification,0,80.67,Yes
LA100022,Patan,588,381,207,768,280,7,5,0,14,80.6,Acquisition,0,35.2,No
LA100023,Anand,314,121,193,421,33,7,8,6,15,61.0,Compensation,26,61.46,Yes
LA100024,Kheda,1394,966,428,1556,183,7,12,0,20,81.8,Handover,20,30.7,No
LA100025,Ahmedabad,1184,981,203,1328,480,6,11,58,14,89.6,Acquisition,22,17.15,Yes
LA100026,Kheda,984,757,227,1081,303,6,3,21,23,93.0,Handover,25,23.07,No
LA100027,Valsad,633,489,144,596,37,4,5,1,8,83.6,Acquisition,30,22.75,No
LA100028,Junagadh,1243,924,319,1044,306,3,8,16,19,88.5,Acquisition,102,25.66,Yes
LA100029,Junagadh,841,475,366,911,475,3,16,33,9,71.8,Objection,32,43.52,Yes
LA100030,Navsari,693,504,189,397,174,8,6,16,14,87.0,Acquisition,109,27.27,Yes
LA100031,Gandhinagar,703,432,271,391,21,4,9,10,16,75.7,Compensation,29,38.55,No
LA100032,Anand,379,117,262,499,102,6,11,24,10,58.4,Notification,36,69.13,Yes
LA100033,Amreli,183,87,96,108,36,1,7,0,7,78.1,Compensation,4,52.46,No
LA100034,Morbi,854,722,132,873,229,3,6,19,21,84.8,Handover,19,15.46,No
LA100035,Vadodara,1338,788,550,1476,841,4,12,137,23,69.6,Compensation,6,41.11,Yes
LA100036,Valsad,142,82,60,103,15,1,10,38,9,75.4,Compensation,14,42.25,Yes
LA100037,Panchmahal,1295,1071,224,1756,345,6,3,31,19,83.6,Acquisition,34,17.3,No
LA100038,Amreli,1250,968,282,901,321,4,11,61,21,62.3,Acquisition,31,22.56,Yes
LA100039,Anand,451,123,328,607,242,3,4,17,10,56.4,Notification,0,72.73,Yes
LA100040,Ahmedabad,966,664,302,1195,1077,5,5,152,24,80.9,Acquisition,5,31.26,Yes
LA100041,Morbi,289,194,95,222,14,2,6,0,6,73.0,Compensation,16,32.87,No
LA100042,Sabarkantha,1149,677,472,788,151,3,6,22,13,86.5,Acquisition,75,41.08,No
LA100043,Bhavnagar,1066,575,491,890,434,8,8,5,11,81.0,Compensation,47,46.06,Yes
LA100044,Gandhinagar,564,435,129,512,216,9,8,35,8,79.5,Acquisition,26,22.87,Yes
LA100045,Kheda,148,73,75,114,21,4,6,0,3,63.4,Objection,25,50.68,No
LA100046,Jamnagar,1458,594,864,2113,468,4,7,19,33,61.3,Objection,34,59.26,Yes
LA100047,Surat,696,416,280,527,191,4,8,22,9,87.3,Acquisition,15,40.23,Yes
LA100048,Junagadh,1345,1081,264,1745,299,7,5,21,22,88.2,Compensation,32,19.63,No
LA100049,Gandhinagar,1033,639,394,716,291,4,8,133,8,87.1,Acquisition,19,38.14,Yes
LA100050,Junagadh,1179,781,398,1689,589,7,7,65,21,87.6,Handover,12,33.76,Yes
LA100051,Valsad,1152,760,392,867,408,5,8,42,9,86.8,Acquisition,27,34.03,Yes
LA100052,Sabarkantha,332,184,148,309,112,2,11,39,6,71.4,Compensation,18,44.58,No
LA100053,Anand,578,371,207,608,208,4,12,38,7,86.5,Handover,3,35.81,No
LA100054,Navsari,727,397,330,479,315,5,2,5,10,76.3,Objection,28,45.39,Yes
LA100055,Rajkot,772,564,208,992,135,4,3,72,14,75.9,Compensation,57,26.94,No
LA100056,Panchmahal,113,66,47,90,18,6,9,9,5,69.6,Objection,0,41.59,No
LA100057,Banaskantha,843,576,267,880,539,3,11,17,16,80.0,Acquisition,18,31.67,No
LA100058,Bhavnagar,273,208,65,285,88,6,6,14,9,83.3,Acquisition,103,23.81,No
LA100059,Ahmedabad,1128,729,399,1232,78,5,10,47,18,86.5,Acquisition,6,35.37,No
LA100060,Kheda,1041,771,270,625,148,9,10,21,10,82.1,Handover,0,25.94,No
LA100061,Mehsana,1388,1096,292,974,376,13,9,47,9,86.0,Compensation,2,21.04,Yes
LA100062,Jamnagar,1130,680,450,785,342,8,12,6,17,82.1,Acquisition,41,39.82,Yes
LA100063,Patan,581,511,70,477,163,5,5,48,12,92.7,Handover,50,12.05,No
LA100064,Bhavnagar,1453,1085,368,989,476,3,9,19,18,83.8,Handover,20,25.33,Yes
LA100065,Patan,646,525,121,891,81,3,8,0,13,89.6,Acquisition,65,18.73,No
LA100066,Patan,522,345,177,528,191,5,5,0,14,62.9,Compensation,5,33.91,Yes
LA100067,Amreli,1363,653,710,1515,274,3,14,26,25,60.4,Objection,20,52.09,Yes
LA100068,Rajkot,587,405,182,512,171,1,10,24,6,89.2,Handover,0,31.01,No
LA100069,Junagadh,160,128,32,128,9,4,3,6,8,89.5,Handover,11,20.0,No
LA100070,Bhavnagar,731,418,313,733,175,7,8,21,10,69.9,Compensation,0,42.82,Yes
LA100071,Jamnagar,1204,736,468,981,268,4,11,29,14,83.7,Acquisition,29,38.87,No
LA100072,Kheda,324,52,272,278,14,4,6,38,6,51.0,Notification,26,83.95,Yes
LA100073,Patan,721,344,377,690,68,3,7,42,16,61.9,Compensation,52,52.29,Yes
LA100074,Vadodara,238,144,94,239,96,5,3,29,8,64.4,Objection,52,39.5,Yes
LA100075,Mehsana,1046,821,225,1502,567,5,5,17,22,80.8,Acquisition,72,21.51,No
LA100076,Navsari,740,566,174,556,205,4,12,19,13,85.0,Acquisition,32,23.51,No
LA100077,Amreli,529,408,121,523,222,3,7,6,14,73.9,Acquisition,12,22.87,No
LA100078,Vadodara,379,304,75,259,106,3,9,6,8,89.5,Acquisition,39,19.79,No
LA100079,Morbi,869,547,322,752,209,1,12,71,14,77.1,Compensation,4,37.05,Yes
LA100080,Amreli,1021,687,334,1221,605,2,6,36,17,77.4,Handover,15,32.71,No
LA100081,Patan,1414,974,440,1000,213,5,13,35,16,87.4,Acquisition,68,31.12,Yes
LA100082,Bhavnagar,684,341,343,734,105,5,8,12,6,74.9,Compensation,0,50.15,Yes
LA100083,Banaskantha,283,184,99,262,58,5,7,33,9,86.1,Compensation,25,34.98,Yes
LA100084,Junagadh,1258,758,500,750,197,4,10,4,15,77.2,Acquisition,0,39.75,No
LA100085,Bhavnagar,963,518,445,1338,370,7,14,35,23,59.0,Compensation,0,46.21,Yes
LA100086,Valsad,1066,613,453,983,334,9,5,79,12,83.5,Objection,18,42.5,Yes
LA100087,Navsari,191,74,117,240,115,2,6,0,10,61.8,Objection,42,61.26,Yes
LA100088,Junagadh,503,424,79,465,111,4,7,30,9,87.5,Acquisition,0,15.71,Yes
LA100089,Gandhinagar,1164,832,332,1622,738,6,12,18,28,86.3,Acquisition,17,28.52,Yes
LA100090,Patan,1257,688,569,1020,235,4,10,38,17,69.6,Acquisition,0,45.27,Yes
LA100091,Bhavnagar,681,508,173,627,35,5,6,49,10,89.3,Handover,24,25.4,No
LA100092,Sabarkantha,1217,841,376,1501,495,4,6,9,15,63.2,Acquisition,8,30.9,Yes
LA100093,Surat,1271,707,564,1092,322,6,11,51,10,63.4,Compensation,22,44.37,Yes
LA100094,Amreli,612,399,213,537,226,2,8,3,9,75.0,Objection,40,34.8,No
LA100095,Valsad,1353,662,691,1956,1005,6,9,31,24,60.6,Acquisition,68,51.07,Yes
LA100096,Amreli,468,227,241,491,205,3,9,48,11,58.3,Compensation,0,51.5,No
LA100097,Mehsana,397,338,59,465,61,2,6,8,7,78.7,Handover,5,14.86,No
LA100098,Anand,1040,663,377,1174,348,5,14,12,15,79.4,Compensation,29,36.25,Yes
LA100099,Rajkot,973,756,217,1260,631,10,10,5,21,87.2,Acquisition,38,22.3,Yes
LA100100,Kheda,252,188,64,334,112,3,9,31,8,85.8,Handover,12,25.4,No
LA100101,Mehsana,1258,1053,205,1330,470,3,5,24,20,86.0,Acquisition,0,16.3,Yes
LA100102,Mehsana,340,317,23,277,163,2,3,3,6,87.4,Acquisition,79,6.76,No
LA100103,Banaskantha,1217,589,628,694,294,5,12,60,11,67.3,Compensation,2,51.6,Yes
LA100104,Gandhinagar,60,45,15,66,26,2,8,0,1,81.6,Handover,0,25.0,No
LA100105,Morbi,1206,910,296,1559,520,4,12,61,29,85.1,Acquisition,22,24.54,No
LA100106,Valsad,1191,549,642,1138,355,4,14,20,12,72.6,Objection,10,53.9,No
LA100107,Bharuch,1182,926,256,825,270,4,10,9,14,80.5,Acquisition,26,21.66,No
LA100108,Ahmedabad,1014,694,320,821,323,4,13,18,14,66.0,Compensation,14,31.56,Yes
LA100109,Junagadh,734,603,131,741,163,5,7,62,13,85.3,Handover,26,17.85,Yes
LA100110,Patan,1073,804,269,1398,321,7,13,30,22,92.0,Acquisition,0,25.07,Yes
LA100111,Jamnagar,452,229,223,318,49,3,8,38,10,76.4,Compensation,15,49.34,No
LA100112,Morbi,1182,983,199,1301,447,3,10,7,25,87.9,Handover,1,16.84,No
LA100113,Gandhinagar,856,323,533,1051,142,6,10,12,14,62.1,Objection,18,62.27,No
LA100114,Anand,715,396,319,996,180,13,6,42,12,77.3,Acquisition,10,44.62,No
LA100115,Gandhinagar,783,402,381,513,168,2,11,58,8,62.7,Compensation,17,48.66,No
LA100116,Gandhinagar,875,573,302,1211,599,5,5,23,13,70.9,Compensation,64,34.51,Yes
LA100117,Vadodara,104,69,35,113,12,3,12,0,6,81.7,Acquisition,12,33.65,No
LA100118,Mehsana,252,150,102,312,66,2,4,6,6,74.0,Compensation,0,40.48,No
LA100119,Gandhinagar,406,239,167,243,8,2,7,0,2,72.5,Compensation,19,41.13,No
LA100120,Gandhinagar,216,161,55,217,32,3,7,48,6,94.3,Handover,88,25.46,No
LA100121,Gandhinagar,687,389,298,763,95,7,5,4,16,73.0,Acquisition,16,43.38,No
LA100122,Vadodara,1019,485,534,842,351,3,9,7,19,76.0,Compensation,0,52.4,Yes
LA100123,Amreli,999,649,350,938,128,3,8,77,16,70.4,Compensation,22,35.04,Yes
LA100124,Morbi,733,701,32,769,116,4,4,0,20,79.6,Acquisition,82,4.37,No
LA100125,Banaskantha,1290,803,487,1351,348,6,14,1,17,74.1,Acquisition,4,37.75,Yes
LA100126,Valsad,870,604,266,511,34,2,9,0,14,70.3,Acquisition,22,30.57,No
LA100127,Morbi,164,116,48,155,64,4,10,13,8,84.6,Compensation,69,29.27,No
LA100128,Bharuch,1160,708,452,861,372,3,11,6,16,85.8,Compensation,20,38.97,Yes
LA100129,Patan,883,702,181,1214,367,6,5,3,12,69.8,Acquisition,4,20.5,Yes
LA100130,Vadodara,970,501,469,1386,802,8,12,85,25,72.7,Compensation,118,48.35,Yes
LA100131,Morbi,870,573,297,713,15,3,5,0,5,69.3,Compensation,57,34.14,No
LA100132,Amreli,853,496,357,604,254,8,14,0,8,68.9,Compensation,5,41.85,No
LA100133,Morbi,181,159,22,135,38,3,8,31,6,87.3,Handover,0,12.15,Yes
LA100134,Valsad,861,423,438,844,310,9,8,5,18,63.2,Compensation,8,50.87,Yes
LA100135,Amreli,1203,373,830,1608,226,8,12,41,21,56.7,Notification,28,68.99,Yes
LA100136,Bharuch,491,336,155,491,49,2,7,10,10,86.4,Acquisition,22,31.57,No
LA100137,Rajkot,924,519,405,554,317,4,2,0,9,47.5,Compensation,33,43.83,No
LA100138,Anand,94,61,33,55,27,1,7,0,6,74.0,Compensation,66,35.11,Yes
LA100139,Morbi,554,543,11,418,158,3,5,54,8,91.4,Handover,11,1.99,Yes
LA100140,Rajkot,683,408,275,894,207,4,5,19,14,75.7,Compensation,92,40.26,No
LA100141,Vadodara,1475,984,491,1636,1110,8,16,17,30,72.2,Acquisition,60,33.29,Yes
LA100142,Jamnagar,361,232,129,381,195,6,14,14,10,88.2,Acquisition,10,35.73,Yes
LA100143,Patan,451,169,282,378,71,4,6,49,12,51.7,Objection,15,62.53,Yes
LA100144,Bhavnagar,642,491,151,890,335,5,2,6,12,67.3,Acquisition,39,23.52,No
LA100145,Navsari,1490,900,590,1264,598,7,10,66,20,80.1,Compensation,8,39.6,Yes
LA100146,Vadodara,1288,814,474,1676,392,9,12,11,29,81.8,Compensation,49,36.8,Yes
LA100147,Sabarkantha,100,63,37,136,64,5,9,38,5,68.1,Compensation,38,37.0,Yes
LA100148,Panchmahal,389,278,111,383,109,2,10,8,6,82.0,Handover,0,28.53,No
LA100149,Junagadh,1242,1217,25,1683,718,9,3,28,17,92.3,Handover,20,2.01,Yes
LA100150,Bharuch,134,80,54,107,36,2,8,80,5,74.6,Compensation,23,40.3,Yes
LA100151,Amreli,1291,1048,243,1475,246,4,9,25,16,91.3,Handover,27,18.82,No
LA100152,Kheda,458,354,104,288,78,2,9,28,6,85.5,Acquisition,52,22.71,No
LA100153,Vadodara,1381,653,728,1349,326,6,6,55,18,70.8,Compensation,12,52.72,Yes
LA100154,Bhavnagar,476,303,173,355,217,1,11,55,6,87.8,Compensation,15,36.34,No
LA100155,Junagadh,680,357,323,412,39,2,4,39,11,78.4,Compensation,36,47.5,Yes
LA100156,Valsad,1010,252,758,559,72,8,12,18,11,70.8,Objection,3,75.05,No
LA100157,Junagadh,233,151,82,196,60,5,9,0,7,77.6,Compensation,28,35.19,Yes
LA100158,Bharuch,858,282,576,927,84,4,19,37,10,59.6,Compensation,2,67.13,Yes
LA100159,Bhavnagar,782,354,428,750,356,8,12,0,18,64.0,Compensation,3,54.73,Yes
LA100160,Bhavnagar,1187,550,637,975,232,5,10,0,18,50.7,Compensation,0,53.66,Yes
LA100161,Junagadh,1495,812,683,2156,588,7,12,6,29,76.0,Compensation,16,45.69,Yes
LA100162,Patan,1013,730,283,1414,207,4,10,2,37,77.3,Acquisition,0,27.94,No
LA100163,Navsari,643,212,431,426,147,8,8,0,11,62.3,Objection,14,67.03,Yes
LA100164,Jamnagar,639,297,342,590,253,3,8,15,12,66.4,Compensation,21,53.52,Yes
LA100165,Panchmahal,656,578,78,744,227,3,6,28,13,82.3,Handover,25,11.89,No
LA100166,Vadodara,1231,950,281,1490,296,5,5,18,15,92.2,Acquisition,10,22.83,Yes
LA100167,Vadodara,516,373,143,454,18,4,4,113,6,72.0,Acquisition,111,27.71,Yes
LA100168,Gandhinagar,292,286,6,357,111,3,6,82,7,86.4,Handover,14,2.05,No
LA100169,Junagadh,535,244,291,354,134,4,16,0,16,63.2,Objection,0,54.39,Yes
LA100170,Mehsana,82,43,39,70,11,3,13,3,3,71.6,Objection,14,47.56,No
LA100171,Vadodara,204,117,87,244,21,4,6,18,9,90.0,Acquisition,0,42.65,No
LA100172,Jamnagar,180,127,53,200,27,2,9,8,9,79.3,Handover,16,29.44,No
LA100173,Rajkot,1169,664,505,1524,451,10,9,0,22,66.2,Compensation,25,43.2,Yes
LA100174,Mehsana,1098,543,555,650,227,3,12,67,13,55.9,Objection,95,50.55,Yes
LA100175,Vadodara,1061,680,381,750,349,6,10,3,10,63.6,Compensation,1,35.91,No
LA100176,Mehsana,720,110,610,427,171,2,8,8,13,41.0,Notification,33,84.72,Yes
LA100177,Junagadh,1090,929,161,788,496,3,12,119,13,78.5,Compensation,0,14.77,Yes
LA100178,Vadodara,284,142,142,157,61,1,9,17,3,66.1,Objection,10,50.0,No
LA100179,Morbi,1356,1027,329,1361,404,4,8,18,21,83.6,Acquisition,20,24.26,Yes
LA100180,Rajkot,777,643,134,797,101,3,12,1,14,94.0,Acquisition,55,17.25,No
LA100181,Junagadh,1411,907,504,1612,234,8,14,57,18,83.5,Compensation,50,35.72,Yes
LA100182,Gandhinagar,271,152,119,243,138,6,8,64,6,80.1,Objection,34,43.91,Yes
LA100183,Rajkot,771,577,194,426,190,3,7,51,12,84.2,Acquisition,20,25.16,Yes
LA100184,Vadodara,1060,683,377,1226,363,7,7,69,22,85.4,Compensation,27,35.57,Yes
LA100185,Navsari,769,558,211,461,137,6,11,65,8,86.1,Acquisition,82,27.44,Yes
LA100186,Banaskantha,697,427,270,927,276,3,6,21,19,77.5,Acquisition,15,38.74,Yes
LA100187,Bharuch,291,140,151,166,70,1,10,30,5,65.1,Compensation,0,51.89,No
LA100188,Navsari,602,295,307,619,235,5,7,14,12,78.9,Compensation,15,51.0,No
LA100189,Amreli,396,134,262,537,127,2,6,28,12,77.7,Acquisition,22,66.16,No
LA100190,Ahmedabad,487,355,132,519,162,2,9,34,8,76.7,Handover,13,27.1,Yes
LA100191,Morbi,1042,777,265,1144,452,5,11,21,20,75.6,Handover,9,25.43,Yes
LA100192,Panchmahal,964,379,585,1122,253,7,13,10,16,77.1,Objection,20,60.68,Yes
LA100193,Gandhinagar,931,715,216,615,199,6,8,7,7,84.1,Acquisition,21,23.2,No
LA100194,Ahmedabad,574,459,115,664,159,3,8,44,9,88.9,Acquisition,56,20.03,No
LA100195,Junagadh,1442,930,512,1936,336,6,7,36,21,88.8,Acquisition,11,35.51,Yes
LA100196,Navsari,177,155,22,253,107,2,11,7,5,89.7,Acquisition,0,12.43,No
LA100197,Panchmahal,547,472,75,519,186,4,9,14,4,86.2,Handover,17,13.71,No
LA100198,Jamnagar,221,158,63,190,33,3,5,10,7,73.3,Acquisition,0,28.51,No
LA100199,Gandhinagar,541,444,97,664,199,3,5,42,18,76.8,Acquisition,0,17.93,No
LA100200,Junagadh,1445,1083,362,1501,199,8,5,67,27,77.1,Compensation,58,25.05,Yes
LA100201,Junagadh,581,406,175,454,114,5,9,18,13,89.2,Handover,0,30.12,No
LA100202,Jamnagar,1368,994,374,964,784,4,8,1,16,84.0,Handover,9,27.34,Yes
LA100203,Panchmahal,768,649,119,540,213,3,6,0,9,91.5,Handover,11,15.49,No
LA100204,Morbi,1065,950,115,1026,398,7,8,29,12,85.4,Acquisition,22,10.8,No
LA100205,Ahmedabad,713,519,194,501,271,3,7,44,13,86.5,Acquisition,38,27.21,Yes
LA100206,Junagadh,435,139,296,247,53,1,10,6,10,52.7,Objection,34,68.05,No
LA100207,Banaskantha,1158,715,443,691,184,4,12,21,11,89.3,Acquisition,0,38.26,No
LA100208,Bharuch,1456,1108,348,2019,827,9,13,22,35,79.3,Acquisition,21,23.9,Yes
LA100209,Jamnagar,432,342,90,266,60,6,11,2,6,88.1,Handover,40,20.83,No
LA100210,Patan,1179,546,633,726,43,5,18,28,17,68.0,Compensation,8,53.69,Yes
LA100211,Kheda,428,211,217,409,53,1,4,58,8,55.8,Objection,18,50.7,Yes
LA100212,Mehsana,1090,651,439,840,325,5,9,22,10,75.4,Compensation,36,40.28,No
LA100213,Anand,1194,505,689,1691,480,6,10,87,22,68.5,Compensation,0,57.71,Yes
LA100214,Mehsana,702,621,81,962,173,4,10,17,14,86.4,Acquisition,44,11.54,No
LA100215,Surat,1119,499,620,1023,449,5,6,69,18,77.3,Compensation,47,55.41,Yes
LA100216,Junagadh,445,274,171,424,176,3,7,24,9,72.7,Compensation,0,38.43,No
LA100217,Valsad,164,74,90,146,44,1,12,46,8,60.2,Compensation,30,54.88,No
LA100218,Gandhinagar,189,98,91,110,36,3,7,16,8,79.9,Compensation,0,48.15,No
LA100219,Morbi,698,420,278,568,154,3,9,35,15,69.7,Acquisition,14,39.83,No
LA100220,Bhavnagar,1359,774,585,897,445,4,13,4,14,76.1,Acquisition,26,43.05,Yes
LA100221,Ahmedabad,235,183,52,151,28,3,4,47,2,73.6,Acquisition,18,22.13,No
LA100222,Valsad,711,429,282,750,345,7,9,6,11,63.7,Compensation,55,39.66,Yes
LA100223,Mehsana,1071,758,313,684,416,3,9,23,15,80.4,Acquisition,40,29.23,No
LA100224,Navsari,343,195,148,220,89,3,8,53,1,92.5,Acquisition,45,43.15,Yes
LA100225,Bhavnagar,1097,775,322,1078,591,5,7,19,18,87.4,Acquisition,0,29.35,No
LA100226,Panchmahal,493,372,121,467,70,4,10,61,11,92.4,Handover,22,24.54,No
LA100227,Surat,1223,1082,141,824,370,2,11,47,11,87.5,Handover,0,11.53,No
LA100228,Jamnagar,890,741,149,493,105,8,5,7,11,92.2,Handover,5,16.74,No
LA100229,Bhavnagar,843,521,322,610,165,8,12,33,10,71.3,Acquisition,22,38.2,Yes
LA100230,Banaskantha,306,229,77,233,20,7,11,8,6,76.9,Handover,20,25.16,No
LA100231,Bharuch,722,645,77,917,88,2,7,48,14,84.5,Acquisition,6,10.66,No
LA100232,Morbi,1292,1048,244,1775,510,1,9,21,28,78.5,Handover,37,18.89,No
LA100233,Valsad,78,60,18,71,33,3,6,0,4,83.3,Acquisition,10,23.08,No
LA100234,Morbi,1150,767,383,1052,129,9,17,36,23,81.2,Acquisition,34,33.3,No
LA100235,Panchmahal,764,525,239,910,124,6,9,12,14,76.6,Acquisition,16,31.28,No
LA100236,Bharuch,1093,613,480,1218,224,3,15,17,19,69.3,Acquisition,36,43.92,Yes
LA100237,Gandhinagar,1012,764,248,724,41,3,13,34,15,79.5,Acquisition,38,24.51,No
LA100238,Navsari,676,447,229,437,75,3,5,0,3,83.4,Acquisition,13,33.88,No
LA100239,Morbi,497,428,69,469,95,4,8,20,9,88.1,Handover,47,13.88,No
LA100240,Vadodara,960,647,313,1016,160,4,8,11,16,78.9,Acquisition,39,32.6,No
LA100241,Anand,253,186,67,171,35,4,8,27,4,81.5,Acquisition,0,26.48,No
LA100242,Surat,897,584,313,730,71,3,10,131,10,88.2,Handover,0,34.89,Yes
LA100243,Bharuch,187,67,120,154,68,3,9,14,6,52.9,Objection,7,64.17,Yes
LA100244,Patan,992,811,181,779,50,3,8,20,13,88.4,Handover,57,18.25,No
LA100245,Panchmahal,962,714,248,928,482,6,9,0,15,87.2,Acquisition,15,25.78,No
LA100246,Amreli,172,54,118,196,18,1,6,27,8,68.1,Compensation,41,68.6,No
LA100247,Bharuch,1149,642,507,1159,469,9,16,20,21,80.1,Compensation,11,44.13,Yes
LA100248,Amreli,653,458,195,478,170,3,11,44,13,78.7,Acquisition,51,29.86,No
LA100249,Banaskantha,1191,1122,69,765,224,4,11,0,9,90.1,Handover,19,5.79,No
LA100250,Junagadh,110,82,28,142,64,4,4,0,10,88.4,Acquisition,0,25.45,No
LA100251,Junagadh,310,205,105,304,95,3,6,25,8,82.7,Acquisition,61,33.87,No
LA100252,Ahmedabad,766,512,254,464,136,0,5,28,9,69.2,Acquisition,36,33.16,No
LA100253,Sabarkantha,323,232,91,253,73,3,5,28,6,83.2,Acquisition,93,28.17,No
LA100254,Anand,528,294,234,672,141,4,14,33,12,61.9,Compensation,136,44.32,Yes
LA100255,Surat,1008,710,298,1236,674,7,7,18,13,84.8,Acquisition,21,29.56,Yes
LA100256,Jamnagar,259,140,119,347,94,2,5,24,7,71.0,Compensation,0,45.95,No
LA100257,Kheda,1033,774,259,1128,481,1,9,14,16,78.7,Acquisition,7,25.07,No
LA100258,Sabarkantha,200,144,56,186,73,4,3,25,12,77.6,Acquisition,16,28.0,No
LA100259,Gandhinagar,304,224,80,284,59,0,7,0,4,88.1,Acquisition,11,26.32,No
LA100260,Jamnagar,902,375,527,654,172,5,7,38,10,66.0,Compensation,1,58.43,Yes
LA100261,Morbi,1201,493,708,1364,865,5,12,0,15,70.5,Objection,39,58.95,Yes
LA100262,Jamnagar,297,152,145,320,97,6,6,7,6,78.6,Compensation,24,48.82,No
LA100263,Sabarkantha,485,368,117,334,52,5,8,17,7,92.8,Acquisition,42,24.12,No
LA100264,Gandhinagar,1392,983,409,1875,797,8,10,57,25,79.4,Acquisition,12,29.38,Yes
LA100265,Valsad,1486,788,698,1310,735,4,15,0,18,81.4,Acquisition,33,46.97,Yes
LA100266,Surat,893,455,438,531,206,6,10,0,9,78.9,Acquisition,8,49.05,Yes
LA100267,Bhavnagar,698,521,177,590,192,3,8,22,9,82.5,Handover,0,25.36,No
LA100268,Jamnagar,553,381,172,737,269,5,4,18,17,66.3,Compensation,0,31.1,No
LA100269,Anand,938,486,452,1290,622,3,10,2,22,55.1,Objection,37,48.19,Yes
LA100270,Kheda,907,353,554,899,268,11,16,7,13,70.1,Compensation,94,61.08,Yes
LA100271,Surat,477,319,158,673,11,6,12,12,18,75.3,Compensation,28,33.12,No
LA100272,Panchmahal,83,62,21,111,54,1,5,28,6,77.6,Acquisition,0,25.3,No
LA100273,Bharuch,269,136,133,348,117,5,6,50,10,68.3,Compensation,0,49.44,No
LA100274,Ahmedabad,1440,994,446,1906,491,8,10,11,27,83.0,Acquisition,11,30.97,No
LA100275,Rajkot,656,508,148,586,212,0,8,34,13,85.5,Handover,26,22.56,No
LA100276,Vadodara,749,541,208,922,210,3,9,36,15,79.3,Acquisition,5,27.77,Yes
LA100277,Navsari,727,423,304,778,155,3,12,13,7,67.5,Compensation,45,41.82,Yes
LA100278,Valsad,1185,924,261,1419,560,2,3,2,20,82.4,Acquisition,37,22.03,No
LA100279,Jamnagar,144,119,25,102,31,5,7,17,1,91.4,Handover,3,17.36,No
LA100280,Surat,170,104,66,205,49,6,3,6,5,79.5,Acquisition,29,38.82,No
LA100281,Junagadh,450,256,194,635,152,4,8,7,16,73.8,Compensation,77,43.11,No
LA100282,Gandhinagar,756,547,209,622,80,4,12,47,11,91.0,Acquisition,20,27.65,No
LA100283,Gandhinagar,1023,768,255,1471,484,4,16,54,31,90.6,Acquisition,11,24.93,No
LA100284,Navsari,762,494,268,679,239,3,7,60,9,71.8,Compensation,0,35.17,Yes
LA100285,Gandhinagar,690,429,261,504,131,5,6,0,18,81.6,Acquisition,0,37.83,Yes
LA100286,Vadodara,1410,791,619,918,91,6,12,17,16,59.2,Compensation,7,43.9,Yes
LA100287,Banaskantha,283,194,89,356,160,3,9,38,11,89.5,Compensation,51,31.45,Yes
LA100288,Rajkot,879,696,183,922,114,3,12,13,17,88.2,Handover,2,20.82,No
LA100289,Junagadh,836,595,241,691,344,6,12,16,13,75.1,Acquisition,12,28.83,No
LA100290,Jamnagar,737,591,146,809,359,5,12,12,14,86.9,Acquisition,15,19.81,No
LA100291,Sabarkantha,1221,680,541,1036,592,7,9,0,16,85.5,Handover,32,44.31,No
LA100292,Ahmedabad,437,341,96,417,133,3,8,29,10,87.8,Acquisition,61,21.97,No
LA100293,Morbi,1433,960,473,1901,1081,9,17,30,21,85.7,Acquisition,0,33.01,Yes
LA100294,Navsari,531,163,368,611,389,3,7,35,10,57.8,Objection,18,69.3,Yes
LA100295,Surat,840,657,183,1038,366,5,11,63,14,87.2,Acquisition,28,21.79,Yes
LA100296,Bharuch,805,428,377,865,179,7,6,13,14,77.7,Objection,2,46.83,Yes
LA100297,Vadodara,1283,813,470,1850,909,3,16,41,34,73.4,Compensation,2,36.63,Yes
LA100298,Kheda,686,480,206,526,194,3,4,62,13,68.4,Compensation,32,30.03,No
LA100299,Anand,462,373,89,363,22,4,6,34,7,88.7,Handover,74,19.26,No
LA100300,Morbi,81,54,27,51,20,3,7,5,6,80.7,Compensation,24,33.33,No
LA100301,Bharuch,577,444,133,605,182,5,7,0,13,89.5,Handover,30,23.05,Yes
LA100302,Panchmahal,1248,732,516,1375,952,7,8,17,22,63.0,Compensation,30,41.35,Yes
LA100303,Navsari,64,26,38,77,31,4,3,16,2,58.1,Objection,62,59.38,Yes
LA100304,Patan,1350,847,503,1150,286,9,10,49,24,79.3,Acquisition,55,37.26,Yes
LA100305,Bharuch,837,458,379,470,182,5,8,0,7,76.2,Compensation,25,45.28,Yes
LA100306,Navsari,253,179,74,283,14,3,5,12,9,90.6,Acquisition,19,29.25,Yes
LA100307,Ahmedabad,488,384,104,707,151,6,9,37,10,81.5,Handover,7,21.31,No
LA100308,Amreli,853,458,395,695,359,5,6,4,11,71.2,Objection,35,46.31,No
LA100309,Anand,508,392,116,363,106,6,12,0,5,83.1,Compensation,7,22.83,No
LA100310,Amreli,207,161,46,166,27,8,10,33,5,82.8,Compensation,20,22.22,Yes
LA100311,Bharuch,1016,422,594,948,820,0,6,22,16,64.4,Objection,29,58.46,Yes
LA100312,Gandhinagar,1025,628,397,795,201,3,11,9,12,81.0,Compensation,57,38.73,Yes
LA100313,Mehsana,222,110,112,191,44,1,10,11,4,57.6,Compensation,1,50.45,Yes
LA100314,Sabarkantha,458,358,100,515,67,7,11,30,9,87.8,Acquisition,2,21.83,Yes
LA100315,Anand,403,238,165,347,76,4,7,2,8,73.4,Compensation,6,40.94,Yes
LA100316,Bharuch,1006,648,358,912,510,2,9,11,20,72.4,Acquisition,5,35.59,Yes
LA100317,Gandhinagar,1109,754,355,650,78,4,7,53,18,70.6,Compensation,24,32.01,No
LA100318,Vadodara,1104,700,404,1519,876,7,7,14,20,76.0,Acquisition,97,36.59,Yes
LA100319,Rajkot,1412,854,558,1294,553,4,8,6,15,78.2,Acquisition,0,39.52,No
LA100320,Anand,1165,745,420,985,287,4,8,26,10,75.1,Acquisition,0,36.05,Yes
LA100321,Rajkot,515,360,155,323,70,4,4,21,10,89.0,Handover,54,30.1,No
LA100322,Morbi,206,58,148,231,40,2,7,35,4,42.3,Objection,0,71.84,Yes
LA100323,Jamnagar,941,606,335,1249,1047,6,11,21,25,76.6,Acquisition,1,35.6,Yes
LA100324,Mehsana,1379,1006,373,810,93,8,13,30,11,91.9,Acquisition,10,27.05,Yes
LA100325,Jamnagar,1464,679,785,997,239,4,9,87,12,63.8,Acquisition,0,53.62,Yes
LA100326,Vadodara,384,261,123,262,120,4,3,70,11,82.9,Acquisition,55,32.03,Yes
LA100327,Vadodara,393,320,73,429,166,7,3,23,9,85.4,Acquisition,0,18.58,No
LA100328,Vadodara,104,23,81,143,69,2,11,2,3,45.5,Objection,46,77.88,Yes
LA100329,Rajkot,254,156,98,240,78,3,2,61,6,81.1,Acquisition,94,38.58,Yes
LA100330,Morbi,855,440,415,735,151,5,10,0,15,68.2,Objection,0,48.54,Yes
LA100331,Ahmedabad,843,637,206,1045,316,4,7,0,20,81.6,Acquisition,33,24.44,No
LA100332,Bhavnagar,588,498,90,716,161,8,14,40,5,88.5,Acquisition,15,15.31,No
LA100333,Bhavnagar,499,387,112,385,156,3,8,67,6,86.3,Acquisition,0,22.44,No
LA100334,Ahmedabad,1254,764,490,871,154,5,8,66,14,66.9,Acquisition,69,39.07,No
LA100335,Gandhinagar,717,591,126,625,342,3,13,13,11,82.5,Handover,12,17.57,No
LA100336,Ahmedabad,1222,748,474,1525,321,3,5,7,19,72.2,Compensation,13,38.79,No
LA100337,Kheda,1447,824,623,1701,592,13,10,70,38,77.1,Acquisition,47,43.05,Yes
LA100338,Kheda,510,404,106,586,75,5,7,26,5,90.8,Handover,0,20.78,No
LA100339,Sabarkantha,344,234,110,446,326,3,7,32,9,92.3,Acquisition,0,31.98,No
LA100340,Banaskantha,1432,1136,296,1145,76,5,15,74,15,86.6,Acquisition,11,20.67,Yes
LA100341,Morbi,971,533,438,831,234,0,9,52,12,72.4,Compensation,78,45.11,Yes
LA100342,Rajkot,472,329,143,278,79,5,6,31,11,80.4,Acquisition,36,30.3,Yes
LA100343,Vadodara,952,653,299,1268,793,4,9,5,22,81.2,Acquisition,61,31.41,Yes
LA100344,Morbi,797,434,363,856,296,6,7,12,17,71.0,Acquisition,0,45.55,No
LA100345,Valsad,1363,988,375,1115,205,1,6,53,21,81.9,Acquisition,60,27.51,No
LA100346,Panchmahal,421,312,109,258,80,1,10,10,10,86.6,Acquisition,56,25.89,No
LA100347,Kheda,1488,962,526,1787,429,7,5,18,30,82.6,Acquisition,37,35.35,Yes
LA100348,Patan,1408,897,511,1723,905,9,10,6,22,86.0,Compensation,0,36.29,Yes
LA100349,Junagadh,312,152,160,359,80,1,14,3,17,59.0,Objection,18,51.28,Yes
LA100350,Navsari,288,127,161,211,65,7,0,22,5,69.2,Compensation,24,55.9,Yes
LA100351,Morbi,823,694,129,1129,72,2,5,56,19,78.4,Compensation,13,15.67,No
LA100352,Amreli,115,100,15,141,68,4,7,13,6,85.8,Acquisition,19,13.04,No
LA100353,Bhavnagar,483,272,211,552,31,4,6,96,10,83.7,Compensation,85,43.69,Yes
LA100354,Mehsana,681,506,175,774,55,5,6,28,12,79.9,Acquisition,41,25.7,No
LA100355,Gandhinagar,1456,1299,157,1986,276,5,11,26,39,88.9,Acquisition,4,10.78,No
LA100356,Mehsana,1489,664,825,2063,160,6,14,14,34,63.8,Compensation,13,55.41,Yes
LA100357,Bhavnagar,269,187,82,292,92,1,8,6,4,77.9,Acquisition,60,30.48,No
LA100358,Ahmedabad,1343,957,386,1242,283,4,9,18,13,84.0,Acquisition,30,28.74,No
LA100359,Panchmahal,181,121,60,159,27,2,11,54,6,72.4,Compensation,11,33.15,No
LA100360,Panchmahal,1136,720,416,1462,457,8,12,12,26,79.7,Acquisition,24,36.62,Yes
LA100361,Patan,1277,1120,157,1443,522,6,10,55,12,88.6,Handover,1,12.29,No
LA100362,Bharuch,1342,694,648,831,221,4,11,12,14,66.3,Compensation,54,48.29,Yes
LA100363,Sabarkantha,374,223,151,254,73,4,9,33,5,75.0,Compensation,0,40.37,Yes
LA100364,Ahmedabad,1346,525,821,1831,631,8,13,16,32,47.4,Compensation,4,61.0,Yes
LA100365,Surat,218,150,68,293,53,6,9,27,4,72.2,Acquisition,16,31.19,No
LA100366,Mehsana,802,139,663,1128,66,8,8,26,10,54.9,Notification,5,82.67,Yes
LA100367,Patan,731,171,560,684,130,6,14,54,18,65.6,Compensation,26,76.61,Yes
LA100368,Jamnagar,508,322,186,638,171,5,7,12,12,72.5,Acquisition,37,36.61,No
LA100369,Bharuch,82,54,28,106,20,4,4,0,8,84.3,Compensation,11,34.15,No
LA100370,Mehsana,1170,292,878,976,279,6,20,75,11,52.6,Objection,19,75.04,Yes
LA100371,Patan,536,156,380,365,48,4,12,2,9,47.7,Survey,11,70.9,No
LA100372,Gandhinagar,1010,990,20,1462,252,5,6,0,15,91.4,Handover,125,1.98,No
LA100373,Rajkot,645,415,230,372,93,2,8,31,4,88.7,Acquisition,0,35.66,Yes
LA100374,Rajkot,592,343,249,644,419,6,5,89,9,62.5,Acquisition,17,42.06,No
LA100375,Jamnagar,1336,757,579,1517,72,2,10,0,22,76.5,Compensation,95,43.34,Yes
LA100376,Ahmedabad,187,127,60,218,49,4,9,23,5,93.2,Compensation,27,32.09,No
LA100377,Anand,1118,597,521,872,165,8,7,10,11,72.1,Compensation,10,46.6,No
LA100378,Banaskantha,1133,369,764,1359,390,8,14,49,29,60.5,Compensation,105,67.43,Yes
LA100379,Ahmedabad,601,334,267,448,93,4,12,33,9,82.9,Compensation,14,44.43,Yes
LA100380,Panchmahal,430,139,291,557,294,0,7,4,15,53.9,Objection,40,67.67,Yes
LA100381,Banaskantha,57,32,25,43,22,1,7,30,7,78.9,Acquisition,88,43.86,Yes
LA100382,Banaskantha,1409,1084,325,1658,1010,6,8,26,25,89.4,Handover,16,23.07,No
LA100383,Banaskantha,1425,940,485,1788,658,11,3,17,26,76.5,Compensation,8,34.04,Yes
LA100384,Bharuch,399,223,176,287,54,3,5,10,6,76.1,Compensation,3,44.11,No
LA100385,Navsari,96,77,19,73,19,2,13,0,3,85.6,Handover,0,19.79,No
LA100386,Banaskantha,228,110,118,285,93,3,9,53,10,67.7,Compensation,14,51.75,Yes
LA100387,Anand,148,117,31,93,52,0,7,44,6,91.2,Acquisition,28,20.95,No
LA100388,Vadodara,1255,474,781,906,294,5,12,24,13,72.1,Objection,11,62.23,No
LA100389,Kheda,1344,833,511,1290,195,6,9,32,22,73.6,Acquisition,0,38.02,Yes
LA100390,Ahmedabad,272,210,62,377,49,4,10,14,8,67.8,Acquisition,17,22.79,No
LA100391,Kheda,1133,757,376,1196,381,2,12,25,17,71.5,Compensation,5,33.19,No
LA100392,Valsad,310,170,140,279,62,4,12,116,8,69.5,Compensation,41,45.16,No
LA100393,Banaskantha,582,197,385,833,145,4,6,108,11,59.3,Objection,9,66.15,Yes
LA100394,Patan,919,878,41,889,371,6,9,24,11,90.1,Handover,0,4.46,Yes
LA100395,Banaskantha,1094,829,265,1029,117,6,5,1,13,88.5,Acquisition,33,24.22,No
LA100396,Vadodara,1318,877,441,1213,512,7,10,12,23,84.7,Acquisition,27,33.46,Yes
LA100397,Bharuch,114,72,42,95,22,4,6,46,3,81.1,Acquisition,4,36.84,No
LA100398,Ahmedabad,335,328,7,282,95,2,5,59,7,88.8,Handover,33,2.09,No
LA100399,Sabarkantha,457,240,217,534,273,3,5,9,7,66.7,Compensation,22,47.48,No
LA100400,Morbi,500,371,129,293,46,1,9,7,6,81.4,Acquisition,16,25.8,No
LA100401,Surat,1498,707,791,1743,742,7,11,25,29,62.7,Objection,48,52.8,Yes
LA100402,Mehsana,1178,884,294,861,254,5,8,74,14,86.9,Acquisition,18,24.96,Yes
LA100403,Panchmahal,514,274,240,460,138,5,10,61,6,70.4,Acquisition,13,46.69,No
LA100404,Kheda,1460,1215,245,996,133,7,12,45,16,80.8,Acquisition,33,16.78,Yes
LA100405,Banaskantha,774,574,200,811,309,2,5,0,19,85.1,Handover,46,25.84,No
LA100406,Banaskantha,776,435,341,936,340,1,9,0,12,81.8,Compensation,6,43.94,Yes
LA100407,Mehsana,679,235,444,590,104,7,9,19,10,45.7,Objection,0,65.39,Yes
LA100408,Patan,258,112,146,180,74,3,10,29,11,58.5,Compensation,31,56.59,Yes
LA100409,Rajkot,1405,1181,224,1059,364,3,7,25,17,91.1,Handover,0,15.94,No
LA100410,Kheda,70,46,24,90,20,1,5,0,4,80.5,Acquisition,0,34.29,Yes
LA100411,Mehsana,302,129,173,239,101,4,5,0,4,61.8,Objection,4,57.28,No
LA100412,Banaskantha,383,307,76,478,92,4,8,0,7,82.7,Handover,23,19.84,No
LA100413,Gandhinagar,455,346,109,386,168,7,4,5,14,70.2,Compensation,20,23.96,No
LA100414,Valsad,241,68,173,173,15,3,9,65,3,60.6,Notification,5,71.78,Yes
LA100415,Gandhinagar,76,49,27,92,25,1,8,5,8,75.7,Acquisition,17,35.53,No
LA100416,Kheda,1033,752,281,1004,196,7,9,16,13,89.2,Handover,16,27.2,Yes
LA100417,Navsari,1456,632,824,842,154,3,11,11,11,65.7,Compensation,26,56.59,Yes
LA100418,Gandhinagar,226,119,107,320,49,5,4,6,5,85.6,Acquisition,48,47.35,No
LA100419,Panchmahal,480,385,95,328,27,1,11,72,7,87.7,Handover,0,19.79,No
LA100420,Junagadh,784,372,412,681,91,4,12,95,8,65.5,Objection,0,52.55,Yes
LA100421,Rajkot,1395,779,616,1250,162,6,16,91,17,73.7,Compensation,0,44.16,Yes
LA100422,Vadodara,1057,754,303,1047,297,4,7,37,15,71.9,Acquisition,22,28.67,No
LA100423,Gandhinagar,1161,773,388,1459,82,7,13,37,19,82.6,Acquisition,112,33.42,Yes
LA100424,Patan,893,581,312,496,346,3,13,31,15,81.6,Acquisition,31,34.94,No
LA100425,Ahmedabad,655,188,467,910,118,6,6,17,10,56.2,Objection,78,71.3,Yes
LA100426,Vadodara,339,215,124,384,177,1,8,20,5,84.0,Compensation,48,36.58,No
LA100427,Bhavnagar,1304,856,448,1833,62,9,11,24,20,64.3,Compensation,128,34.36,Yes
LA100428,Valsad,1216,601,615,1563,176,4,9,4,23,57.3,Compensation,21,50.58,Yes
LA100429,Patan,86,63,23,119,41,8,8,36,4,73.0,Compensation,2,26.74,Yes
LA100430,Sabarkantha,1088,622,466,1187,589,3,13,0,14,77.7,Acquisition,41,42.83,No
LA100431,Anand,172,136,36,150,62,4,8,0,11,86.5,Acquisition,12,20.93,No
LA100432,Gandhinagar,1122,786,336,1064,535,6,10,7,13,72.2,Compensation,18,29.95,Yes
LA100433,Bharuch,1248,908,340,1426,213,5,12,0,18,78.9,Acquisition,6,27.24,No
LA100434,Sabarkantha,240,215,25,224,80,3,3,0,9,85.3,Handover,9,10.42,No
LA100435,Jamnagar,679,396,283,821,394,4,14,14,12,67.3,Objection,10,41.68,Yes
LA100436,Bhavnagar,229,140,89,145,60,3,7,42,7,73.8,Compensation,17,38.86,No
LA100437,Rajkot,873,178,695,1132,572,6,12,40,22,57.9,Notification,29,79.61,Yes
LA100438,Navsari,1395,908,487,1024,210,2,10,0,21,73.4,Acquisition,17,34.91,No
LA100439,Ahmedabad,167,144,23,234,34,3,5,60,5,91.1,Handover,7,13.77,No
LA100440,Gandhinagar,626,546,80,432,78,2,11,33,9,87.0,Handover,49,12.78,No
LA100441,Bharuch,1461,637,824,973,317,4,16,26,14,64.8,Objection,88,56.4,Yes
LA100442,Gandhinagar,486,383,103,622,101,10,6,27,17,90.0,Handover,11,21.19,No
LA100443,Bharuch,241,87,154,310,56,5,10,30,11,65.1,Compensation,15,63.9,Yes
LA100444,Bhavnagar,758,305,453,921,130,2,8,12,6,69.2,Objection,91,59.76,Yes
LA100445,Rajkot,787,582,205,1113,210,7,9,39,20,80.6,Handover,34,26.05,No
LA100446,Surat,1011,696,315,802,362,5,9,0,13,69.1,Compensation,10,31.16,No
LA100447,Jamnagar,505,399,106,653,105,2,14,15,11,78.0,Acquisition,61,20.99,No
LA100448,Anand,1436,807,629,1245,480,5,10,16,23,65.1,Acquisition,22,43.8,Yes
LA100449,Kheda,806,622,184,833,133,6,4,124,11,69.5,Handover,8,22.83,Yes
LA100450,Mehsana,465,289,176,442,191,6,9,8,3,78.2,Acquisition,4,37.85,Yes
LA100451,Navsari,1443,1193,250,801,207,9,8,18,17,85.1,Handover,41,17.33,Yes
LA100452,Valsad,1391,580,811,1484,436,1,7,19,20,67.9,Acquisition,16,58.3,Yes
LA100453,Gandhinagar,774,280,494,946,708,4,10,24,13,79.5,Compensation,19,63.82,Yes
LA100454,Patan,86,60,26,61,34,5,15,25,3,86.3,Acquisition,0,30.23,No
LA100455,Vadodara,916,663,253,1272,333,4,5,0,19,85.0,Acquisition,6,27.62,No
LA100456,Amreli,855,607,248,878,52,7,12,0,17,80.5,Compensation,44,29.01,No
LA100457,Amreli,265,149,116,188,35,4,11,48,7,70.8,Compensation,7,43.77,Yes
LA100458,Valsad,969,812,157,1096,375,7,9,67,15,91.0,Handover,60,16.2,No
LA100459,Mehsana,1269,869,400,917,621,5,14,70,18,64.4,Compensation,21,31.52,Yes
LA100460,Anand,203,157,46,123,40,6,6,3,5,81.6,Acquisition,25,22.66,No
LA100461,Sabarkantha,1099,644,455,1282,472,1,6,34,23,78.3,Compensation,0,41.4,Yes
LA100462,Navsari,253,66,187,164,36,2,7,99,6,64.4,Objection,17,73.91,Yes
LA100463,Amreli,1136,520,616,733,355,5,7,0,12,69.4,Compensation,0,54.23,No
LA100464,Surat,658,348,310,800,538,6,7,16,18,53.8,Compensation,26,47.11,Yes
LA100465,Mehsana,59,44,15,35,14,5,6,86,5,90.0,Acquisition,11,25.42,No
LA100466,Bhavnagar,1452,1169,283,1857,100,11,9,13,31,85.1,Acquisition,0,19.49,Yes
LA100467,Anand,290,122,168,367,78,4,5,49,13,50.2,Objection,21,57.93,Yes
LA100468,Sabarkantha,914,658,256,619,174,6,9,0,9,84.0,Acquisition,34,28.01,No
LA100469,Panchmahal,313,239,74,318,66,2,11,10,5,88.4,Handover,29,23.64,No
LA100470,Valsad,1403,576,827,894,321,7,11,33,15,61.3,Objection,3,58.95,Yes
LA100471,Junagadh,1121,1099,22,1255,140,5,7,18,17,87.4,Handover,24,1.96,No
LA100472,Gandhinagar,1217,552,665,738,358,5,12,20,13,67.9,Objection,2,54.64,Yes
LA100473,Bharuch,676,568,108,946,299,4,6,22,15,84.3,Handover,30,15.98,No
LA100474,Banaskantha,728,637,91,537,128,2,15,34,9,90.1,Acquisition,31,12.5,No
LA100475,Navsari,970,796,174,1130,623,8,7,0,14,87.1,Acquisition,0,17.94,Yes
LA100476,Ahmedabad,1188,839,349,791,315,10,6,10,9,83.4,Compensation,0,29.38,Yes
LA100477,Bharuch,1278,791,487,944,107,6,11,3,16,87.8,Acquisition,7,38.11,Yes
LA100478,Gandhinagar,75,39,36,72,9,1,11,0,2,76.2,Objection,23,48.0,No
LA100479,Jamnagar,1012,634,378,1079,515,4,12,34,19,82.1,Compensation,15,37.35,Yes
LA100480,Navsari,208,152,56,301,121,6,7,0,8,81.2,Acquisition,53,26.92,No
LA100481,Navsari,467,219,248,268,40,2,3,40,7,52.5,Compensation,35,53.1,No
LA100482,Vadodara,1253,882,371,690,269,3,7,1,10,79.2,Acquisition,2,29.61,No
LA100483,Bhavnagar,413,281,132,357,217,3,8,3,7,77.5,Acquisition,47,31.96,No
LA100484,Kheda,1206,756,450,1061,121,2,8,43,14,65.5,Compensation,32,37.31,Yes
LA100485,Bhavnagar,721,131,590,970,282,4,19,16,18,53.4,Objection,0,81.83,Yes
LA100486,Bharuch,387,145,242,531,235,2,2,13,6,72.2,Compensation,44,62.53,No
LA100487,Sabarkantha,534,267,267,717,201,5,8,19,15,77.6,Compensation,28,50.0,Yes
LA100488,Sabarkantha,820,622,198,557,176,4,10,12,13,78.6,Acquisition,12,24.15,Yes
LA100489,Ahmedabad,1160,575,585,1068,413,3,10,14,17,81.4,Acquisition,29,50.43,Yes
LA100490,Anand,929,738,191,1135,146,4,11,3,21,90.4,Handover,80,20.56,No
LA100491,Bhavnagar,1404,783,621,1167,281,9,11,5,21,77.0,Compensation,3,44.23,Yes
LA100492,Patan,1309,699,610,1501,1080,5,17,11,19,65.1,Compensation,0,46.6,Yes
LA100493,Patan,1143,935,208,873,60,9,8,4,18,93.8,Handover,4,18.2,No
LA100494,Ahmedabad,925,453,472,778,262,5,12,56,14,60.2,Compensation,21,51.03,Yes
LA100495,Patan,470,283,187,622,205,2,5,19,8,76.5,Acquisition,23,39.79,No
LA100496,Anand,648,351,297,502,130,2,9,0,11,60.8,Objection,50,45.83,Yes
LA100497,Panchmahal,222,200,22,315,67,5,6,4,2,86.5,Handover,38,9.91,No
LA100498,Navsari,592,483,109,489,70,3,6,62,11,80.8,Acquisition,20,18.41,No
LA100499,Mehsana,1394,719,675,796,389,2,8,14,13,68.2,Objection,7,48.42,Yes
LA100500,Panchmahal,667,412,255,520,114,4,6,23,5,82.1,Acquisition,16,38.23,No
LA100501,Morbi,215,146,69,151,6,5,7,0,3,77.8,Acquisition,4,32.09,No
LA100502,Kheda,995,933,62,1001,275,4,6,32,16,85.4,Handover,57,6.23,Yes
LA100503,Patan,1446,1131,315,942,525,6,6,50,8,89.7,Handover,15,21.78,No
LA100504,Valsad,1308,1017,291,1456,435,6,17,25,21,81.1,Acquisition,0,22.25,Yes
LA100505,Kheda,447,306,141,598,95,3,5,34,14,73.2,Compensation,45,31.54,No
LA100506,Bhavnagar,708,616,92,620,121,4,9,13,8,90.2,Handover,11,12.99,No
LA100507,Kheda,820,680,140,575,140,6,9,0,8,81.9,Acquisition,62,17.07,No
LA100508,Banaskantha,409,206,203,372,85,2,10,8,7,75.7,Compensation,52,49.63,Yes
LA100509,Anand,439,278,161,552,111,3,8,69,11,84.5,Acquisition,0,36.67,No
LA100510,Jamnagar,393,248,145,425,125,1,10,55,2,74.9,Acquisition,9,36.9,No
LA100511,Junagadh,1493,1144,349,957,340,6,12,5,23,76.5,Acquisition,21,23.38,Yes
LA100512,Junagadh,1132,704,428,1170,527,4,11,27,20,63.3,Compensation,105,37.81,Yes
LA100513,Navsari,1270,686,584,1234,208,9,15,16,15,67.5,Compensation,0,45.98,Yes
LA100514,Amreli,1234,708,526,1042,398,3,10,71,14,61.0,Compensation,15,42.63,Yes
LA100515,Panchmahal,1441,901,540,935,122,1,7,45,17,78.7,Compensation,63,37.47,Yes
LA100516,Morbi,202,108,94,289,91,1,7,31,10,74.0,Compensation,69,46.53,No
LA100517,Navsari,1329,598,731,942,221,3,13,0,12,71.0,Compensation,0,55.0,No
LA100518,Surat,146,91,55,106,17,3,8,30,3,75.9,Acquisition,0,37.67,No
LA100519,Ahmedabad,739,572,167,503,20,3,4,25,8,91.6,Acquisition,11,22.6,Yes
LA100520,Patan,912,663,249,970,189,7,6,68,10,75.0,Compensation,45,27.3,No
LA100521,Rajkot,569,441,128,540,91,3,7,39,5,83.5,Acquisition,0,22.5,No
LA100522,Panchmahal,262,208,54,203,99,5,6,8,4,89.9,Acquisition,0,20.61,Yes
LA100523,Valsad,329,260,69,308,52,7,7,22,7,89.3,Acquisition,74,20.97,No
LA100524,Navsari,1246,917,329,1441,775,6,14,42,24,88.8,Handover,44,26.4,Yes
LA100525,Valsad,512,189,323,411,161,1,7,80,11,67.7,Objection,15,63.09,Yes
LA100526,Bhavnagar,500,252,248,687,236,3,11,20,7,74.6,Compensation,29,49.6,No
LA100527,Patan,1389,1106,283,1147,248,4,6,40,17,83.3,Acquisition,1,20.37,Yes
LA100528,Gandhinagar,258,108,150,188,52,3,11,13,12,57.4,Objection,8,58.14,Yes
LA100529,Sabarkantha,1378,723,655,1942,378,8,6,13,33,77.7,Objection,9,47.53,Yes
LA100530,Jamnagar,1386,1275,111,1773,796,8,9,17,25,89.3,Handover,18,8.01,No
LA100531,Bharuch,918,839,79,788,227,4,6,25,18,85.7,Acquisition,23,8.61,No
LA100532,Morbi,290,193,97,379,44,5,4,46,10,67.4,Acquisition,15,33.45,Yes
LA100533,Valsad,276,167,109,281,83,2,7,29,4,69.1,Compensation,5,39.49,No
LA100534,Morbi,463,284,179,399,51,5,6,13,13,71.1,Compensation,43,38.66,No
LA100535,Surat,887,612,275,1158,666,4,6,18,29,81.0,Acquisition,35,31.0,Yes
LA100536,Banaskantha,272,192,80,334,127,7,5,27,8,80.7,Handover,6,29.41,No
LA100537,Gandhinagar,711,343,368,582,77,2,7,4,14,56.1,Compensation,15,51.76,No
LA100538,Vadodara,217,123,94,238,30,1,8,20,12,63.2,Compensation,11,43.32,No
LA100539,Banaskantha,833,425,408,735,163,4,8,23,12,60.2,Objection,29,48.98,No
LA100540,Junagadh,80,26,54,44,7,5,6,14,3,77.6,Compensation,2,67.5,No
LA100541,Morbi,1078,880,198,1526,769,4,8,22,17,81.8,Acquisition,0,18.37,No
LA100542,Bhavnagar,130,51,79,136,11,1,10,46,4,51.9,Compensation,1,60.77,No
LA100543,Morbi,332,173,159,361,73,8,5,44,5,77.7,Compensation,0,47.89,No
LA100544,Ahmedabad,303,179,124,330,53,1,9,24,17,69.8,Objection,31,40.92,No
LA100545,Navsari,1255,851,404,1312,629,2,15,33,25,76.9,Acquisition,12,32.19,No
LA100546,Valsad,127,60,67,103,46,3,4,20,7,75.0,Compensation,0,52.76,No
LA100547,Bharuch,672,400,272,957,520,3,11,2,11,78.0,Compensation,0,40.48,No
LA100548,Junagadh,907,260,647,1006,435,6,10,83,17,54.0,Notification,5,71.33,Yes
LA100549,Gandhinagar,798,509,289,921,144,8,7,30,13,84.9,Compensation,0,36.22,No
LA100550,Amreli,1037,907,130,995,109,7,10,57,22,92.5,Handover,5,12.54,No
LA100551,Bhavnagar,1215,463,752,983,497,0,11,80,22,58.2,Compensation,27,61.89,Yes
LA100552,Panchmahal,621,512,109,378,93,7,3,21,7,92.2,Handover,60,17.55,Yes
LA100553,Morbi,1251,652,599,1082,470,4,11,16,10,58.6,Compensation,69,47.88,Yes
LA100554,Anand,511,337,174,362,172,4,8,0,10,82.0,Acquisition,26,34.05,No
LA100555,Morbi,1478,1251,227,1694,373,8,5,0,21,88.0,Handover,0,15.36,No
LA100556,Bharuch,782,406,376,1049,273,10,12,0,11,52.8,Compensation,0,48.08,No
LA100557,Banaskantha,1117,936,181,919,270,1,5,27,8,86.6,Acquisition,0,16.2,No
LA100558,Junagadh,1319,1131,188,1121,282,7,9,5,18,90.6,Handover,40,14.25,Yes
LA100559,Sabarkantha,1200,845,355,1384,107,5,10,12,21,74.3,Acquisition,40,29.58,Yes
LA100560,Ahmedabad,1284,917,367,879,265,3,9,70,18,79.4,Acquisition,8,28.58,No
LA100561,Bhavnagar,828,564,264,1148,181,4,8,10,13,72.2,Acquisition,27,31.88,No
LA100562,Bharuch,113,64,49,99,31,4,7,16,2,80.3,Compensation,18,43.36,No
LA100563,Mehsana,765,595,170,490,141,11,10,2,8,89.5,Acquisition,16,22.22,No
LA100564,Bharuch,313,217,96,221,67,3,7,25,6,77.6,Acquisition,15,30.67,No
LA100565,Mehsana,1340,677,663,1862,313,4,11,0,28,64.6,Objection,29,49.48,Yes
LA100566,Sabarkantha,393,385,8,304,200,2,10,1,9,93.2,Handover,22,2.04,No
LA100567,Valsad,380,238,142,435,112,3,11,44,6,76.8,Acquisition,1,37.37,No
LA100568,Bhavnagar,411,222,189,284,112,3,5,45,8,83.5,Acquisition,19,45.99,No
LA100569,Kheda,982,550,432,712,215,4,9,0,20,68.4,Objection,10,43.99,No
LA100570,Ahmedabad,878,674,204,1178,328,4,9,46,18,80.3,Acquisition,35,23.23,Yes
LA100571,Jamnagar,1426,772,654,974,355,1,7,80,16,75.2,Compensation,63,45.86,Yes
LA100572,Bharuch,653,462,191,370,212,1,13,97,5,82.7,Acquisition,48,29.25,Yes
LA100573,Panchmahal,459,282,177,460,30,3,11,24,17,74.5,Acquisition,12,38.56,Yes
LA100574,Morbi,121,53,68,161,40,4,9,65,4,58.4,Objection,0,56.2,Yes
LA100575,Mehsana,60,37,23,51,2,6,5,20,4,79.7,Compensation,24,38.33,No
LA100576,Amreli,592,473,119,394,117,3,7,27,10,80.8,Handover,7,20.1,No
LA100577,Junagadh,1393,1231,162,1998,1092,7,12,19,25,78.7,Acquisition,29,11.63,No
LA100578,Bhavnagar,809,407,402,938,239,2,8,18,18,71.4,Compensation,10,49.69,Yes
LA100579,Mehsana,1346,700,646,1771,530,8,8,28,31,77.2,Compensation,11,47.99,Yes
LA100580,Mehsana,197,142,55,242,106,1,7,0,4,87.4,Acquisition,30,27.92,No
LA100581,Junagadh,185,169,16,218,110,2,10,30,7,88.5,Handover,117,8.65,No
LA100582,Banaskantha,1259,750,509,1128,283,6,11,12,17,74.5,Compensation,26,40.43,Yes
LA100583,Jamnagar,204,121,83,172,62,4,7,30,4,68.5,Acquisition,53,40.69,Yes
LA100584,Sabarkantha,125,65,60,149,34,2,8,48,6,73.5,Compensation,54,48.0,No
LA100585,Bhavnagar,636,456,180,760,119,7,9,1,9,66.9,Compensation,71,28.3,No
LA100586,Navsari,1391,971,420,1955,205,8,7,12,30,84.2,Acquisition,45,30.19,No
LA100587,Surat,1050,828,222,1115,650,2,5,23,20,87.5,Handover,15,21.14,No
LA100588,Bharuch,193,81,112,157,65,3,9,0,5,63.5,Objection,54,58.03,Yes
LA100589,Bharuch,1264,742,522,1252,606,10,8,47,14,79.5,Compensation,11,41.3,Yes
LA100590,Patan,1274,749,525,1404,345,6,8,9,25,71.5,Acquisition,0,41.21,No
LA100591,Patan,1211,843,368,1131,535,6,10,6,22,80.4,Compensation,46,30.39,Yes
LA100592,Surat,1359,1080,279,1715,288,12,6,0,27,82.5,Acquisition,8,20.53,Yes
LA100593,Sabarkantha,398,182,216,428,201,3,6,27,10,75.0,Acquisition,24,54.27,Yes
LA100594,Navsari,1471,1046,425,822,177,6,10,23,16,91.4,Acquisition,35,28.89,No
LA100595,Jamnagar,515,337,178,547,148,3,6,30,12,83.9,Compensation,19,34.56,No
LA100596,Bhavnagar,1213,832,381,1359,105,2,9,16,35,79.3,Acquisition,44,31.41,No
LA100597,Rajkot,890,368,522,1223,610,6,5,0,19,65.8,Objection,27,58.65,Yes
LA100598,Bharuch,1181,853,328,1089,310,5,6,25,25,84.6,Acquisition,37,27.77,No
LA100599,Navsari,960,625,335,1024,135,6,14,26,16,83.1,Acquisition,49,34.9,Yes
LA100600,Patan,982,761,221,960,369,9,7,42,16,89.8,Handover,8,22.51,Yes
LA100601,Valsad,944,634,310,971,183,8,9,10,16,86.2,Handover,0,32.84,No
LA100602,Gandhinagar,1180,363,817,720,127,2,12,130,15,55.1,Notification,14,69.24,Yes
LA100603,Bhavnagar,1122,881,241,1523,749,5,7,17,22,86.9,Acquisition,0,21.48,No
LA100604,Sabarkantha,245,208,37,335,47,5,7,4,12,85.3,Acquisition,43,15.1,No
LA100605,Junagadh,1248,369,879,1302,300,2,15,43,24,37.3,Objection,18,70.43,Yes
LA100606,Bhavnagar,827,676,151,869,178,3,7,78,12,82.3,Compensation,0,18.26,Yes
LA100607,Bharuch,518,352,166,312,37,3,10,0,10,68.5,Acquisition,12,32.05,No
LA100608,Panchmahal,796,554,242,866,119,6,10,26,16,82.8,Acquisition,25,30.4,No
LA100609,Ahmedabad,1453,1001,452,1360,511,5,8,0,24,63.6,Acquisition,20,31.11,No
LA100610,Vadodara,1294,708,586,1537,211,3,13,5,24,60.8,Compensation,33,45.29,No
LA100611,Morbi,1259,877,382,746,192,8,9,2,15,90.1,Compensation,16,30.34,No
LA100612,Surat,721,510,211,858,246,8,6,27,19,88.5,Handover,17,29.26,Yes
LA100613,Anand,1187,760,427,959,341,4,10,33,12,74.9,Compensation,54,35.97,Yes
LA100614,Gandhinagar,608,429,179,691,247,6,6,52,10,74.2,Handover,7,29.44,Yes
LA100615,Valsad,1045,624,421,1165,351,1,6,0,16,74.4,Compensation,0,40.29,No
LA100616,Ahmedabad,978,566,412,738,310,2,7,20,8,79.5,Compensation,2,42.13,Yes
LA100617,Bharuch,412,354,58,390,114,8,4,38,10,89.0,Acquisition,75,14.08,No
LA100618,Panchmahal,436,171,265,568,89,4,4,19,12,63.8,Objection,5,60.78,Yes
LA100619,Morbi,138,110,28,151,42,3,5,50,7,88.1,Handover,33,20.29,Yes
LA100620,Bhavnagar,252,174,78,154,46,4,7,71,7,80.6,Acquisition,28,30.95,Yes
LA100621,Mehsana,679,327,352,644,154,4,14,21,20,74.0,Compensation,37,51.84,Yes
LA100622,Amreli,743,666,77,617,254,7,8,60,13,83.4,Acquisition,38,10.36,Yes
LA100623,Surat,289,189,100,326,121,2,14,17,4,77.3,Acquisition,90,34.6,No
LA100624,Bharuch,654,324,330,721,109,1,15,20,5,73.9,Acquisition,18,50.46,No
LA100625,Valsad,926,670,256,518,26,7,9,9,13,83.4,Acquisition,24,27.65,Yes
LA100626,Patan,387,178,209,425,205,3,9,22,5,75.5,Compensation,21,54.01,Yes
LA100627,Amreli,540,394,146,654,234,5,12,5,16,81.1,Handover,0,27.04,Yes
LA100628,Morbi,583,441,142,724,125,1,8,67,13,79.0,Acquisition,18,24.36,Yes
LA100629,Junagadh,782,766,16,472,263,4,6,29,10,85.6,Handover,3,2.05,Yes
LA100630,Sabarkantha,581,360,221,478,174,7,15,14,10,73.4,Acquisition,17,38.04,Yes
LA100631,Morbi,1119,864,255,1040,298,7,6,21,12,94.3,Handover,3,22.79,No
LA100632,Sabarkantha,525,308,217,374,73,3,9,34,6,69.5,Compensation,0,41.33,No
LA100633,Mehsana,679,565,114,631,207,4,8,15,13,80.6,Acquisition,0,16.79,No
LA100634,Vadodara,600,492,108,368,202,0,9,30,7,88.1,Acquisition,22,18.0,Yes
LA100635,Morbi,315,257,58,205,94,3,8,19,6,84.8,Handover,52,18.41,No
LA100636,Junagadh,1045,753,292,1204,358,6,8,34,21,76.6,Acquisition,6,27.94,No
LA100637,Rajkot,391,279,112,307,70,6,5,5,8,78.3,Acquisition,7,28.64,No
LA100638,Vadodara,480,328,152,571,127,5,2,7,5,93.0,Handover,28,31.67,No
LA100639,Junagadh,1200,483,717,712,175,5,9,43,22,67.8,Objection,12,59.75,Yes
LA100640,Patan,1426,862,564,1506,1075,5,13,25,24,87.4,Acquisition,15,39.55,Yes
LA100641,Gandhinagar,1023,625,398,923,215,4,9,2,17,84.5,Compensation,27,38.91,No
LA100642,Junagadh,1379,899,480,1748,341,5,10,47,31,87.2,Acquisition,32,34.81,Yes
LA100643,Navsari,1289,1128,161,1618,750,6,8,22,16,80.7,Acquisition,25,12.49,No
LA100644,Mehsana,747,512,235,663,208,2,9,42,15,86.8,Acquisition,14,31.46,Yes
LA100645,Mehsana,1167,837,330,1296,618,5,10,80,18,82.4,Acquisition,29,28.28,Yes
LA100646,Sabarkantha,526,423,103,397,198,4,6,13,6,93.5,Handover,0,19.58,No
LA100647,Kheda,718,386,332,770,119,3,10,29,12,65.1,Compensation,30,46.24,Yes
LA100648,Anand,826,670,156,515,109,1,3,11,7,91.2,Handover,64,18.89,No
LA100649,Vadodara,1443,928,515,1358,68,4,13,14,18,88.0,Acquisition,18,35.69,Yes
LA100650,Navsari,1281,710,571,915,98,8,11,0,14,62.9,Compensation,78,44.57,Yes
LA100651,Morbi,759,541,218,1021,140,6,6,5,20,89.1,Acquisition,19,28.72,No
LA100652,Patan,996,485,511,947,145,4,10,39,21,68.7,Objection,58,51.31,Yes
LA100653,Mehsana,343,220,123,371,91,4,6,0,13,79.1,Acquisition,28,35.86,No
LA100654,Kheda,1217,893,324,1064,452,6,15,4,20,77.4,Acquisition,29,26.62,Yes
LA100655,Anand,852,400,452,690,217,1,9,11,14,66.3,Compensation,9,53.05,No
LA100656,Morbi,822,550,272,602,165,5,11,2,11,78.0,Handover,0,33.09,No
LA100657,Surat,1161,621,540,1591,570,4,16,3,19,62.9,Compensation,23,46.51,No
LA100658,Panchmahal,968,665,303,1229,254,5,6,23,22,78.2,Acquisition,0,31.3,No
LA100659,Vadodara,155,125,30,104,26,3,3,26,6,89.6,Acquisition,45,19.35,No
LA100660,Bharuch,468,225,243,572,341,4,8,138,12,74.5,Compensation,6,51.92,Yes
LA100661,Banaskantha,306,219,87,284,107,2,8,95,4,82.0,Acquisition,20,28.43,No
LA100662,Ahmedabad,1116,735,381,629,153,6,5,34,3,86.3,Acquisition,10,34.14,No
LA100663,Vadodara,100,61,39,103,23,4,7,32,4,89.8,Acquisition,22,39.0,Yes
LA100664,Sabarkantha,343,119,224,229,57,5,4,79,6,53.6,Notification,6,65.31,Yes
LA100665,Banaskantha,916,438,478,677,123,4,7,3,8,66.2,Compensation,16,52.18,No
LA100666,Patan,1058,982,76,1245,582,8,6,21,12,75.5,Handover,10,7.18,Yes
LA100667,Bharuch,780,493,287,610,61,2,4,36,12,66.6,Handover,51,36.79,No
LA100668,Amreli,1298,979,319,1756,203,9,3,7,25,79.5,Acquisition,3,24.58,Yes
LA100669,Mehsana,1383,872,511,1579,445,8,11,23,20,79.1,Compensation,76,36.95,Yes
LA100670,Patan,241,120,121,313,84,2,10,49,7,65.1,Objection,27,50.21,No
LA100671,Amreli,1432,1297,135,1580,527,9,4,99,21,77.0,Handover,16,9.43,Yes
LA100672,Gandhinagar,941,528,413,1253,258,5,7,10,14,74.8,Compensation,0,43.89,No
LA100673,Anand,973,787,186,852,239,8,8,40,18,89.3,Handover,30,19.12,No
LA100674,Jamnagar,187,134,53,195,25,2,5,0,2,66.3,Acquisition,14,28.34,No
LA100675,Anand,952,464,488,966,161,3,12,4,15,68.9,Acquisition,38,51.26,Yes
LA100676,Sabarkantha,1103,824,279,1504,192,1,8,1,33,84.6,Acquisition,0,25.29,No
LA100677,Sabarkantha,892,538,354,623,52,1,9,6,7,73.0,Compensation,23,39.69,No
LA100678,Amreli,172,59,113,184,90,2,8,43,8,57.2,Objection,24,65.7,Yes
LA100679,Mehsana,809,456,353,994,319,4,15,20,27,62.2,Acquisition,51,43.63,Yes
LA100680,Panchmahal,1408,691,717,1243,290,3,14,33,29,72.8,Compensation,15,50.92,Yes
LA100681,Sabarkantha,1099,933,166,1463,528,9,11,1,24,88.2,Handover,10,15.1,Yes
LA100682,Jamnagar,249,163,86,221,70,6,7,71,4,73.6,Objection,78,34.54,Yes
LA100683,Kheda,1442,705,737,1018,98,3,11,27,21,54.2,Compensation,47,51.11,Yes
LA100684,Junagadh,1441,951,490,1550,788,4,9,37,24,79.8,Acquisition,29,34.0,Yes
LA100685,Bhavnagar,295,195,100,274,92,4,6,16,6,74.5,Acquisition,72,33.9,Yes
LA100686,Gandhinagar,1212,1121,91,683,112,2,8,9,7,92.9,Acquisition,17,7.51,No
LA100687,Navsari,640,326,314,392,67,4,14,3,11,77.2,Compensation,58,49.06,Yes
LA100688,Rajkot,911,585,326,661,317,6,10,57,17,87.5,Acquisition,42,35.78,Yes
LA100689,Patan,695,520,175,863,60,7,10,72,6,80.8,Handover,0,25.18,No
LA100690,Junagadh,1185,775,410,1603,347,7,11,0,22,70.0,Acquisition,47,34.6,Yes
LA100691,Morbi,1496,855,641,1557,297,9,11,15,35,68.7,Acquisition,6,42.85,Yes
LA100692,Jamnagar,1203,845,358,776,405,4,7,42,22,73.5,Acquisition,38,29.76,Yes
LA100693,Jamnagar,1401,610,791,1444,436,11,8,34,17,60.8,Compensation,59,56.46,Yes
LA100694,Ahmedabad,1422,1177,245,1877,294,8,7,45,29,81.8,Acquisition,10,17.23,Yes
LA100695,Mehsana,180,91,89,220,111,2,6,0,5,64.5,Acquisition,0,49.44,Yes
LA100696,Patan,417,305,112,339,34,5,8,48,7,91.6,Acquisition,4,26.86,No
LA100697,Kheda,1097,748,349,726,370,5,9,8,9,67.0,Acquisition,1,31.81,Yes
LA100698,Surat,906,661,245,1233,376,5,9,5,15,76.9,Acquisition,28,27.04,Yes
LA100699,Kheda,122,77,45,161,68,5,14,41,8,79.9,Compensation,44,36.89,No
LA100700,Surat,187,123,64,112,25,5,12,32,5,81.7,Acquisition,23,34.22,No
LA100701,Panchmahal,805,385,420,1040,410,0,4,0,22,55.9,Compensation,0,52.17,Yes
LA100702,Panchmahal,944,503,441,602,137,6,10,0,9,75.6,Compensation,23,46.72,Yes
LA100703,Bhavnagar,293,154,139,178,36,3,10,16,6,62.9,Compensation,25,47.44,No
LA100704,Kheda,298,203,95,367,26,2,6,1,7,81.5,Acquisition,11,31.88,No
LA100705,Jamnagar,237,166,71,245,55,3,5,8,6,79.6,Compensation,88,29.96,No
LA100706,Patan,869,408,461,802,392,3,10,20,14,79.1,Objection,38,53.05,Yes
LA100707,Jamnagar,61,31,30,83,17,2,11,4,2,72.3,Compensation,4,49.18,No
LA100708,Banaskantha,880,542,338,1149,172,4,5,51,24,71.7,Compensation,22,38.41,No
LA100709,Ahmedabad,740,688,52,445,284,3,6,59,10,93.1,Handover,4,7.03,No
LA100710,Patan,726,503,223,802,245,5,11,12,15,82.3,Acquisition,11,30.72,Yes
LA100711,Banaskantha,1035,663,372,1289,76,4,12,6,26,69.7,Acquisition,26,35.94,No
LA100712,Bharuch,808,232,576,845,328,6,11,35,13,57.5,Objection,20,71.29,Yes
LA100713,Bharuch,1105,696,409,1585,1211,5,12,2,22,79.4,Acquisition,0,37.01,Yes
LA100714,Bhavnagar,1158,553,605,1352,558,5,11,0,22,58.8,Objection,41,52.25,Yes
LA100715,Banaskantha,1385,855,530,892,237,2,15,12,16,74.7,Compensation,4,38.27,Yes
LA100716,Rajkot,1209,880,329,881,249,3,8,81,13,77.3,Compensation,11,27.21,Yes
LA100717,Morbi,801,495,306,1036,339,2,12,92,22,76.5,Compensation,6,38.2,Yes
LA100718,Kheda,764,504,260,1106,567,8,9,13,22,80.3,Compensation,1,34.03,Yes
LA100719,Vadodara,392,252,140,250,92,4,7,0,7,70.5,Compensation,19,35.71,No
LA100720,Valsad,920,678,242,589,68,3,10,43,15,90.0,Acquisition,22,26.3,No
LA100721,Mehsana,251,155,96,310,39,4,4,38,7,82.3,Acquisition,29,38.25,Yes
LA100722,Vadodara,1401,955,446,852,347,3,5,20,13,75.8,Compensation,4,31.83,No
LA100723,Junagadh,1276,685,591,781,319,8,11,86,19,75.6,Objection,42,46.32,Yes
LA100724,Jamnagar,223,164,59,301,93,3,4,37,6,71.8,Objection,41,26.46,No
LA100725,Amreli,1190,434,756,1512,181,7,15,4,15,67.9,Objection,13,63.53,No
LA100726,Vadodara,219,168,51,294,169,4,4,9,13,90.7,Acquisition,95,23.29,Yes
LA100727,Patan,1096,966,130,1244,715,4,5,24,20,83.4,Acquisition,3,11.86,Yes
LA100728,Mehsana,177,116,61,149,12,4,7,36,7,59.7,Acquisition,29,34.46,No
LA100729,Bhavnagar,758,495,263,1035,392,5,5,0,15,78.3,Acquisition,21,34.7,No
LA100730,Surat,1004,672,332,822,92,7,6,3,12,68.8,Acquisition,75,33.07,No
LA100731,Jamnagar,1107,954,153,883,166,11,9,13,10,89.4,Acquisition,0,13.82,No
LA100732,Valsad,657,448,209,885,248,2,8,4,19,84.5,Acquisition,8,31.81,No
LA100733,Panchmahal,1387,831,556,1613,520,2,14,20,28,68.2,Acquisition,36,40.09,Yes
LA100734,Surat,1173,808,365,1591,317,8,6,42,34,88.6,Acquisition,9,31.12,Yes
LA100735,Anand,352,210,142,243,71,3,3,46,7,86.5,Acquisition,0,40.34,No
LA100736,Gandhinagar,1023,858,165,1439,432,10,9,56,27,89.8,Acquisition,16,16.13,No
LA100737,Valsad,1110,723,387,1223,355,2,15,64,14,72.1,Acquisition,14,34.86,Yes
LA100738,Patan,534,278,256,615,123,2,7,10,13,76.2,Compensation,15,47.94,No
LA100739,Sabarkantha,1121,810,311,1539,470,9,6,0,23,85.1,Acquisition,21,27.74,No
LA100740,Bharuch,1353,724,629,1208,378,4,13,17,17,77.5,Compensation,8,46.49,No
LA100741,Bharuch,1235,838,397,1479,556,6,8,12,26,84.0,Acquisition,5,32.15,Yes
LA100742,Vadodara,1156,613,543,1302,429,5,13,8,19,70.2,Compensation,1,46.97,No
LA100743,Vadodara,970,764,206,1221,491,6,7,19,18,82.9,Acquisition,3,21.24,No
LA100744,Surat,442,291,151,600,24,5,7,0,15,82.5,Acquisition,14,34.16,No
LA100745,Amreli,1203,574,629,1398,688,4,9,0,35,72.9,Compensation,25,52.29,Yes
LA100746,Bharuch,578,514,64,353,201,3,9,0,8,83.4,Handover,2,11.07,No
LA100747,Navsari,822,460,362,588,108,4,5,8,16,64.3,Compensation,0,44.04,No
LA100748,Jamnagar,506,362,144,713,393,6,8,85,8,74.9,Acquisition,48,28.46,Yes
LA100749,Mehsana,504,370,134,717,93,1,6,31,11,79.2,Acquisition,0,26.59,No
LA100750,Surat,278,247,31,395,50,6,9,9,16,90.2,Acquisition,20,11.15,No
LA100751,Surat,1444,1142,302,842,150,2,7,73,15,86.0,Acquisition,17,20.91,No
LA100752,Patan,264,173,91,236,86,2,8,0,7,73.2,Compensation,40,34.47,Yes
LA100753,Patan,175,98,77,216,47,3,7,26,5,67.6,Acquisition,14,44.0,No
LA100754,Rajkot,1408,845,563,1728,783,6,10,2,23,76.6,Compensation,4,39.99,Yes
LA100755,Ahmedabad,855,604,251,536,124,4,7,61,13,74.2,Acquisition,60,29.36,Yes
LA100756,Jamnagar,685,408,277,752,76,1,8,23,12,74.6,Acquisition,0,40.44,Yes
LA100757,Sabarkantha,1120,638,482,760,218,6,6,0,13,68.7,Compensation,65,43.04,Yes
LA100758,Banaskantha,606,507,99,602,324,4,7,35,19,90.8,Handover,0,16.34,No
LA100759,Sabarkantha,235,193,42,180,61,4,10,15,11,88.6,Handover,15,17.87,No
LA100760,Jamnagar,1108,759,349,662,126,1,10,19,7,89.6,Acquisition,34,31.5,No
LA100761,Valsad,305,93,212,190,27,3,9,111,8,43.6,Notification,13,69.51,Yes
LA100762,Surat,852,490,362,1167,145,5,11,19,24,79.6,Compensation,24,42.49,No
LA100763,Kheda,1427,1012,415,1741,878,3,13,38,21,80.9,Compensation,5,29.08,No
LA100764,Sabarkantha,1408,1064,344,1955,647,7,7,0,24,79.7,Acquisition,64,24.43,Yes
LA100765,Morbi,573,534,39,558,97,3,10,19,11,86.5,Handover,64,6.81,No
LA100766,Panchmahal,1182,575,607,1090,198,7,12,59,20,56.9,Objection,0,51.35,Yes
LA100767,Kheda,938,803,135,818,60,2,6,4,12,88.1,Acquisition,0,14.39,No
LA100768,Navsari,745,331,414,823,275,6,9,4,13,68.3,Compensation,12,55.57,Yes
LA100769,Banaskantha,253,206,47,219,52,1,7,8,2,87.2,Acquisition,42,18.58,No
LA100770,Kheda,596,334,262,728,308,4,12,7,17,79.1,Acquisition,40,43.96,Yes
LA100771,Banaskantha,995,817,178,1265,640,7,6,0,12,81.8,Acquisition,42,17.89,Yes
LA100772,Valsad,1481,976,505,1982,1029,5,11,38,27,87.7,Acquisition,18,34.1,Yes
LA100773,Ahmedabad,57,30,27,44,7,4,7,46,6,74.0,Objection,0,47.37,No
LA100774,Bharuch,1091,801,290,1118,175,3,8,28,21,77.9,Acquisition,13,26.58,No
LA100775,Valsad,1278,1023,255,960,231,6,8,48,12,75.5,Acquisition,55,19.95,Yes
LA100776,Patan,1430,1051,379,835,405,7,6,89,13,75.2,Acquisition,5,26.5,Yes
LA100777,Banaskantha,664,347,317,788,551,0,10,30,9,68.7,Compensation,0,47.74,Yes
LA100778,Banaskantha,221,86,135,231,56,3,8,57,7,62.5,Compensation,5,61.09,No
LA100779,Vadodara,443,291,152,532,40,5,14,35,8,81.6,Acquisition,6,34.31,Yes
LA100780,Banaskantha,1284,968,316,807,237,2,12,12,9,85.5,Handover,8,24.61,No
LA100781,Surat,1323,842,481,1913,862,5,11,70,23,76.6,Compensation,0,36.36,Yes
LA100782,Bharuch,974,377,597,1407,637,8,6,76,23,62.5,Objection,20,61.29,Yes
LA100783,Surat,228,187,41,221,22,2,12,7,4,81.0,Handover,0,17.98,No
LA100784,Kheda,226,129,97,300,144,3,4,3,9,57.8,Compensation,11,42.92,No
LA100785,Jamnagar,743,721,22,572,325,5,11,30,10,89.2,Handover,2,2.96,No
LA100786,Junagadh,903,401,502,1096,138,7,7,10,11,73.5,Compensation,4,55.59,No
LA100787,Valsad,96,48,48,129,57,2,9,35,5,71.1,Compensation,8,50.0,Yes
LA100788,Valsad,1045,399,646,1341,162,3,14,41,17,50.3,Objection,0,61.82,Yes
LA100789,Amreli,840,407,433,1076,508,7,12,2,18,62.0,Compensation,25,51.55,Yes
LA100790,Bharuch,67,47,20,65,37,2,7,17,3,85.4,Compensation,0,29.85,No
LA100791,Navsari,188,77,111,242,33,2,8,10,10,63.1,Objection,14,59.04,No
LA100792,Mehsana,709,321,388,831,89,3,11,6,13,68.2,Compensation,52,54.72,Yes
LA100793,Patan,1098,1076,22,735,254,2,7,29,14,89.5,Handover,17,2.0,Yes
LA100794,Bharuch,1247,670,577,814,352,4,7,75,14,79.9,Compensation,13,46.27,Yes
LA100795,Jamnagar,675,361,314,840,201,6,9,2,10,80.8,Acquisition,24,46.52,No
LA100796,Sabarkantha,478,154,324,532,158,4,8,43,9,58.1,Notification,0,67.78,Yes
LA100797,Gandhinagar,1455,992,463,1480,606,4,11,8,20,78.3,Acquisition,0,31.82,Yes
LA100798,Patan,715,386,329,977,207,3,9,43,17,69.6,Compensation,21,46.01,Yes
LA100799,Sabarkantha,507,264,243,580,310,2,9,143,6,61.6,Acquisition,19,47.93,Yes
LA100800,Jamnagar,691,466,225,626,72,4,9,84,9,85.8,Compensation,74,32.56,Yes
LA100801,Anand,67,33,34,62,29,5,12,5,4,62.6,Objection,5,50.75,Yes
LA100802,Panchmahal,488,248,240,534,115,7,5,105,13,63.4,Objection,0,49.18,Yes
LA100803,Valsad,798,408,390,985,368,6,8,39,17,50.1,Objection,7,48.87,Yes
LA100804,Valsad,1382,1243,139,1462,244,6,6,42,30,83.7,Handover,19,10.06,No
LA100805,Junagadh,1121,807,314,1130,306,3,8,9,26,84.9,Acquisition,11,28.01,No
LA100806,Kheda,1183,929,254,1425,22,8,8,88,20,81.7,Acquisition,4,21.47,No
LA100807,Gandhinagar,840,688,152,995,310,5,6,0,12,91.1,Acquisition,24,18.1,No
LA100808,Anand,210,183,27,272,46,1,7,0,10,90.2,Acquisition,51,12.86,No
LA100809,Kheda,617,507,110,374,136,1,7,84,14,89.3,Handover,19,17.83,Yes
LA100810,Gandhinagar,1496,1187,309,1839,1159,4,11,5,23,83.5,Acquisition,25,20.66,Yes
LA100811,Ahmedabad,114,85,29,115,12,5,6,29,2,77.7,Acquisition,0,25.44,No
LA100812,Rajkot,1325,753,572,818,138,2,14,4,15,65.8,Acquisition,16,43.17,No
LA100813,Valsad,1043,859,184,1211,511,2,6,25,18,91.8,Acquisition,49,17.64,Yes
LA100814,Panchmahal,461,355,106,551,92,2,13,5,7,78.5,Acquisition,0,22.99,No
LA100815,Valsad,1178,841,337,1203,452,5,8,100,15,84.2,Acquisition,28,28.61,Yes
LA100816,Amreli,1264,762,502,1598,427,5,6,34,19,78.1,Acquisition,10,39.72,Yes
LA100817,Ahmedabad,112,61,51,92,3,4,5,23,6,82.0,Compensation,10,45.54,No
LA100818,Mehsana,204,154,50,149,51,6,9,16,7,82.7,Compensation,20,24.51,No
LA100819,Amreli,1016,891,125,880,251,6,7,49,20,91.6,Handover,24,12.3,Yes
LA100820,Mehsana,1499,779,720,1378,306,7,8,7,30,81.0,Compensation,24,48.03,No
LA100821,Bhavnagar,84,47,37,99,30,2,7,13,4,74.2,Acquisition,58,44.05,No
LA100822,Junagadh,1015,649,366,1331,531,6,5,5,18,69.3,Compensation,0,36.06,Yes
LA100823,Sabarkantha,248,154,94,297,26,2,5,8,3,75.8,Compensation,0,37.9,No
LA100824,Junagadh,993,718,275,702,310,3,6,46,14,83.3,Acquisition,19,27.69,No
LA100825,Navsari,954,694,260,839,173,3,7,31,7,75.9,Acquisition,10,27.25,No
LA100826,Bharuch,181,108,73,125,33,3,2,31,10,73.1,Compensation,0,40.33,Yes
LA100827,Panchmahal,1037,836,201,1211,433,2,10,32,12,87.9,Acquisition,7,19.38,No
LA100828,Surat,1351,646,705,1045,725,2,14,41,22,71.3,Compensation,47,52.18,Yes
LA100829,Gandhinagar,1302,1020,282,1332,132,6,8,60,26,86.1,Acquisition,7,21.66,No
LA100830,Jamnagar,92,17,75,116,30,1,7,0,11,46.7,Notification,5,81.52,Yes
LA100831,Rajkot,406,154,252,468,250,4,14,45,12,64.3,Objection,40,62.07,Yes
LA100832,Sabarkantha,399,277,122,327,5,3,14,4,8,85.7,Acquisition,0,30.58,No
LA100833,Valsad,707,446,261,601,133,4,11,14,13,70.4,Compensation,3,36.92,Yes
LA100834,Mehsana,257,166,91,292,89,4,8,5,8,76.3,Acquisition,1,35.41,No
LA100835,Kheda,1289,576,713,1346,302,9,10,50,16,65.8,Acquisition,27,55.31,Yes
LA100836,Valsad,1177,957,220,749,218,4,6,35,8,84.0,Acquisition,17,18.69,No
LA100837,Gandhinagar,1222,587,635,1633,676,4,12,8,20,58.7,Objection,9,51.96,Yes
LA100838,Kheda,337,245,92,341,178,1,5,35,8,74.5,Acquisition,32,27.3,No
LA100839,Amreli,71,50,21,69,18,3,5,27,6,90.3,Acquisition,24,29.58,No
LA100840,Banaskantha,1371,859,512,999,187,6,11,0,9,61.9,Objection,3,37.35,No
LA100841,Junagadh,469,444,25,417,43,6,7,34,10,89.8,Handover,0,5.33,Yes
LA100842,Mehsana,1002,902,100,851,345,7,5,3,14,91.7,Handover,19,9.98,No
LA100843,Sabarkantha,1369,1095,274,1087,519,3,9,0,19,86.4,Acquisition,0,20.01,No
LA100844,Navsari,102,70,32,108,8,1,8,42,7,75.6,Compensation,0,31.37,No
LA100845,Jamnagar,57,40,17,55,11,2,5,35,4,78.7,Acquisition,0,29.82,Yes
LA100846,Morbi,57,35,22,77,17,1,5,12,6,86.9,Handover,21,38.6,No
LA100847,Patan,276,163,113,386,172,4,8,31,9,77.1,Acquisition,33,40.94,No
LA100848,Bharuch,124,80,44,93,33,5,6,17,5,77.7,Compensation,20,35.48,Yes
LA100849,Panchmahal,1239,534,705,793,218,2,12,1,16,66.5,Compensation,2,56.9,Yes
LA100850,Valsad,929,662,267,1168,401,4,10,0,18,69.7,Acquisition,30,28.74,Yes
LA100851,Anand,1472,985,487,2128,389,8,11,0,28,74.3,Acquisition,115,33.08,Yes
LA100852,Valsad,1212,1044,168,1609,245,4,5,7,19,80.2,Acquisition,36,13.86,No
LA100853,Junagadh,1447,1146,301,827,268,1,9,35,12,82.9,Acquisition,9,20.8,No
LA100854,Bhavnagar,396,159,237,307,167,5,7,10,10,67.1,Objection,35,59.85,Yes
LA100855,Mehsana,467,273,194,275,89,4,3,27,5,59.1,Compensation,11,41.54,No
LA100856,Jamnagar,1282,646,636,1652,667,3,10,66,21,67.9,Objection,0,49.61,Yes
LA100857,Banaskantha,405,380,25,435,184,7,3,31,12,91.0,Handover,41,6.17,Yes
LA100858,Rajkot,133,127,6,135,39,3,13,115,11,91.4,Handover,75,4.51,Yes
LA100859,Vadodara,1020,710,310,1070,572,4,9,1,16,69.0,Acquisition,15,30.39,Yes
LA100860,Vadodara,1212,949,263,942,376,4,9,0,19,79.5,Compensation,0,21.7,Yes
LA100861,Panchmahal,1454,1036,418,1587,508,4,12,31,29,78.9,Acquisition,12,28.75,Yes
LA100862,Rajkot,1396,666,730,806,280,7,7,38,16,61.4,Compensation,7,52.29,Yes
LA100863,Jamnagar,224,170,54,253,25,3,3,24,7,69.9,Acquisition,8,24.11,No
LA100864,Banaskantha,1170,738,432,1417,801,8,16,40,21,72.9,Compensation,23,36.92,Yes
LA100865,Morbi,1277,861,416,1476,301,7,9,52,17,82.9,Compensation,23,32.58,Yes
LA100866,Rajkot,1062,715,347,902,101,5,9,17,14,75.2,Compensation,8,32.67,Yes
LA100867,Mehsana,1239,1112,127,1603,990,7,1,40,25,89.3,Handover,20,10.25,No
LA100868,Morbi,1265,932,333,1510,198,4,8,13,15,74.9,Acquisition,28,26.32,No
LA100869,Banaskantha,697,279,418,464,152,3,10,43,8,64.2,Objection,33,59.97,No
LA100870,Anand,108,63,45,78,6,3,6,30,4,61.2,Compensation,14,41.67,No
LA100871,Vadodara,711,580,131,799,138,3,7,20,15,86.0,Acquisition,6,18.42,Yes
LA100872,Vadodara,342,225,117,277,70,0,7,14,7,81.0,Compensation,0,34.21,No
LA100873,Jamnagar,215,81,134,141,84,3,9,50,5,59.8,Objection,19,62.33,Yes
LA100874,Sabarkantha,231,200,31,159,51,1,10,50,3,83.8,Acquisition,11,13.42,No
LA100875,Patan,1061,875,186,742,181,1,12,23,21,79.1,Acquisition,3,17.53,No
LA100876,Gandhinagar,782,650,132,766,432,2,4,15,10,79.4,Acquisition,23,16.88,No
LA100877,Kheda,833,574,259,914,305,5,6,40,14,92.7,Handover,25,31.09,Yes
LA100878,Gandhinagar,1131,862,269,802,52,4,13,43,9,89.3,Handover,67,23.78,No
LA100879,Bhavnagar,845,518,327,1007,222,3,10,22,14,73.2,Compensation,12,38.7,No
LA100880,Gandhinagar,964,849,115,774,268,6,10,6,12,84.5,Acquisition,20,11.93,No
LA100881,Valsad,174,155,19,144,85,3,8,29,6,91.8,Acquisition,13,10.92,Yes
LA100882,Navsari,1284,897,387,964,72,5,8,40,21,83.6,Acquisition,25,30.14,Yes
LA100883,Sabarkantha,701,550,151,881,89,2,8,36,20,88.0,Handover,55,21.54,No
LA100884,Vadodara,275,232,43,389,59,6,9,53,12,88.4,Handover,10,15.64,Yes
LA100885,Banaskantha,1230,567,663,1222,292,3,5,47,18,53.0,Compensation,59,53.9,Yes
LA100886,Banaskantha,1115,1030,85,655,186,3,1,53,14,86.8,Acquisition,4,7.62,No
LA100887,Rajkot,126,102,24,99,21,3,9,127,5,78.7,Acquisition,7,19.05,No
LA100888,Junagadh,330,281,49,228,40,0,11,15,5,84.1,Handover,33,14.85,No
LA100889,Vadodara,72,43,29,94,43,5,9,14,13,78.9,Compensation,17,40.28,No
LA100890,Jamnagar,442,263,179,277,55,4,9,38,9,78.5,Compensation,20,40.5,Yes
LA100891,Surat,195,112,83,277,25,5,10,14,5,79.4,Compensation,20,42.56,No
LA100892,Junagadh,1080,871,209,1166,238,5,11,10,14,87.6,Acquisition,24,19.35,No
LA100893,Anand,808,263,545,821,250,2,6,0,19,51.8,Objection,17,67.45,Yes
LA100894,Bhavnagar,1472,709,763,1932,472,4,13,73,24,56.3,Compensation,0,51.83,Yes
LA100895,Sabarkantha,1137,793,344,654,225,4,7,28,18,74.7,Acquisition,35,30.26,Yes
LA100896,Jamnagar,937,546,391,1171,383,8,12,29,12,68.7,Compensation,0,41.73,No
LA100897,Sabarkantha,789,593,196,517,70,2,8,54,14,78.1,Compensation,23,24.84,No
LA100898,Patan,129,84,45,169,64,4,6,27,3,82.8,Acquisition,26,34.88,Yes
LA100899,Surat,151,89,62,155,19,4,11,12,4,85.1,Compensation,53,41.06,Yes
LA100900,Rajkot,944,698,246,571,225,1,6,12,7,91.5,Acquisition,62,26.06,No
LA100901,Patan,56,42,14,73,21,1,6,11,7,78.9,Compensation,68,25.0,No
LA100902,Rajkot,111,100,11,64,17,7,3,13,3,82.6,Acquisition,16,9.91,No
LA100903,Ahmedabad,367,318,49,248,75,4,11,8,6,83.0,Acquisition,39,13.35,No
LA100904,Ahmedabad,1332,773,559,1689,173,5,10,27,22,72.3,Acquisition,25,41.97,Yes
LA100905,Bhavnagar,715,593,122,692,154,6,3,10,11,84.5,Acquisition,74,17.06,No
LA100906,Morbi,1079,645,434,1449,304,8,9,1,24,84.7,Compensation,24,40.22,Yes
LA100907,Vadodara,647,588,59,726,107,2,4,40,14,86.3,Handover,25,9.12,No
LA100908,Valsad,301,198,103,334,47,4,9,34,5,72.6,Acquisition,10,34.22,No
LA100909,Navsari,588,429,159,478,66,5,10,32,14,76.8,Compensation,35,27.04,Yes
LA100910,Navsari,183,102,81,123,78,4,7,0,5,85.9,Compensation,0,44.26,Yes
LA100911,Kheda,1167,780,387,1651,461,4,6,73,28,74.2,Handover,22,33.16,Yes
LA100912,Vadodara,316,242,74,204,20,5,6,33,6,70.4,Compensation,32,23.42,No
LA100913,Jamnagar,596,484,112,612,319,5,7,5,12,88.8,Acquisition,16,18.79,No
LA100914,Bharuch,1472,1012,460,1171,251,9,9,33,18,81.0,Acquisition,0,31.25,No
LA100915,Bharuch,908,597,311,715,161,6,9,21,15,79.7,Compensation,19,34.25,No
LA100916,Vadodara,715,524,191,776,416,6,8,32,15,90.9,Acquisition,6,26.71,Yes
LA100917,Sabarkantha,837,640,197,1061,91,4,17,8,17,86.4,Handover,29,23.54,Yes
LA100918,Bharuch,1187,588,599,1483,188,3,16,17,18,73.7,Compensation,38,50.46,No
LA100919,Patan,419,233,186,558,272,3,7,41,12,63.9,Compensation,75,44.39,No
LA100920,Valsad,973,833,140,792,401,4,7,75,13,85.4,Handover,8,14.39,Yes
LA100921,Amreli,1316,529,787,1275,413,4,15,11,14,57.9,Objection,86,59.8,No
LA100922,Mehsana,880,721,159,491,146,6,9,0,10,88.7,Acquisition,28,18.07,Yes
LA100923,Banaskantha,697,459,238,852,11,4,10,6,15,78.0,Acquisition,0,34.15,No
LA100924,Banaskantha,260,214,46,214,47,4,9,10,6,88.9,Acquisition,0,17.69,No
LA100925,Mehsana,410,300,110,433,95,6,8,14,7,75.8,Acquisition,1,26.83,No
LA100926,Bharuch,1422,861,561,999,410,6,15,52,14,68.8,Acquisition,14,39.45,Yes
LA100927,Vadodara,835,462,373,1075,268,6,5,7,12,60.0,Compensation,30,44.67,No
LA100928,Bharuch,487,344,143,626,217,7,6,30,19,77.0,Acquisition,15,29.36,Yes
LA100929,Junagadh,657,473,184,880,283,4,6,32,12,75.2,Acquisition,37,28.01,No
LA100930,Surat,888,621,267,525,153,3,5,0,11,78.3,Acquisition,32,30.07,No
LA100931,Banaskantha,829,652,177,1196,368,9,11,1,19,86.1,Acquisition,38,21.35,No
LA100932,Navsari,1065,643,422,823,173,6,8,21,11,66.1,Acquisition,3,39.62,No
LA100933,Patan,423,292,131,350,79,3,8,65,10,81.0,Acquisition,10,30.97,No
LA100934,Valsad,992,640,352,768,198,3,11,39,18,72.1,Compensation,13,35.48,No
LA100935,Ahmedabad,692,368,324,547,334,4,7,26,5,74.0,Compensation,43,46.82,No
LA100936,Morbi,1414,719,695,1481,405,5,12,16,16,80.3,Compensation,16,49.15,Yes
LA100937,Ahmedabad,279,161,118,214,103,3,6,19,7,69.2,Compensation,38,42.29,Yes
LA100938,Anand,265,129,136,240,89,4,4,9,12,69.0,Compensation,22,51.32,No
LA100939,Ahmedabad,719,558,161,820,274,6,4,44,16,70.6,Acquisition,11,22.39,No
LA100940,Panchmahal,787,311,476,1025,136,4,13,19,18,60.7,Objection,53,60.48,Yes
LA100941,Jamnagar,1052,616,436,1234,385,6,10,13,21,63.8,Compensation,0,41.44,Yes
LA100942,Banaskantha,636,369,267,690,83,11,13,43,7,76.8,Compensation,28,41.98,Yes
LA100943,Ahmedabad,1375,917,458,939,164,7,6,1,14,78.5,Acquisition,6,33.31,No
LA100944,Morbi,738,458,280,948,102,9,8,0,18,84.2,Compensation,42,37.94,No
LA100945,Navsari,237,146,91,138,31,6,4,49,7,84.7,Acquisition,17,38.4,No
LA100946,Mehsana,222,150,72,175,67,3,3,10,5,76.6,Compensation,5,32.43,No
LA100947,Junagadh,1462,762,700,879,406,4,8,61,11,68.6,Compensation,13,47.88,Yes
LA100948,Vadodara,244,210,34,281,28,3,7,14,9,89.3,Handover,23,13.93,No
LA100949,Ahmedabad,1425,1342,83,1256,381,5,9,38,16,92.0,Handover,12,5.82,No
LA100950,Surat,453,174,279,515,120,6,8,34,6,66.9,Compensation,0,61.59,No
LA100951,Patan,185,132,53,160,55,2,5,8,9,73.0,Acquisition,40,28.65,No
LA100952,Morbi,492,245,247,472,24,2,7,32,6,72.0,Acquisition,0,50.2,No
LA100953,Junagadh,941,542,399,905,277,9,8,3,19,73.4,Acquisition,15,42.4,Yes
LA100954,Morbi,670,443,227,396,151,5,12,41,4,91.0,Acquisition,29,33.88,No
LA100955,Gandhinagar,1189,703,486,1114,135,3,7,72,15,84.3,Compensation,48,40.87,Yes
LA100956,Sabarkantha,936,469,467,1055,498,3,8,21,14,81.3,Compensation,2,49.89,Yes
LA100957,Kheda,631,307,324,657,387,3,10,27,12,65.9,Acquisition,0,51.35,Yes
LA100958,Patan,970,770,200,599,164,2,7,32,7,89.7,Acquisition,32,20.62,No
LA100959,Jamnagar,1459,882,577,1680,416,5,10,56,23,76.4,Acquisition,16,39.55,Yes
LA100960,Banaskantha,647,302,345,536,84,6,10,19,9,76.8,Objection,6,53.32,Yes
LA100961,Sabarkantha,272,143,129,153,69,4,6,20,7,83.6,Acquisition,25,47.43,Yes
LA100962,Vadodara,643,536,107,444,97,2,6,17,13,93.8,Acquisition,2,16.64,No
LA100963,Anand,1269,535,734,1266,241,3,15,11,14,49.0,Objection,35,57.84,No
LA100964,Jamnagar,365,205,160,303,169,1,8,9,7,66.7,Compensation,46,43.84,Yes
LA100965,Kheda,1427,1345,82,1677,329,6,11,9,17,86.8,Acquisition,9,5.75,Yes
LA100966,Jamnagar,903,618,285,692,187,3,4,21,13,80.6,Acquisition,0,31.56,No
LA100967,Patan,922,576,346,1148,288,2,10,0,18,71.9,Compensation,36,37.53,Yes
LA100968,Surat,510,388,122,412,212,2,5,0,5,87.5,Handover,77,23.92,Yes
LA100969,Amreli,1385,826,559,1536,458,2,9,1,15,79.4,Compensation,62,40.36,Yes
LA100970,Mehsana,102,59,43,129,45,0,8,35,9,72.4,Objection,11,42.16,Yes
LA100971,Patan,483,431,52,433,58,3,6,0,12,91.7,Handover,0,10.77,No
LA100972,Banaskantha,657,473,184,389,140,4,7,18,2,75.5,Acquisition,0,28.01,No
LA100973,Amreli,742,581,161,766,318,5,13,48,12,86.0,Handover,21,21.7,No
LA100974,Mehsana,737,422,315,1066,520,7,11,0,14,55.6,Compensation,41,42.74,Yes
LA100975,Mehsana,264,159,105,375,103,6,7,6,11,68.6,Compensation,28,39.77,Yes
LA100976,Patan,377,250,127,282,173,3,3,1,11,75.4,Acquisition,6,33.69,Yes
LA100977,Panchmahal,188,173,15,231,40,4,4,27,9,88.3,Handover,58,7.98,No
LA100978,Sabarkantha,880,651,229,757,246,8,9,5,11,91.9,Handover,34,26.02,No
LA100979,Sabarkantha,559,459,100,388,62,5,6,0,9,79.7,Acquisition,6,17.89,No
LA100980,Junagadh,870,475,395,1000,482,7,8,0,11,76.5,Compensation,17,45.4,No
LA100981,Mehsana,905,616,289,906,290,8,6,11,10,82.4,Acquisition,23,31.93,No
LA100982,Patan,1068,286,782,1106,377,5,8,7,7,59.0,Notification,4,73.22,Yes
LA100983,Surat,843,706,137,1091,67,5,6,16,16,92.0,Handover,10,16.25,No
LA100984,Panchmahal,990,785,205,844,355,8,7,16,15,78.1,Acquisition,0,20.71,Yes
LA100985,Valsad,901,282,619,1036,200,9,13,0,27,54.9,Survey,5,68.7,Yes
LA100986,Banaskantha,996,532,464,876,163,4,9,0,22,69.1,Acquisition,45,46.59,No
LA100987,Jamnagar,944,504,440,555,54,2,15,0,7,68.5,Compensation,10,46.61,No
LA100988,Banaskantha,508,355,153,452,114,3,10,31,7,83.6,Acquisition,34,30.12,No
LA100989,Kheda,407,266,141,572,254,4,10,2,11,87.1,Acquisition,0,34.64,No
LA100990,Rajkot,1192,926,266,1174,350,8,11,17,16,88.4,Handover,5,22.32,No
LA100991,Kheda,547,462,85,354,163,4,8,3,4,80.5,Handover,26,15.54,No
LA100992,Bharuch,846,406,440,989,402,5,11,19,20,66.2,Compensation,25,52.01,Yes
LA100993,Morbi,335,183,152,475,106,8,11,17,10,65.5,Objection,22,45.37,No
LA100994,Jamnagar,675,457,218,923,124,7,4,97,21,77.6,Compensation,7,32.3,Yes
LA100995,Sabarkantha,818,505,313,871,286,7,8,0,12,77.8,Acquisition,30,38.26,Yes
LA100996,Jamnagar,958,774,184,851,370,4,10,19,16,89.0,Handover,22,19.21,No
LA100997,Banaskantha,813,391,422,872,235,6,9,3,17,65.2,Compensation,32,51.91,Yes
LA100998,Anand,573,489,84,736,376,3,3,10,12,91.9,Acquisition,20,14.66,No
LA100999,Sabarkantha,1445,984,461,1915,466,8,11,51,20,80.6,Acquisition,114,31.9,Yes
LA101000,Junagadh,793,327,466,1021,112,7,7,22,18,68.2,Objection,18,58.76,No
LA101001,Mehsana,1222,737,485,1173,399,7,8,20,18,89.3,Acquisition,4,39.69,Yes
LA101002,Kheda,1118,639,479,734,201,5,8,29,12,89.5,Compensation,8,42.84,No
LA101003,Gandhinagar,860,618,242,914,606,6,10,10,14,87.2,Acquisition,9,28.14,Yes
LA101004,Vadodara,1336,770,566,923,172,6,11,0,22,62.8,Compensation,40,42.37,No
LA101005,Bharuch,236,133,103,143,23,1,4,0,3,76.0,Compensation,5,43.64,No
LA101006,Ahmedabad,1386,1134,252,1384,297,7,7,5,22,94.8,Acquisition,42,18.18,No
LA101007,Sabarkantha,1283,736,547,1462,678,3,8,7,28,76.1,Acquisition,17,42.63,No
LA101008,Bhavnagar,780,324,456,1029,436,1,9,0,14,63.3,Objection,9,58.46,Yes
LA101009,Panchmahal,1114,1087,27,1398,418,10,8,6,22,86.8,Handover,53,2.42,No
LA101010,Panchmahal,804,443,361,1062,639,4,10,39,27,75.4,Compensation,61,44.9,Yes
LA101011,Patan,439,206,233,542,254,8,8,52,5,72.9,Compensation,0,53.08,Yes
LA101012,Anand,1210,575,635,1431,209,7,12,0,31,69.3,Compensation,9,52.48,Yes
LA101013,Surat,406,222,184,227,66,5,4,0,6,67.1,Acquisition,17,45.32,No
LA101014,Junagadh,506,280,226,563,112,3,11,40,13,73.6,Acquisition,64,44.66,No
LA101015,Surat,803,441,362,529,192,6,12,54,11,65.3,Acquisition,11,45.08,No
LA101016,Navsari,1265,823,442,763,509,2,8,23,13,83.9,Acquisition,24,34.94,No
LA101017,Kheda,607,378,229,419,46,4,9,10,6,80.0,Acquisition,14,37.73,No
LA101018,Mehsana,766,308,458,989,176,4,14,11,12,60.9,Objection,7,59.79,Yes
LA101019,Gandhinagar,110,84,26,134,61,4,9,7,3,88.4,Acquisition,7,23.64,No
LA101020,Surat,218,151,67,306,97,7,8,29,7,74.3,Acquisition,10,30.73,Yes
LA101021,Vadodara,131,70,61,187,84,5,3,22,2,59.3,Objection,27,46.56,Yes
LA101022,Morbi,154,144,10,209,77,3,5,3,3,90.1,Handover,67,6.49,No
LA101023,Kheda,1310,776,534,877,168,5,13,18,16,83.9,Compensation,64,40.76,Yes
LA101024,Valsad,1271,573,698,1704,145,8,12,37,28,68.4,Compensation,44,54.92,Yes
LA101025,Rajkot,1242,463,779,1621,462,6,9,0,25,60.2,Compensation,1,62.72,Yes
LA101026,Gandhinagar,130,75,55,173,49,6,12,1,7,70.6,Compensation,26,42.31,No
LA101027,Bhavnagar,162,99,63,111,49,4,8,90,3,83.2,Acquisition,0,38.89,No
LA101028,Jamnagar,457,297,160,299,70,3,7,25,11,83.4,Acquisition,0,35.01,No
LA101029,Ahmedabad,870,492,378,1202,239,8,9,9,20,63.1,Compensation,36,43.45,Yes
LA101030,Banaskantha,534,433,101,377,133,3,14,1,11,82.0,Acquisition,0,18.91,No
LA101031,Ahmedabad,757,653,104,667,192,5,7,23,15,90.3,Acquisition,36,13.74,No
LA101032,Navsari,301,129,172,289,124,4,8,79,4,53.8,Objection,0,57.14,Yes
LA101033,Mehsana,1110,773,337,735,73,5,4,47,18,87.4,Acquisition,33,30.36,No
LA101034,Kheda,505,203,302,287,29,4,11,19,6,54.3,Objection,87,59.8,No
LA101035,Panchmahal,146,125,21,211,61,3,9,20,9,85.3,Acquisition,16,14.38,No
LA101036,Patan,1127,679,448,1509,121,9,13,21,15,66.7,Compensation,18,39.75,Yes
LA101037,Vadodara,1359,1189,170,1863,1007,7,10,33,27,89.6,Handover,0,12.51,No
LA101038,Gandhinagar,71,57,14,57,16,1,12,0,1,82.8,Acquisition,47,19.72,No
LA101039,Morbi,683,366,317,511,217,4,14,0,9,69.7,Compensation,37,46.41,No
LA101040,Jamnagar,1250,861,389,1167,275,5,12,30,22,74.9,Compensation,75,31.12,Yes
LA101041,Jamnagar,1074,522,552,1029,340,4,13,16,17,65.6,Objection,12,51.4,Yes
LA101042,Jamnagar,1292,867,425,717,117,2,6,36,6,73.6,Acquisition,13,32.89,No
LA101043,Junagadh,652,581,71,816,67,7,7,45,5,88.0,Handover,0,10.89,No
LA101044,Mehsana,590,380,210,854,191,4,6,13,11,62.4,Acquisition,25,35.59,Yes
LA101045,Bharuch,1079,805,274,1107,254,10,16,13,26,80.5,Acquisition,42,25.39,Yes
LA101046,Jamnagar,272,170,102,245,67,2,7,45,2,71.3,Compensation,20,37.5,No
LA101047,Junagadh,397,299,98,359,61,2,6,56,11,73.9,Acquisition,0,24.69,No
LA101048,Gandhinagar,921,482,439,586,103,3,12,38,12,73.5,Compensation,17,47.67,Yes
LA101049,Anand,1019,825,194,805,314,5,6,40,14,78.5,Acquisition,34,19.04,No
LA101050,Surat,223,112,111,223,56,2,6,78,8,62.6,Compensation,0,49.78,No
LA101051,Ahmedabad,787,520,267,739,99,4,5,94,11,76.9,Acquisition,52,33.93,Yes
LA101052,Morbi,579,241,338,602,66,2,5,30,12,59.9,Objection,45,58.38,No
LA101053,Gandhinagar,778,438,340,1022,233,5,12,0,20,79.9,Compensation,77,43.7,Yes
LA101054,Amreli,1440,924,516,1084,807,2,10,49,15,62.9,Acquisition,29,35.83,Yes
LA101055,Rajkot,161,95,66,93,18,7,8,43,2,68.0,Acquisition,7,40.99,Yes
LA101056,Bharuch,1494,667,827,873,443,5,13,7,17,61.9,Compensation,32,55.35,Yes
LA101057,Kheda,702,519,183,471,105,4,4,42,7,82.1,Acquisition,50,26.07,No
LA101058,Bhavnagar,1170,759,411,1244,478,6,10,26,19,80.1,Acquisition,0,35.13,Yes
LA101059,Bharuch,665,408,257,849,326,6,7,8,12,89.4,Acquisition,0,38.65,No
LA101060,Vadodara,501,277,224,675,101,3,10,3,8,69.8,Compensation,7,44.71,No
LA101061,Panchmahal,1168,426,742,1310,168,9,10,0,10,63.9,Notification,0,63.53,Yes
LA101062,Mehsana,1047,694,353,956,179,3,10,0,8,76.1,Acquisition,4,33.72,No
LA101063,Anand,259,203,56,178,22,1,8,29,4,74.9,Acquisition,44,21.62,No
LA101064,Panchmahal,1073,635,438,978,397,7,13,25,20,77.7,Acquisition,21,40.82,No
LA101065,Surat,1142,795,347,970,339,5,9,0,9,74.1,Acquisition,59,30.39,Yes
LA101066,Navsari,612,257,355,816,49,5,9,20,16,61.9,Objection,11,58.01,No
LA101067,Mehsana,1393,1118,275,1376,773,6,8,6,19,91.3,Handover,0,19.74,No
LA101068,Bharuch,979,608,371,738,366,6,12,10,20,82.5,Acquisition,37,37.9,No
LA101069,Kheda,534,300,234,432,160,3,8,34,8,63.4,Objection,20,43.82,Yes
LA101070,Navsari,65,51,14,44,32,4,8,39,4,76.8,Compensation,20,21.54,Yes
LA101071,Junagadh,1029,760,269,1417,446,6,10,6,19,83.5,Acquisition,0,26.14,No
LA101072,Bharuch,353,264,89,210,39,5,8,0,15,81.2,Compensation,32,25.21,No
LA101073,Navsari,1147,717,430,644,249,5,9,40,10,70.0,Compensation,21,37.49,Yes
LA101074,Anand,811,650,161,580,183,4,10,31,6,93.3,Handover,13,19.85,No
LA101075,Amreli,727,574,153,930,242,6,9,11,8,78.0,Acquisition,13,21.05,No
LA101076,Navsari,287,184,103,293,79,4,9,0,10,81.0,Compensation,17,35.89,Yes
LA101077,Mehsana,1082,593,489,1205,494,6,21,9,21,82.2,Compensation,0,45.19,No
LA101078,Ahmedabad,290,124,166,253,38,3,6,25,14,65.1,Objection,0,57.24,No
LA101079,Amreli,656,333,323,401,125,4,9,2,8,58.5,Objection,39,49.24,No
LA101080,Ahmedabad,1263,912,351,1668,446,6,9,48,18,87.3,Acquisition,6,27.79,Yes
LA101081,Bharuch,1385,1014,371,1001,516,7,15,7,20,83.8,Acquisition,37,26.79,No
LA101082,Ahmedabad,1485,756,729,861,229,7,9,55,17,66.4,Compensation,11,49.09,Yes
LA101083,Bhavnagar,1440,1036,404,1534,297,6,11,5,22,81.8,Compensation,0,28.06,No
LA101084,Ahmedabad,856,685,171,535,159,8,5,0,7,80.9,Acquisition,46,19.98,Yes
LA101085,Panchmahal,340,293,47,216,89,4,6,0,6,82.6,Handover,0,13.82,Yes
LA101086,Panchmahal,1267,826,441,1610,366,11,9,7,26,86.2,Handover,73,34.81,Yes
LA101087,Amreli,1213,848,365,1204,441,4,9,45,17,73.1,Compensation,0,30.09,No
LA101088,Banaskantha,1486,874,612,1140,527,8,6,29,15,69.7,Compensation,0,41.18,Yes
LA101089,Kheda,994,551,443,859,315,7,11,36,10,79.6,Acquisition,50,44.57,Yes
LA101090,Banaskantha,255,173,82,308,195,1,9,3,6,75.1,Acquisition,7,32.16,No
LA101091,Vadodara,779,475,304,475,148,3,15,67,8,56.5,Compensation,14,39.02,Yes
LA101092,Surat,700,196,504,458,91,3,9,32,8,50.0,Objection,4,72.0,Yes
LA101093,Jamnagar,1273,952,321,1406,311,2,5,4,16,88.2,Handover,36,25.22,No
LA101094,Patan,619,347,272,679,175,2,8,30,11,83.7,Acquisition,55,43.94,No
LA101095,Gandhinagar,526,292,234,750,87,7,10,50,15,69.6,Acquisition,0,44.49,Yes
LA101096,Patan,166,126,40,147,25,1,10,30,4,85.9,Acquisition,71,24.1,No
LA101097,Mehsana,1262,1083,179,768,52,4,10,76,12,78.1,Handover,21,14.18,No
LA101098,Sabarkantha,1145,694,451,1184,198,6,14,0,25,81.7,Acquisition,5,39.39,Yes
LA101099,Ahmedabad,109,84,25,123,45,2,12,34,5,79.0,Acquisition,9,22.94,Yes
LA101100,Patan,679,450,229,459,128,4,7,8,10,75.5,Compensation,10,33.73,No
LA101101,Surat,746,665,81,781,236,7,7,0,12,78.8,Handover,28,10.86,No
LA101102,Navsari,730,593,137,531,130,1,8,81,16,90.4,Acquisition,57,18.77,No
LA101103,Vadodara,1383,624,759,1812,478,5,14,48,27,59.4,Objection,33,54.88,Yes
LA101104,Gandhinagar,268,148,120,349,20,3,8,8,15,60.4,Compensation,22,44.78,No
LA101105,Surat,494,287,207,463,100,4,7,75,5,66.4,Compensation,4,41.9,Yes
LA101106,Ahmedabad,312,255,57,443,179,2,5,20,9,83.8,Handover,7,18.27,No
LA101107,Bharuch,404,244,160,578,274,8,8,74,12,67.8,Compensation,29,39.6,Yes
LA101108,Junagadh,1366,904,462,910,592,7,8,15,10,91.7,Compensation,49,33.82,Yes
LA101109,Patan,1414,1119,295,1246,663,4,8,11,25,85.3,Acquisition,11,20.86,No
LA101110,Surat,114,90,24,124,52,3,9,5,4,85.6,Acquisition,0,21.05,No
LA101111,Morbi,967,561,406,606,185,5,6,0,7,77.5,Compensation,45,41.99,No
LA101112,Bharuch,387,274,113,346,133,1,10,21,5,79.9,Acquisition,47,29.2,Yes
LA101113,Mehsana,329,182,147,258,99,4,12,24,4,85.0,Compensation,74,44.68,Yes
LA101114,Panchmahal,473,379,94,665,88,7,9,13,11,88.7,Compensation,10,19.87,No
LA101115,Banaskantha,332,266,66,306,62,1,6,22,7,84.6,Acquisition,70,19.88,No
LA101116,Valsad,761,596,165,941,306,6,10,3,14,80.5,Acquisition,9,21.68,No
LA101117,Kheda,1494,1328,166,1342,95,5,6,27,24,92.6,Handover,57,11.11,No
LA101118,Banaskantha,900,273,627,602,335,5,10,49,9,53.5,Notification,10,69.67,Yes
LA101119,Bhavnagar,1099,709,390,1458,337,2,9,101,18,90.1,Acquisition,9,35.49,Yes
LA101120,Bharuch,765,574,191,421,66,2,10,0,14,77.7,Compensation,7,24.97,No
LA101121,Junagadh,70,36,34,42,15,2,4,133,5,61.6,Compensation,23,48.57,Yes
LA101122,Kheda,172,116,56,151,45,3,9,15,11,74.7,Compensation,17,32.56,Yes
LA101123,Sabarkantha,440,396,44,514,114,5,6,8,11,84.7,Handover,2,10.0,No
LA101124,Valsad,403,165,238,346,81,0,9,6,7,69.9,Compensation,12,59.06,No
LA101125,Bharuch,1269,1089,180,774,291,4,8,71,15,79.7,Acquisition,81,14.18,Yes
LA101126,Anand,1274,585,689,1065,477,5,12,84,19,64.8,Objection,14,54.08,Yes
LA101127,Valsad,1289,789,500,993,108,8,9,26,15,66.1,Compensation,63,38.79,Yes
LA101128,Jamnagar,975,685,290,541,401,6,11,28,8,82.1,Handover,9,29.74,Yes
LA101129,Jamnagar,857,489,368,884,622,2,8,14,15,73.0,Objection,13,42.94,Yes
LA101130,Navsari,991,346,645,649,193,7,9,16,17,63.4,Objection,58,65.09,Yes
LA101131,Kheda,640,329,311,518,83,6,10,39,12,70.8,Compensation,49,48.59,Yes
LA101132,Anand,1022,852,170,1152,135,4,8,0,20,89.7,Handover,21,16.63,No
LA101133,Panchmahal,1202,883,319,1446,607,2,6,50,15,81.6,Acquisition,23,26.54,No
LA101134,Valsad,1156,901,255,910,596,4,4,0,13,80.3,Compensation,41,22.06,No
LA101135,Patan,940,625,315,795,247,4,12,22,17,84.8,Acquisition,0,33.51,No
LA101136,Amreli,134,111,23,103,41,6,7,57,2,86.7,Acquisition,27,17.16,No
LA101137,Valsad,1101,600,501,1554,272,9,10,0,28,66.9,Compensation,26,45.5,Yes
LA101138,Navsari,581,480,101,419,202,3,6,0,13,87.5,Handover,0,17.38,No
LA101139,Patan,1129,809,320,807,595,6,7,0,13,78.5,Handover,47,28.34,Yes
LA101140,Gandhinagar,832,616,216,791,140,5,8,11,13,89.7,Acquisition,13,25.96,No
LA101141,Morbi,1328,1081,247,957,297,7,10,8,15,89.8,Handover,16,18.6,No
LA101142,Panchmahal,541,369,172,374,133,3,7,46,10,75.8,Compensation,25,31.79,No
LA101143,Junagadh,1401,645,756,891,221,5,11,32,16,52.6,Objection,5,53.96,Yes
LA101144,Bhavnagar,1275,1027,248,1436,680,7,10,0,21,77.6,Acquisition,0,19.45,No
LA101145,Patan,530,312,218,583,116,4,9,43,15,77.3,Acquisition,105,41.13,Yes
LA101146,Amreli,750,445,305,851,268,3,3,19,12,82.6,Acquisition,2,40.67,No
LA101147,Mehsana,820,512,308,1022,567,7,9,14,26,63.0,Compensation,6,37.56,Yes
LA101148,Amreli,1165,741,424,983,373,8,6,2,13,87.6,Acquisition,71,36.39,Yes
LA101149,Anand,1049,940,109,1444,538,5,9,85,14,90.2,Handover,1,10.39,Yes
LA101150,Rajkot,1286,685,601,1556,581,9,15,23,30,74.7,Compensation,27,46.73,Yes
LA101151,Banaskantha,586,432,154,747,275,1,8,69,11,90.8,Handover,29,26.28,Yes
LA101152,Navsari,782,602,180,938,196,7,4,70,13,88.8,Acquisition,5,23.02,Yes
LA101153,Mehsana,675,453,222,589,59,3,13,46,13,92.4,Acquisition,20,32.89,No
LA101154,Kheda,1369,760,609,1102,289,10,12,7,8,77.3,Acquisition,38,44.49,No
LA101155,Valsad,492,311,181,458,144,6,3,59,7,90.8,Acquisition,36,36.79,Yes
LA101156,Panchmahal,901,703,198,574,251,5,9,12,18,82.9,Acquisition,9,21.98,No
LA101157,Bhavnagar,224,157,67,214,45,4,6,25,10,81.8,Acquisition,4,29.91,No
LA101158,Junagadh,1283,872,411,755,100,9,9,4,11,79.7,Acquisition,21,32.03,No
LA101159,Vadodara,607,424,183,336,109,2,7,42,5,82.1,Handover,40,30.15,No
LA101160,Patan,544,446,98,755,211,5,6,6,4,92.9,Acquisition,57,18.01,No
LA101161,Mehsana,895,465,430,1048,251,6,8,61,20,69.6,Objection,2,48.04,Yes
LA101162,Bharuch,773,446,327,816,433,8,8,42,13,61.7,Compensation,54,42.3,Yes
LA101163,Panchmahal,1280,841,439,1097,106,5,13,11,19,93.9,Acquisition,17,34.3,Yes
LA101164,Panchmahal,821,448,373,873,459,6,7,9,14,80.8,Compensation,19,45.43,No
LA101165,Sabarkantha,800,650,150,1082,96,4,7,58,17,79.6,Acquisition,19,18.75,No
LA101166,Patan,202,81,121,230,57,3,8,81,7,52.0,Objection,29,59.9,Yes
LA101167,Jamnagar,81,35,46,88,29,1,10,34,4,76.2,Compensation,66,56.79,Yes
LA101168,Kheda,628,500,128,606,49,4,8,13,11,87.6,Acquisition,0,20.38,No
LA101169,Navsari,1498,511,987,1290,438,4,11,24,15,63.4,Compensation,4,65.89,Yes
LA101170,Surat,1381,1303,78,1628,52,9,3,0,26,92.1,Handover,41,5.65,No
LA101171,Banaskantha,962,640,322,1378,786,9,6,20,22,70.1,Acquisition,18,33.47,Yes
LA101172,Rajkot,965,812,153,900,255,6,13,55,13,75.5,Acquisition,7,15.85,No
LA101173,Rajkot,618,208,410,558,108,7,6,16,10,51.2,Notification,61,66.34,Yes
LA101174,Ahmedabad,307,152,155,287,72,5,2,6,8,74.0,Compensation,14,50.49,No
LA101175,Kheda,62,31,31,58,5,6,4,33,4,67.9,Compensation,20,50.0,No
LA101176,Surat,541,187,354,780,146,5,7,30,16,54.0,Objection,23,65.43,Yes
LA101177,Banaskantha,509,356,153,604,188,3,7,10,10,78.1,Acquisition,0,30.06,No
LA101178,Valsad,328,145,183,286,111,3,7,33,5,74.8,Compensation,41,55.79,Yes
LA101179,Mehsana,426,260,166,377,105,4,8,16,6,73.5,Compensation,0,38.97,No
LA101180,Anand,86,54,32,81,35,2,7,22,8,84.3,Acquisition,8,37.21,Yes
LA101181,Mehsana,932,625,307,543,32,2,7,62,11,83.7,Acquisition,103,32.94,Yes
LA101182,Mehsana,1395,1250,145,1430,617,11,8,28,18,87.0,Acquisition,1,10.39,Yes
LA101183,Amreli,1052,841,211,1347,234,6,15,22,22,81.6,Acquisition,0,20.06,Yes
LA101184,Ahmedabad,700,592,108,801,420,2,3,31,15,88.3,Acquisition,46,15.43,Yes
LA101185,Bharuch,659,371,288,480,105,4,10,8,14,63.4,Compensation,7,43.7,Yes
LA101186,Junagadh,496,358,138,598,277,8,12,35,16,86.1,Acquisition,60,27.82,Yes
LA101187,Mehsana,256,142,114,307,97,2,7,100,10,69.0,Compensation,46,44.53,Yes
LA101188,Morbi,918,553,365,722,58,5,8,0,16,87.2,Compensation,15,39.76,No
LA101189,Jamnagar,872,401,471,968,392,5,14,53,18,71.0,Objection,13,54.01,Yes
LA101190,Kheda,60,50,10,66,11,4,9,13,3,93.5,Handover,2,16.67,No
LA101191,Panchmahal,652,348,304,851,205,3,10,31,11,76.8,Compensation,34,46.63,No
LA101192,Morbi,453,383,70,305,66,1,9,7,4,88.8,Handover,51,15.45,No
LA101193,Vadodara,297,190,107,215,25,8,3,67,5,76.7,Acquisition,30,36.03,No
LA101194,Rajkot,1070,560,510,1056,434,6,12,0,21,68.3,Objection,31,47.66,Yes
LA101195,Sabarkantha,812,452,360,479,88,4,18,54,9,74.2,Compensation,0,44.33,No
LA101196,Ahmedabad,969,571,398,895,214,4,14,17,12,67.5,Compensation,58,41.07,Yes
LA101197,Valsad,1085,605,480,1366,151,6,9,35,20,62.5,Compensation,0,44.24,Yes
LA101198,Navsari,1474,797,677,1008,231,7,12,17,18,75.2,Objection,0,45.93,Yes
LA101199,Bharuch,1214,904,310,1170,178,4,9,5,23,90.6,Acquisition,59,25.54,No
LA101200,Bhavnagar,950,437,513,1369,14,8,12,9,25,61.5,Objection,18,54.0,No
LA101201,Valsad,1325,1057,268,1332,659,2,12,42,16,87.7,Handover,29,20.23,No
LA101202,Anand,742,205,537,741,299,7,15,29,9,40.1,Objection,1,72.37,Yes
LA101203,Junagadh,1478,876,602,1556,252,9,11,21,18,72.8,Compensation,2,40.73,Yes
LA101204,Patan,1154,498,656,828,275,5,12,12,21,50.7,Objection,17,56.85,Yes
LA101205,Morbi,994,757,237,678,358,7,5,0,17,88.6,Acquisition,14,23.84,No
LA101206,Junagadh,1360,940,420,1577,499,8,13,15,21,93.7,Acquisition,73,30.88,Yes
LA101207,Ahmedabad,797,568,229,722,352,10,8,31,16,70.6,Compensation,37,28.73,Yes
LA101208,Bhavnagar,1095,883,212,888,93,5,8,70,11,82.5,Acquisition,28,19.36,No
LA101209,Kheda,463,223,240,268,31,5,8,46,7,74.3,Objection,148,51.84,Yes
LA101210,Jamnagar,1447,1058,389,1898,340,7,13,41,21,82.9,Handover,8,26.88,No
LA101211,Amreli,954,895,59,552,128,8,6,43,14,91.6,Handover,60,6.18,No
LA101212,Bhavnagar,1184,822,362,1450,797,7,11,4,19,84.0,Acquisition,34,30.57,Yes
LA101213,Surat,718,601,117,642,128,3,5,49,12,87.2,Handover,15,16.3,No
LA101214,Patan,1307,1010,297,1423,671,8,11,5,18,78.2,Acquisition,23,22.72,Yes
LA101215,Panchmahal,157,95,62,121,32,2,8,14,6,70.4,Acquisition,45,39.49,No
LA101216,Panchmahal,215,169,46,148,46,4,3,0,7,70.1,Compensation,24,21.4,No
LA101217,Mehsana,785,625,160,809,149,8,5,0,11,84.6,Acquisition,76,20.38,Yes
LA101218,Jamnagar,1112,863,249,1308,399,3,2,0,23,87.7,Acquisition,27,22.39,No
LA101219,Anand,1224,693,531,889,470,4,12,42,19,71.0,Objection,29,43.38,Yes
LA101220,Ahmedabad,688,527,161,649,131,6,8,49,10,88.2,Acquisition,0,23.4,Yes
LA101221,Surat,992,690,302,943,288,12,5,27,17,86.5,Compensation,3,30.44,No
LA101222,Sabarkantha,852,406,446,634,164,0,7,0,10,71.5,Compensation,21,52.35,No
LA101223,Morbi,1445,717,728,1530,134,4,15,81,26,71.3,Compensation,50,50.38,Yes
LA101224,Amreli,999,725,274,681,55,5,12,1,2,85.4,Acquisition,4,27.43,No
LA101225,Kheda,654,580,74,660,148,4,10,27,10,91.4,Handover,47,11.31,No
LA101226,Panchmahal,1457,1112,345,950,359,5,9,0,18,84.5,Handover,40,23.68,No
LA101227,Surat,205,89,116,202,26,3,9,38,11,55.8,Compensation,15,56.59,No
LA101228,Anand,1478,1117,361,1227,251,11,20,26,20,67.4,Compensation,0,24.42,No
LA101229,Banaskantha,273,268,5,261,118,2,8,7,7,92.8,Handover,4,1.83,No
LA101230,Amreli,468,194,274,440,93,5,13,15,10,64.0,Compensation,2,58.55,Yes
LA101231,Anand,1241,1116,125,1697,278,3,9,2,16,93.5,Handover,37,10.07,No
LA101232,Kheda,1114,601,513,1104,552,4,8,32,19,77.9,Compensation,0,46.05,Yes
LA101233,Navsari,1457,1108,349,1875,1261,6,9,29,24,84.8,Acquisition,6,23.95,No
LA101234,Jamnagar,1138,775,363,857,121,8,7,43,14,92.5,Acquisition,54,31.9,Yes
LA101235,Jamnagar,974,656,318,844,99,4,11,25,12,84.8,Acquisition,31,32.65,Yes
LA101236,Junagadh,552,286,266,341,220,5,11,61,6,59.4,Compensation,9,48.19,Yes
LA101237,Bharuch,56,31,25,52,18,5,7,0,5,72.1,Compensation,0,44.64,No
LA101238,Surat,229,136,93,264,130,6,7,148,5,81.9,Acquisition,22,40.61,Yes
LA101239,Anand,482,356,126,629,283,4,8,28,15,91.5,Handover,0,26.14,Yes
LA101240,Gandhinagar,109,42,67,115,45,1,7,0,7,61.8,Compensation,38,61.47,No
LA101241,Valsad,787,672,115,886,72,8,10,27,11,92.0,Handover,54,14.61,No
LA101242,Morbi,1177,765,412,835,61,3,11,34,8,66.1,Objection,18,35.0,No
LA101243,Mehsana,1447,951,496,844,388,6,9,6,20,79.6,Compensation,53,34.28,No
LA101244,Ahmedabad,760,571,189,960,31,6,8,7,13,77.0,Acquisition,25,24.87,No
LA101245,Bharuch,1319,894,425,924,216,6,9,67,16,84.9,Acquisition,34,32.22,Yes
LA101246,Mehsana,1480,1074,406,935,237,9,11,22,12,85.0,Acquisition,14,27.43,No
LA101247,Surat,1297,687,610,1808,93,6,12,13,33,49.8,Notification,78,47.03,Yes
LA101248,Valsad,724,449,275,1026,437,10,3,58,17,76.0,Acquisition,1,37.98,Yes
LA101249,Bharuch,521,428,93,576,144,2,11,0,21,83.0,Acquisition,3,17.85,No
LA101250,Morbi,1468,1013,455,1308,98,8,12,15,19,87.4,Acquisition,0,30.99,No
LA101251,Navsari,401,182,219,521,288,4,5,18,8,59.4,Objection,13,54.61,Yes
LA101252,Banaskantha,647,318,329,475,200,2,9,54,12,70.5,Compensation,1,50.85,Yes
LA101253,Valsad,157,89,68,147,38,1,8,14,5,69.2,Acquisition,28,43.31,Yes
LA101254,Gandhinagar,1201,953,248,1046,282,4,5,0,12,88.1,Handover,16,20.65,No
LA101255,Valsad,992,753,239,1360,347,10,9,0,19,80.2,Acquisition,40,24.09,No
LA101256,Vadodara,173,130,43,238,112,6,5,11,8,91.8,Acquisition,9,24.86,Yes
LA101257,Surat,372,274,98,423,39,3,9,4,8,86.7,Acquisition,7,26.34,No
LA101258,Mehsana,855,422,433,555,143,10,6,0,6,52.0,Objection,41,50.64,No
LA101259,Mehsana,834,291,543,821,502,6,8,38,11,60.6,Compensation,0,65.11,Yes
LA101260,Amreli,1213,269,944,935,158,2,10,30,14,60.6,Objection,41,77.82,Yes
LA101261,Junagadh,436,291,145,587,121,4,8,8,13,84.8,Acquisition,41,33.26,No
LA101262,Jamnagar,1391,1057,334,938,303,3,10,63,20,81.6,Acquisition,15,24.01,Yes
LA101263,Patan,694,450,244,416,55,3,7,59,7,76.2,Compensation,33,35.16,No
LA101264,Bhavnagar,1243,789,454,1472,637,10,10,24,22,84.5,Acquisition,11,36.52,Yes
LA101265,Bhavnagar,395,281,114,378,54,1,11,3,10,82.2,Acquisition,52,28.86,No
LA101266,Sabarkantha,103,73,30,134,36,2,6,13,6,85.5,Acquisition,0,29.13,No
LA101267,Banaskantha,129,74,55,80,8,4,5,7,6,84.7,Compensation,36,42.64,No
LA101268,Navsari,590,311,279,750,165,4,12,13,7,69.0,Compensation,5,47.29,No
LA101269,Banaskantha,1433,1132,301,836,368,3,7,8,12,83.1,Acquisition,31,21.0,No
LA101270,Panchmahal,120,88,32,69,21,0,7,7,2,87.2,Handover,7,26.67,No
LA101271,Rajkot,585,368,217,565,127,2,13,49,15,89.1,Acquisition,14,37.09,Yes
LA101272,Ahmedabad,208,140,68,156,30,3,16,75,1,63.4,Compensation,33,32.69,Yes
LA101273,Ahmedabad,1401,923,478,1519,585,9,15,36,18,87.0,Acquisition,0,34.12,Yes
LA101274,Ahmedabad,1029,600,429,590,294,4,11,48,12,67.6,Compensation,14,41.69,Yes
LA101275,Amreli,1156,722,434,673,110,4,9,6,9,67.2,Compensation,32,37.54,No
LA101276,Vadodara,1084,762,322,1306,402,8,11,43,24,78.1,Compensation,0,29.7,No
LA101277,Jamnagar,1003,467,536,741,137,8,10,6,14,62.4,Compensation,17,53.44,Yes
LA101278,Amreli,1172,596,576,1337,264,8,14,53,22,80.8,Compensation,27,49.15,No
LA101279,Surat,61,40,21,75,20,1,11,15,5,67.1,Compensation,70,34.43,No
LA101280,Jamnagar,1305,610,695,787,113,5,14,23,16,71.1,Objection,45,53.26,No
LA101281,Rajkot,1123,925,198,1396,391,9,8,14,24,84.1,Acquisition,11,17.63,Yes
LA101282,Jamnagar,1122,822,300,888,293,1,10,86,19,74.5,Acquisition,51,26.74,Yes
LA101283,Mehsana,620,274,346,558,170,3,14,43,11,69.3,Compensation,23,55.81,Yes
LA101284,Banaskantha,1212,396,816,761,24,2,14,0,14,58.9,Objection,36,67.33,No
LA101285,Morbi,604,281,323,788,185,1,9,19,12,63.8,Compensation,2,53.48,No
LA101286,Banaskantha,121,88,33,128,65,1,10,38,6,75.5,Acquisition,84,27.27,Yes
LA101287,Rajkot,1367,561,806,1373,262,7,7,34,20,60.7,Objection,9,58.96,Yes
LA101288,Junagadh,390,305,85,554,265,5,6,4,11,88.4,Compensation,54,21.79,No
LA101289,Panchmahal,197,150,47,168,22,5,7,8,7,91.9,Handover,34,23.86,No
LA101290,Kheda,952,628,324,1287,260,7,14,0,13,70.8,Acquisition,19,34.03,Yes
LA101291,Bhavnagar,389,250,139,466,127,1,1,19,9,82.2,Acquisition,0,35.73,No
LA101292,Ahmedabad,1295,626,669,1794,1325,7,11,23,28,68.5,Compensation,28,51.66,Yes
LA101293,Valsad,693,387,306,947,163,5,8,41,11,78.2,Acquisition,39,44.16,Yes
LA101294,Bharuch,56,33,23,81,37,6,5,15,2,81.2,Compensation,28,41.07,No
LA101295,Kheda,1430,987,443,956,130,3,8,41,11,71.1,Compensation,0,30.98,No
LA101296,Bhavnagar,796,405,391,1008,634,7,6,18,13,67.5,Compensation,9,49.12,No
LA101297,Rajkot,431,265,166,549,122,2,12,9,10,82.7,Acquisition,33,38.52,Yes
LA101298,Panchmahal,1032,685,347,1166,530,6,10,12,30,93.7,Handover,7,33.62,No
LA101299,Patan,819,501,318,656,8,5,6,9,8,76.1,Compensation,0,38.83,No
LA101300,Bhavnagar,92,39,53,131,20,2,5,5,4,63.9,Compensation,10,57.61,No
LA101301,Vadodara,1152,813,339,846,331,10,12,15,11,91.5,Acquisition,81,29.43,Yes
LA101302,Rajkot,632,409,223,632,324,6,9,14,6,84.0,Acquisition,66,35.28,No
LA101303,Kheda,1065,666,399,1086,332,5,5,66,16,73.8,Compensation,21,37.46,Yes
LA101304,Patan,1349,537,812,938,382,4,14,37,8,64.7,Objection,16,60.19,Yes
LA101305,Anand,935,546,389,1122,342,6,7,30,28,73.9,Compensation,92,41.6,Yes
LA101306,Jamnagar,1024,826,198,645,211,4,10,17,10,83.4,Handover,0,19.34,No
LA101307,Rajkot,419,280,139,492,50,4,7,7,9,83.9,Acquisition,29,33.17,Yes
LA101308,Patan,394,216,178,518,98,3,6,53,7,77.5,Compensation,2,45.18,No
LA101309,Banaskantha,652,483,169,564,188,2,5,26,9,75.8,Acquisition,65,25.92,Yes
LA101310,Amreli,1287,930,357,1530,703,5,16,46,22,84.6,Handover,10,27.74,Yes
LA101311,Vadodara,810,336,474,560,201,1,11,51,10,57.2,Objection,21,58.52,Yes
LA101312,Bharuch,554,458,96,726,148,4,6,0,11,88.6,Handover,29,17.33,No
LA101313,Mehsana,1181,676,505,1661,498,5,8,0,22,70.8,Acquisition,30,42.76,Yes
LA101314,Junagadh,1288,650,638,885,571,2,14,53,11,63.2,Compensation,4,49.53,No
LA101315,Mehsana,1359,638,721,1594,158,5,12,5,24,75.0,Compensation,22,53.05,Yes
LA101316,Gandhinagar,483,261,222,486,63,3,6,40,12,74.8,Acquisition,6,45.96,Yes
LA101317,Jamnagar,1079,995,84,1110,157,12,9,35,19,85.0,Handover,3,7.78,Yes
LA101318,Junagadh,906,503,403,1074,469,5,10,0,21,78.0,Acquisition,20,44.48,Yes
LA101319,Panchmahal,701,448,253,694,305,2,5,12,15,75.5,Acquisition,45,36.09,No
LA101320,Banaskantha,625,580,45,681,148,7,11,6,18,86.7,Handover,40,7.2,No
LA101321,Jamnagar,216,182,34,164,40,2,3,26,7,88.3,Handover,58,15.74,No
LA101322,Bhavnagar,448,278,170,399,115,3,6,55,14,71.8,Compensation,37,37.95,Yes
LA101323,Bharuch,847,355,492,1125,146,6,8,9,15,63.4,Compensation,9,58.09,No
LA101324,Valsad,1336,907,429,867,154,5,9,57,13,85.5,Acquisition,1,32.11,No
LA101325,Sabarkantha,1307,619,688,1422,76,5,10,1,23,63.8,Compensation,0,52.64,Yes
LA101326,Vadodara,322,150,172,231,119,5,5,3,8,57.2,Objection,34,53.42,No
LA101327,Rajkot,1035,805,230,1358,487,2,15,82,25,77.2,Acquisition,26,22.22,Yes
LA101328,Jamnagar,173,140,33,185,75,8,7,26,7,90.4,Handover,11,19.08,Yes
LA101329,Vadodara,1029,624,405,939,162,2,6,28,10,78.4,Acquisition,49,39.36,No
LA101330,Bharuch,546,308,238,423,217,8,8,12,10,70.2,Compensation,2,43.59,Yes
LA101331,Ahmedabad,702,608,94,662,106,5,10,44,7,92.2,Acquisition,36,13.39,No
LA101332,Surat,1091,860,231,1540,708,6,6,26,24,86.7,Acquisition,0,21.17,Yes
LA101333,Jamnagar,666,414,252,672,178,8,7,0,9,76.8,Acquisition,0,37.84,Yes
LA101334,Mehsana,1221,570,651,1187,387,4,8,27,22,70.6,Compensation,48,53.32,Yes
LA101335,Ahmedabad,824,492,332,1007,79,8,5,12,14,62.4,Acquisition,7,40.29,Yes
LA101336,Jamnagar,1499,938,561,1336,187,4,19,53,21,77.3,Acquisition,41,37.42,Yes
LA101337,Gandhinagar,976,538,438,912,38,6,10,28,11,65.9,Objection,12,44.88,Yes
LA101338,Surat,480,267,213,410,147,4,12,32,11,74.7,Acquisition,14,44.38,Yes
LA101339,Sabarkantha,1174,729,445,805,69,8,15,10,10,80.9,Acquisition,0,37.9,No
LA101340,Sabarkantha,641,472,169,764,377,5,7,83,12,80.5,Acquisition,7,26.37,No
LA101341,Valsad,825,468,357,1102,247,1,7,4,18,81.2,Acquisition,98,43.27,Yes
LA101342,Mehsana,248,110,138,339,6,8,15,35,5,68.8,Objection,8,55.65,No
LA101343,Mehsana,223,140,83,299,56,3,6,25,9,61.1,Acquisition,18,37.22,No
LA101344,Banaskantha,884,603,281,846,656,4,10,38,15,72.5,Compensation,11,31.79,Yes
LA101345,Mehsana,320,166,154,258,68,8,4,17,10,61.4,Objection,18,48.12,Yes
LA101346,Bhavnagar,1497,462,1035,1683,98,7,14,52,25,55.7,Objection,1,69.14,Yes
LA101347,Bharuch,1291,760,531,1819,989,12,13,9,36,69.5,Compensation,42,41.13,Yes
LA101348,Valsad,1066,446,620,1284,478,2,8,19,15,56.6,Compensation,25,58.16,Yes
LA101349,Rajkot,1116,336,780,1111,288,5,11,38,9,49.3,Objection,0,69.89,No
LA101350,Vadodara,913,705,208,1068,583,2,10,24,19,89.1,Acquisition,34,22.78,Yes
LA101351,Mehsana,137,51,86,171,17,2,9,43,6,65.1,Compensation,43,62.77,No
LA101352,Banaskantha,619,281,338,853,472,5,3,18,14,78.2,Compensation,56,54.6,Yes
LA101353,Amreli,769,568,201,951,145,4,7,65,12,82.5,Acquisition,10,26.14,No
LA101354,Valsad,1378,1068,310,1295,216,8,12,7,16,87.1,Acquisition,24,22.5,Yes
LA101355,Ahmedabad,368,196,172,293,40,7,5,1,9,64.2,Compensation,60,46.74,Yes
LA101356,Mehsana,771,613,158,771,235,4,7,33,15,83.4,Acquisition,10,20.49,Yes
LA101357,Junagadh,549,466,83,464,174,2,6,51,9,90.7,Acquisition,21,15.12,No
LA101358,Navsari,244,224,20,341,44,3,9,10,2,88.2,Handover,22,8.2,No
LA101359,Panchmahal,199,130,69,200,121,1,9,66,7,66.5,Compensation,7,34.67,No
LA101360,Panchmahal,580,458,122,565,279,5,7,67,15,89.4,Handover,26,21.03,No
LA101361,Kheda,169,132,37,146,63,0,3,13,4,87.9,Acquisition,14,21.89,No
LA101362,Anand,147,108,39,165,51,4,10,8,5,82.8,Acquisition,0,26.53,Yes
LA101363,Patan,559,222,337,569,400,5,6,2,14,68.0,Compensation,52,60.29,Yes
LA101364,Vadodara,343,244,99,228,44,1,9,76,5,74.2,Acquisition,0,28.86,No
LA101365,Morbi,855,688,167,1139,339,4,8,30,21,85.9,Acquisition,63,19.53,Yes
LA101366,Kheda,75,44,31,65,15,5,5,76,2,86.8,Acquisition,20,41.33,No
LA101367,Mehsana,487,420,67,457,184,4,8,31,14,82.3,Handover,46,13.76,No
LA101368,Morbi,707,303,404,520,213,3,4,0,14,60.8,Objection,15,57.14,Yes
LA101369,Sabarkantha,1447,1050,397,1517,390,9,7,12,23,85.2,Acquisition,8,27.44,No
LA101370,Sabarkantha,970,477,493,1146,586,1,12,0,12,64.0,Compensation,35,50.82,Yes
LA101371,Vadodara,1327,432,895,1782,529,7,17,69,28,49.0,Objection,32,67.45,Yes
LA101372,Anand,548,432,116,327,80,5,7,25,6,67.9,Acquisition,19,21.17,No
LA101373,Morbi,702,323,379,1001,368,5,8,111,15,62.2,Compensation,0,53.99,Yes
LA101374,Gandhinagar,659,415,244,780,226,6,10,85,12,78.2,Acquisition,20,37.03,Yes
LA101375,Mehsana,1337,887,450,1077,422,3,8,4,16,78.2,Compensation,4,33.66,No
LA101376,Gandhinagar,1441,916,525,1058,170,6,13,94,14,83.6,Compensation,22,36.43,Yes
LA101377,Rajkot,1446,626,820,1181,319,5,8,0,20,54.6,Compensation,30,56.71,No
LA101378,Panchmahal,1141,522,619,1527,1216,2,9,24,27,67.0,Compensation,97,54.25,Yes
LA101379,Ahmedabad,780,450,330,634,34,6,10,33,15,65.9,Objection,5,42.31,Yes
LA101380,Panchmahal,834,425,409,806,314,4,5,24,12,73.8,Compensation,43,49.04,No
LA101381,Valsad,1472,561,911,1745,225,5,9,11,24,57.9,Compensation,5,61.89,No
LA101382,Amreli,462,194,268,617,124,4,7,44,13,65.3,Objection,0,58.01,Yes
LA101383,Bharuch,553,401,152,632,147,4,5,0,11,88.9,Acquisition,29,27.49,No
LA101384,Navsari,1351,565,786,1659,364,8,16,79,19,72.3,Compensation,5,58.18,Yes
LA101385,Sabarkantha,610,255,355,431,143,5,6,39,7,78.3,Acquisition,40,58.2,Yes
LA101386,Mehsana,391,259,132,524,200,1,8,7,8,81.3,Compensation,27,33.76,No
LA101387,Vadodara,863,498,365,689,320,5,15,103,19,84.5,Acquisition,7,42.29,Yes
LA101388,Ahmedabad,522,507,15,347,151,3,10,7,7,90.7,Acquisition,88,2.87,No
LA101389,Bhavnagar,1342,577,765,1917,633,8,10,55,21,60.3,Compensation,31,57.0,Yes
LA101390,Morbi,1369,1001,368,1001,140,5,9,6,16,78.1,Handover,31,26.88,No
LA101391,Valsad,494,385,109,332,94,2,9,19,9,86.1,Handover,0,22.06,No
LA101392,Navsari,818,394,424,911,137,4,12,8,10,71.5,Compensation,58,51.83,Yes
LA101393,Surat,1477,1036,441,1236,372,5,12,15,18,85.7,Acquisition,9,29.86,No
LA101394,Amreli,1127,976,151,755,343,8,7,59,20,90.1,Acquisition,60,13.4,Yes
LA101395,Bharuch,362,295,67,395,33,2,8,8,10,86.1,Handover,41,18.51,No
LA101396,Surat,907,758,149,1118,451,1,7,24,19,86.2,Acquisition,60,16.43,Yes
LA101397,Bhavnagar,949,542,407,1199,120,8,14,41,21,75.9,Objection,16,42.89,Yes
LA101398,Bharuch,998,638,360,689,321,4,13,33,15,70.8,Compensation,33,36.07,Yes
LA101399,Bharuch,86,31,55,90,19,5,6,12,4,56.6,Compensation,43,63.95,No
LA101400,Ahmedabad,484,338,146,621,131,5,10,2,9,72.4,Compensation,24,30.17,No
LA101401,Vadodara,1290,864,426,897,460,0,10,62,10,70.0,Compensation,83,33.02,Yes
LA101402,Morbi,400,208,192,295,160,4,8,50,8,77.8,Acquisition,13,48.0,Yes
LA101403,Bharuch,484,334,150,267,51,6,8,43,14,78.2,Acquisition,10,30.99,No
LA101404,Surat,517,220,297,528,258,8,4,0,12,66.7,Objection,8,57.45,No
LA101405,Banaskantha,307,275,32,223,57,4,6,32,4,92.0,Handover,29,10.42,No
LA101406,Vadodara,275,85,190,331,98,5,8,11,10,56.2,Compensation,29,69.09,Yes
LA101407,Rajkot,553,315,238,783,187,4,11,62,12,66.8,Compensation,0,43.04,No
LA101408,Banaskantha,1318,719,599,973,123,4,8,19,14,60.8,Acquisition,0,45.45,No
LA101409,Anand,52,40,12,59,9,4,10,16,6,87.9,Acquisition,19,23.08,No
LA101410,Banaskantha,460,359,101,341,198,3,3,52,4,81.2,Handover,21,21.96,Yes
LA101411,Kheda,137,101,36,78,14,3,7,11,3,82.1,Acquisition,7,26.28,No
LA101412,Bharuch,864,835,29,1065,521,4,9,18,11,91.8,Handover,0,3.36,No
LA101413,Navsari,413,217,196,388,29,2,12,17,10,75.9,Acquisition,21,47.46,No
LA101414,Kheda,1199,853,346,1681,542,6,13,13,21,86.3,Handover,5,28.86,No
LA101415,Kheda,898,491,407,926,216,3,9,29,11,85.3,Compensation,69,45.32,No
LA101416,Valsad,1187,694,493,821,433,5,12,61,12,73.9,Compensation,5,41.53,Yes
LA101417,Morbi,971,609,362,927,287,5,7,32,13,85.9,Acquisition,4,37.28,No
LA101418,Valsad,686,417,269,503,137,5,7,36,12,86.0,Acquisition,0,39.21,Yes
LA101419,Mehsana,1299,710,589,1741,577,8,12,61,18,81.9,Compensation,4,45.34,Yes
LA101420,Bhavnagar,741,414,327,868,419,2,8,9,17,73.1,Compensation,50,44.13,Yes
LA101421,Navsari,1428,775,653,1224,463,2,7,0,16,65.0,Compensation,15,45.73,Yes
LA101422,Anand,1493,1144,349,1530,562,6,2,0,32,83.4,Acquisition,36,23.38,No
LA101423,Anand,904,634,270,1042,491,7,8,37,19,72.7,Acquisition,1,29.87,No
LA101424,Mehsana,1028,941,87,1290,570,4,6,3,16,92.8,Handover,3,8.46,No
LA101425,Valsad,420,205,215,261,124,7,10,0,6,72.7,Compensation,10,51.19,Yes
LA101426,Mehsana,1232,764,468,703,241,5,10,0,7,81.2,Compensation,40,37.99,Yes
LA101427,Surat,1024,780,244,669,167,4,6,0,11,85.6,Acquisition,191,23.83,No
LA101428,Navsari,1359,917,442,1231,258,3,8,11,16,77.5,Compensation,46,32.52,Yes
LA101429,Sabarkantha,437,309,128,424,100,7,6,18,9,69.7,Handover,0,29.29,No
LA101430,Valsad,1192,838,354,802,184,1,11,0,16,84.6,Handover,21,29.7,No
LA101431,Jamnagar,732,548,184,673,279,2,9,28,14,79.1,Acquisition,24,25.14,No
LA101432,Anand,318,226,92,301,36,7,10,30,8,83.9,Acquisition,5,28.93,No
LA101433,Sabarkantha,298,184,114,193,43,4,17,66,8,71.0,Acquisition,9,38.26,Yes
LA101434,Anand,865,488,377,1189,475,4,7,2,17,65.7,Compensation,44,43.58,Yes
LA101435,Valsad,513,251,262,559,55,3,9,16,14,62.6,Compensation,32,51.07,No
LA101436,Sabarkantha,197,107,90,177,88,2,8,5,8,76.2,Acquisition,73,45.69,No
LA101437,Ahmedabad,669,558,111,673,214,4,5,36,13,91.4,Handover,20,16.59,No
LA101438,Patan,997,742,255,830,33,6,8,21,12,79.9,Compensation,31,25.58,Yes
LA101439,Panchmahal,512,294,218,675,313,5,11,7,6,69.2,Compensation,0,42.58,Yes
LA101440,Ahmedabad,1436,340,1096,1533,342,4,18,23,17,64.6,Objection,5,76.32,Yes
LA101441,Vadodara,1181,621,560,1176,265,11,12,24,26,67.4,Acquisition,0,47.42,Yes
LA101442,Morbi,793,558,235,1086,153,5,9,29,11,75.8,Acquisition,0,29.63,No
LA101443,Rajkot,1406,766,640,1834,269,6,10,20,25,76.5,Compensation,28,45.52,Yes
LA101444,Surat,678,543,135,869,73,5,7,73,14,81.2,Acquisition,1,19.91,Yes
LA101445,Kheda,252,98,154,190,13,5,9,42,9,58.8,Compensation,25,61.11,Yes
LA101446,Rajkot,102,61,41,70,30,4,7,60,8,75.1,Compensation,10,40.2,Yes
LA101447,Patan,1411,569,842,1652,120,10,11,11,25,52.7,Objection,55,59.67,Yes
LA101448,Amreli,1442,643,799,1401,415,8,11,8,18,66.9,Objection,18,55.41,Yes
LA101449,Bhavnagar,1122,747,375,1308,366,6,12,42,16,70.2,Compensation,24,33.42,Yes
LA101450,Surat,199,132,67,246,44,4,6,4,4,66.8,Compensation,71,33.67,No
LA101451,Amreli,476,300,176,388,201,4,9,15,11,85.4,Compensation,17,36.97,No
LA101452,Patan,109,59,50,88,13,4,9,146,6,69.2,Compensation,9,45.87,Yes
LA101453,Ahmedabad,124,110,14,123,25,1,14,1,6,81.8,Acquisition,26,11.29,No
LA101454,Morbi,407,219,188,324,61,3,9,32,5,56.8,Compensation,1,46.19,No
LA101455,Mehsana,880,423,457,1012,424,6,14,23,14,76.4,Compensation,0,51.93,Yes
LA101456,Surat,145,109,36,177,39,5,7,23,5,75.6,Handover,53,24.83,No
LA101457,Ahmedabad,1478,220,1258,1441,315,3,13,20,18,62.6,Notification,14,85.12,Yes
LA101458,Banaskantha,710,598,112,853,141,7,6,75,11,89.1,Handover,60,15.77,No
LA101459,Ahmedabad,432,228,204,436,57,2,11,4,16,73.7,Compensation,0,47.22,No
LA101460,Gandhinagar,798,534,264,951,42,2,10,8,18,74.7,Compensation,0,33.08,Yes
LA101461,Morbi,1196,792,404,900,333,4,8,23,15,76.0,Acquisition,37,33.78,Yes
LA101462,Anand,503,339,164,611,153,2,11,44,9,78.1,Compensation,44,32.6,Yes
LA101463,Junagadh,118,63,55,141,19,5,6,11,6,61.5,Compensation,18,46.61,No
LA101464,Mehsana,123,55,68,97,33,1,12,10,8,63.4,Compensation,41,55.28,Yes
LA101465,Kheda,1286,833,453,1351,270,8,7,44,22,82.4,Acquisition,13,35.23,Yes
LA101466,Vadodara,211,146,65,278,125,1,6,33,7,72.5,Acquisition,33,30.81,No
LA101467,Rajkot,972,815,157,753,326,6,6,87,8,94.3,Handover,8,16.15,No
LA101468,Patan,607,457,150,736,123,1,5,53,10,91.8,Handover,8,24.71,Yes
LA101469,Rajkot,1178,743,435,1659,183,8,7,83,15,77.0,Acquisition,19,36.93,No
LA101470,Ahmedabad,137,89,48,182,80,3,8,78,1,79.7,Acquisition,2,35.04,Yes
LA101471,Rajkot,1352,1028,324,1232,446,2,7,20,21,90.4,Handover,6,23.96,No
LA101472,Sabarkantha,1063,807,256,1166,210,7,8,14,24,83.1,Acquisition,49,24.08,Yes
LA101473,Sabarkantha,701,394,307,1011,402,7,9,3,11,77.0,Compensation,22,43.79,No
LA101474,Mehsana,350,247,103,372,130,7,2,28,5,68.2,Acquisition,48,29.43,Yes
LA101475,Valsad,1467,1132,335,959,156,4,11,11,10,86.2,Handover,4,22.84,No
LA101476,Junagadh,488,99,389,288,153,6,6,12,5,53.1,Notification,32,79.71,Yes
LA101477,Valsad,761,510,251,960,242,2,6,0,20,76.5,Acquisition,12,32.98,No
LA101478,Surat,621,449,172,578,109,2,7,5,9,92.3,Handover,17,27.7,Yes
LA101479,Mehsana,384,225,159,296,58,5,13,16,3,71.6,Acquisition,19,41.41,Yes
LA101480,Junagadh,654,514,140,564,198,3,12,17,5,90.9,Handover,8,21.41,No
LA101481,Navsari,269,229,40,331,76,6,10,14,13,89.4,Acquisition,1,14.87,No
LA101482,Gandhinagar,52,35,17,50,25,6,6,47,5,72.8,Acquisition,0,32.69,No
LA101483,Panchmahal,470,315,155,626,112,2,8,0,8,77.0,Compensation,16,32.98,No
LA101484,Banaskantha,212,146,66,257,69,3,11,12,5,63.2,Compensation,17,31.13,No
LA101485,Patan,651,384,267,929,301,5,8,10,15,78.3,Acquisition,34,41.01,No
LA101486,Amreli,1301,1222,79,1756,293,10,9,0,29,91.1,Acquisition,32,6.07,No
LA101487,Panchmahal,285,245,40,222,121,5,8,33,5,83.7,Handover,3,14.04,No
LA101488,Kheda,51,34,17,58,26,1,5,25,2,76.1,Acquisition,8,33.33,No
LA101489,Bharuch,211,147,64,120,14,4,7,28,8,77.4,Acquisition,5,30.33,No
LA101490,Junagadh,787,455,332,1135,540,1,7,26,20,61.9,Compensation,17,42.19,Yes
LA101491,Valsad,448,305,143,352,174,3,9,2,6,82.9,Acquisition,8,31.92,No
LA101492,Anand,760,488,272,873,146,2,7,19,15,81.0,Compensation,65,35.79,Yes
LA101493,Patan,92,63,29,121,59,4,5,11,4,84.8,Handover,9,31.52,No
LA101494,Banaskantha,533,304,229,370,62,3,8,21,8,67.2,Compensation,5,42.96,Yes
LA101495,Bhavnagar,645,283,362,847,167,3,8,76,14,62.1,Compensation,5,56.12,Yes
LA101496,Panchmahal,675,329,346,379,30,5,7,44,13,68.9,Compensation,27,51.26,No
LA101497,Kheda,849,381,468,805,293,4,10,64,21,68.2,Acquisition,52,55.12,Yes
LA101498,Bhavnagar,1182,343,839,1152,353,6,5,37,19,53.2,Objection,8,70.98,Yes
LA101499,Mehsana,727,392,335,645,241,3,12,61,11,72.8,Acquisition,7,46.08,Yes
LA101500,Surat,1270,598,672,1369,365,9,11,6,21,66.4,Compensation,10,52.91,Yes
LA101501,Mehsana,818,662,156,1123,328,7,9,57,11,90.7,Acquisition,32,19.07,No
LA101502,Bhavnagar,427,179,248,361,194,8,11,62,7,63.2,Objection,10,58.08,Yes
LA101503,Rajkot,382,269,113,409,137,4,8,39,10,77.5,Acquisition,65,29.58,No
LA101504,Bharuch,517,490,27,693,191,3,6,32,15,86.4,Handover,29,5.22,No
LA101505,Anand,916,647,269,1141,340,5,9,19,17,70.9,Compensation,19,29.37,Yes
LA101506,Patan,401,154,247,235,117,3,12,8,7,62.5,Compensation,17,61.6,Yes
LA101507,Anand,1376,981,395,1924,732,2,17,6,24,85.6,Acquisition,0,28.71,No
LA101508,Gandhinagar,746,439,307,442,78,2,7,44,14,83.1,Acquisition,7,41.15,No
LA101509,Bharuch,1302,709,593,1406,820,5,13,37,19,65.7,Objection,0,45.55,Yes
LA101510,Patan,1041,498,543,1112,366,7,10,41,18,59.1,Compensation,84,52.16,Yes
LA101511,Bharuch,533,278,255,670,115,3,9,6,12,63.8,Compensation,0,47.84,No
LA101512,Vadodara,381,193,188,260,142,2,9,59,8,73.6,Compensation,35,49.34,Yes
LA101513,Bharuch,1129,729,400,803,185,3,9,35,17,82.7,Acquisition,26,35.43,Yes
LA101514,Jamnagar,529,327,202,649,189,5,9,0,13,65.5,Acquisition,1,38.19,No
LA101515,Amreli,408,353,55,279,13,0,5,2,10,93.1,Handover,32,13.48,No
LA101516,Patan,1399,806,593,1361,233,3,15,9,24,78.3,Objection,7,42.39,Yes
LA101517,Rajkot,750,320,430,906,205,3,11,30,21,68.4,Acquisition,50,57.33,Yes
LA101518,Morbi,120,69,51,136,54,4,6,3,4,71.3,Compensation,0,42.5,No
LA101519,Ahmedabad,767,484,283,567,158,3,9,5,12,76.5,Compensation,59,36.9,Yes
LA101520,Morbi,718,334,384,591,182,2,12,0,11,72.0,Objection,3,53.48,No
LA101521,Surat,1303,402,901,1853,469,8,11,34,26,48.7,Notification,91,69.15,Yes
LA101522,Gandhinagar,1082,556,526,1032,477,5,12,20,17,69.1,Objection,17,48.61,Yes
LA101523,Sabarkantha,327,154,173,193,78,5,7,0,3,66.0,Compensation,49,52.91,No
LA101524,Kheda,268,173,95,200,8,4,9,12,5,80.7,Acquisition,90,35.45,No
LA101525,Sabarkantha,925,553,372,794,446,3,12,0,19,69.9,Compensation,0,40.22,No
LA101526,Surat,118,62,56,171,93,1,12,43,7,65.3,Compensation,0,47.46,Yes
LA101527,Ahmedabad,512,347,165,421,93,4,7,12,8,68.2,Acquisition,22,32.23,No
LA101528,Surat,250,128,122,143,30,4,10,20,9,62.7,Objection,14,48.8,No
LA101529,Jamnagar,79,64,15,80,24,6,9,115,2,83.9,Handover,4,18.99,No
LA101530,Gandhinagar,1383,560,823,865,280,6,9,12,12,66.8,Objection,12,59.51,Yes
LA101531,Sabarkantha,180,98,82,143,48,8,5,5,6,66.0,Compensation,0,45.56,No
LA101532,Mehsana,63,45,18,91,37,5,9,42,8,86.4,Acquisition,30,28.57,Yes
LA101533,Patan,1403,1011,392,1661,479,7,12,2,22,77.0,Acquisition,19,27.94,No
LA101534,Mehsana,323,224,99,192,22,2,4,128,9,78.9,Acquisition,30,30.65,No
LA101535,Bharuch,1234,1063,171,1177,120,10,10,22,24,82.1,Handover,0,13.86,No
LA101536,Sabarkantha,95,25,70,67,9,3,3,59,5,50.6,Notification,70,73.68,Yes
LA101537,Bharuch,272,194,78,180,54,3,6,0,4,89.3,Acquisition,29,28.68,No
LA101538,Jamnagar,210,170,40,226,32,3,4,44,6,88.6,Handover,0,19.05,No
LA101539,Patan,1074,789,285,1079,367,4,5,29,13,86.1,Acquisition,20,26.54,Yes
LA101540,Valsad,949,524,425,1156,359,3,9,22,24,76.8,Acquisition,110,44.78,Yes
LA101541,Gandhinagar,739,462,277,1000,232,2,7,6,20,71.4,Compensation,15,37.48,No
LA101542,Amreli,400,276,124,309,200,2,5,0,11,85.3,Compensation,0,31.0,No
LA101543,Morbi,178,130,48,246,41,2,4,9,12,80.5,Acquisition,26,26.97,No
LA101544,Bharuch,875,384,491,889,217,2,10,3,17,73.4,Compensation,63,56.11,Yes
LA101545,Rajkot,384,271,113,301,160,1,5,10,6,84.8,Acquisition,32,29.43,No
LA101546,Banaskantha,906,566,340,1188,202,4,6,15,24,73.4,Acquisition,17,37.53,No
LA101547,Mehsana,1047,672,375,609,162,3,13,19,10,74.8,Handover,3,35.82,No
LA101548,Navsari,1282,1119,163,1351,152,6,5,24,24,91.1,Handover,6,12.71,No
LA101549,Patan,766,517,249,919,67,4,6,15,18,81.7,Acquisition,46,32.51,No
LA101550,Kheda,56,32,24,45,27,4,5,55,3,65.9,Compensation,17,42.86,Yes
LA101551,Rajkot,457,223,234,607,290,3,9,36,11,62.9,Objection,14,51.2,No
LA101552,Rajkot,1288,1056,232,987,280,3,10,1,18,86.0,Handover,1,18.01,No
LA101553,Amreli,823,300,523,1075,215,6,10,12,18,65.1,Objection,11,63.55,Yes
LA101554,Ahmedabad,948,477,471,588,382,3,12,31,13,87.5,Compensation,29,49.68,Yes
LA101555,Ahmedabad,714,519,195,495,198,7,8,10,13,72.7,Handover,11,27.31,Yes
LA101556,Ahmedabad,286,101,185,255,164,2,9,23,5,55.1,Notification,0,64.69,No
LA101557,Ahmedabad,1351,705,646,1781,152,7,8,2,32,81.0,Objection,55,47.82,Yes
LA101558,Amreli,1171,761,410,796,215,5,13,45,10,78.6,Acquisition,2,35.01,Yes
LA101559,Panchmahal,1494,862,632,1999,73,5,11,56,33,75.2,Compensation,8,42.3,Yes
LA101560,Mehsana,1291,1015,276,977,164,3,7,13,10,86.2,Acquisition,11,21.38,No
LA101561,Rajkot,472,195,277,452,275,2,13,1,2,50.9,Compensation,8,58.69,Yes
LA101562,Patan,418,277,141,363,66,3,7,26,9,82.2,Handover,33,33.73,No
LA101563,Patan,410,329,81,269,150,3,8,1,16,82.6,Acquisition,18,19.76,Yes
LA101564,Amreli,1383,758,625,1936,247,5,12,50,19,78.9,Compensation,7,45.19,Yes
LA101565,Banaskantha,858,367,491,810,51,6,11,15,14,78.3,Compensation,0,57.23,No
LA101566,Vadodara,709,436,273,830,228,1,5,51,16,72.6,Compensation,13,38.5,Yes
LA101567,Banaskantha,1454,704,750,1552,739,5,13,39,27,64.3,Compensation,34,51.58,Yes
LA101568,Patan,925,280,645,926,299,2,8,20,19,62.7,Objection,3,69.73,Yes
LA101569,Rajkot,1369,1109,260,1513,375,7,7,7,21,86.2,Acquisition,56,18.99,Yes
LA101570,Surat,1478,606,872,2008,467,4,16,40,32,70.7,Objection,6,59.0,Yes
LA101571,Patan,165,81,84,195,66,8,11,24,10,63.6,Objection,32,50.91,No
LA101572,Panchmahal,574,280,294,591,128,3,15,71,10,55.3,Objection,51,51.22,Yes
LA101573,Patan,1115,614,501,1261,735,8,13,29,15,65.7,Compensation,17,44.93,Yes
LA101574,Rajkot,1229,691,538,1347,614,5,13,10,17,67.3,Compensation,0,43.78,No
LA101575,Rajkot,265,142,123,249,124,3,8,7,5,71.1,Compensation,39,46.42,No
LA101576,Panchmahal,511,388,123,568,224,6,4,19,13,85.6,Handover,0,24.07,No
LA101577,Valsad,845,408,437,802,265,5,10,73,15,57.2,Compensation,20,51.72,Yes
LA101578,Amreli,1209,904,305,1489,224,9,6,0,13,92.0,Handover,45,25.23,Yes
LA101579,Bharuch,213,111,102,303,102,5,7,22,4,75.8,Compensation,5,47.89,No
LA101580,Kheda,921,757,164,1302,483,8,7,5,21,85.6,Handover,36,17.81,Yes
LA101581,Morbi,480,403,77,619,67,4,6,49,8,77.6,Acquisition,14,16.04,No
LA101582,Amreli,363,332,31,396,57,2,7,39,10,87.6,Handover,17,8.54,No
LA101583,Kheda,797,371,426,976,287,3,5,25,14,84.3,Compensation,38,53.45,No
LA101584,Bharuch,650,462,188,462,233,4,8,48,6,71.2,Acquisition,18,28.92,No
LA101585,Sabarkantha,972,551,421,954,266,3,4,3,16,75.3,Objection,30,43.31,Yes
LA101586,Vadodara,510,500,10,399,82,6,5,20,12,91.0,Handover,0,1.96,No
LA101587,Anand,1244,699,545,688,160,1,7,23,12,78.6,Acquisition,0,43.81,Yes
LA101588,Junagadh,163,89,74,231,79,2,5,14,10,78.0,Compensation,18,45.4,No
LA101589,Patan,1300,835,465,1726,391,8,13,26,17,76.9,Compensation,0,35.77,Yes
LA101590,Gandhinagar,93,41,52,94,18,4,8,26,9,62.1,Objection,10,55.91,No
LA101591,Sabarkantha,1117,612,505,870,89,2,17,25,16,71.0,Compensation,5,45.21,Yes
LA101592,Sabarkantha,552,501,51,648,474,1,3,17,14,92.0,Handover,0,9.24,No
LA101593,Panchmahal,606,428,178,570,263,6,7,18,15,71.0,Compensation,75,29.37,Yes
LA101594,Panchmahal,77,47,30,98,19,7,3,18,6,81.9,Acquisition,4,38.96,No
LA101595,Kheda,1068,1043,25,1548,320,9,10,63,18,92.0,Handover,49,2.34,No
LA101596,Navsari,290,115,175,251,77,4,10,26,9,65.2,Compensation,6,60.34,Yes
LA101597,Surat,1006,681,325,775,293,7,9,10,17,85.1,Acquisition,59,32.31,No
LA101598,Amreli,1102,1020,82,871,88,5,6,4,15,79.2,Handover,44,7.44,No
LA101599,Ahmedabad,1276,843,433,809,42,1,7,65,15,74.7,Compensation,0,33.93,No
LA101600,Gandhinagar,1077,572,505,974,224,3,16,83,15,72.3,Compensation,6,46.89,Yes
LA101601,Gandhinagar,487,282,205,275,144,4,8,36,10,68.3,Compensation,6,42.09,Yes
LA101602,Mehsana,1121,659,462,732,450,4,17,8,10,65.0,Compensation,35,41.21,No
LA101603,Rajkot,1248,700,548,992,241,3,11,38,17,65.9,Compensation,32,43.91,Yes
LA101604,Anand,510,319,191,354,192,2,4,34,6,63.2,Compensation,16,37.45,No
LA101605,Surat,230,123,107,278,130,9,4,20,4,74.6,Compensation,6,46.52,Yes
LA101606,Mehsana,1341,480,861,865,441,4,10,57,8,56.4,Objection,46,64.21,Yes
LA101607,Panchmahal,264,150,114,351,192,3,7,14,6,77.7,Acquisition,0,43.18,No
LA101608,Patan,911,587,324,682,294,4,14,1,11,84.2,Acquisition,9,35.57,Yes
LA101609,Amreli,392,256,136,254,75,5,4,14,9,77.0,Compensation,18,34.69,No
LA101610,Anand,232,102,130,130,55,4,9,109,5,67.8,Compensation,8,56.03,Yes
LA101611,Navsari,1176,1009,167,1404,451,8,9,5,24,93.5,Handover,8,14.2,No
LA101612,Ahmedabad,258,213,45,201,24,3,0,40,10,87.4,Acquisition,4,17.44,No
LA101613,Amreli,1022,432,590,1031,580,10,9,36,16,67.5,Objection,41,57.73,Yes
LA101614,Anand,1055,576,479,686,158,4,14,44,11,73.4,Compensation,43,45.4,Yes
LA101615,Panchmahal,137,57,80,197,35,5,5,5,6,60.2,Objection,0,58.39,No
LA101616,Junagadh,300,221,79,199,72,1,6,2,16,87.2,Handover,28,26.33,Yes
LA101617,Ahmedabad,1202,941,261,1107,489,7,6,53,12,90.8,Handover,0,21.71,No
LA101618,Sabarkantha,786,638,148,1035,620,7,9,19,17,83.7,Handover,7,18.83,Yes
LA101619,Mehsana,226,168,58,174,83,1,4,8,9,76.7,Compensation,14,25.66,No
LA101620,Navsari,1489,538,951,1177,447,4,28,0,23,58.1,Compensation,7,63.87,Yes
LA101621,Kheda,434,370,64,554,202,1,6,29,11,89.3,Handover,3,14.75,Yes
LA101622,Morbi,55,47,8,44,13,4,3,98,5,82.7,Handover,0,14.55,No
LA101623,Amreli,1390,1053,337,768,231,2,4,11,15,75.9,Acquisition,5,24.24,No
LA101624,Gandhinagar,74,32,42,69,8,2,11,74,8,55.4,Objection,20,56.76,Yes
LA101625,Jamnagar,852,368,484,478,69,5,6,7,10,57.7,Compensation,37,56.81,No
LA101626,Sabarkantha,1490,951,539,2040,676,9,14,25,34,88.9,Compensation,0,36.17,Yes
LA101627,Bharuch,888,578,310,1001,40,7,5,4,22,81.0,Acquisition,20,34.91,No
LA101628,Panchmahal,898,412,486,965,315,6,8,68,12,73.3,Objection,16,54.12,Yes
LA101629,Kheda,613,454,159,448,124,2,2,5,12,75.0,Acquisition,0,25.94,No
LA101630,Sabarkantha,234,144,90,276,61,6,8,3,5,76.3,Acquisition,19,38.46,No
LA101631,Surat,880,504,376,1020,189,3,7,20,13,70.9,Acquisition,18,42.73,No
LA101632,Bhavnagar,1351,574,777,817,339,6,12,1,17,62.2,Compensation,43,57.51,Yes
LA101633,Banaskantha,182,91,91,244,70,5,2,37,9,76.4,Compensation,21,50.0,Yes
LA101634,Bhavnagar,1327,1025,302,1422,227,5,10,23,15,81.8,Acquisition,13,22.76,No
LA101635,Bharuch,652,312,340,824,120,6,12,6,10,56.8,Objection,10,52.15,No
LA101636,Gandhinagar,828,397,431,651,128,4,7,2,9,53.0,Notification,0,52.05,No
LA101637,Bhavnagar,290,167,123,191,30,4,9,5,8,86.5,Acquisition,8,42.41,No
LA101638,Gandhinagar,952,743,209,1125,797,7,3,6,12,77.0,Acquisition,0,21.95,No
LA101639,Bhavnagar,314,187,127,397,137,3,4,22,9,73.4,Compensation,0,40.45,No
LA101640,Banaskantha,446,357,89,400,148,3,4,20,12,83.7,Compensation,30,19.96,No
LA101641,Gandhinagar,1097,495,602,627,136,8,12,161,9,83.1,Compensation,0,54.88,Yes
LA101642,Panchmahal,123,73,50,158,74,3,4,17,3,68.2,Acquisition,28,40.65,Yes
LA101643,Mehsana,698,374,324,513,68,5,7,22,10,67.4,Compensation,41,46.42,Yes
LA101644,Ahmedabad,912,622,290,780,111,2,12,0,9,82.1,Compensation,5,31.8,No
LA101645,Vadodara,241,173,68,269,106,5,9,49,6,84.1,Acquisition,24,28.22,Yes
LA101646,Valsad,477,292,185,305,80,5,8,2,9,79.1,Compensation,6,38.78,No
LA101647,Rajkot,548,211,337,337,95,2,9,0,7,65.8,Objection,0,61.5,No
LA101648,Gandhinagar,1012,300,712,580,70,3,10,0,5,56.4,Objection,19,70.36,No
LA101649,Amreli,1467,1064,403,2017,740,7,8,23,28,83.8,Handover,16,27.47,Yes
LA101650,Vadodara,1263,968,295,1049,153,6,6,31,12,75.8,Compensation,4,23.36,No
LA101651,Mehsana,325,259,66,372,112,3,12,16,12,80.5,Acquisition,15,20.31,No
LA101652,Patan,76,32,44,109,56,5,14,23,9,54.6,Objection,43,57.89,Yes
LA101653,Banaskantha,125,74,51,144,63,7,13,52,9,76.1,Objection,14,40.8,Yes
LA101654,Gandhinagar,914,686,228,935,222,3,8,3,14,67.5,Acquisition,26,24.95,No
LA101655,Surat,276,238,38,281,203,4,8,92,8,90.2,Acquisition,20,13.77,Yes
LA101656,Patan,385,244,141,342,71,1,12,28,5,70.1,Acquisition,37,36.62,Yes
LA101657,Anand,1279,645,634,1394,268,8,12,7,23,76.0,Compensation,53,49.57,Yes
LA101658,Rajkot,1318,1041,277,1862,678,5,7,6,29,87.6,Acquisition,40,21.02,No
LA101659,Bharuch,1267,370,897,1595,211,9,9,12,25,55.7,Notification,38,70.8,Yes
LA101660,Bhavnagar,418,297,121,389,149,6,11,22,10,63.7,Compensation,0,28.95,Yes
LA101661,Rajkot,949,682,267,806,380,5,6,28,10,91.1,Handover,31,28.13,No
LA101662,Bharuch,936,521,415,1259,592,5,8,0,15,74.1,Acquisition,26,44.34,Yes
LA101663,Vadodara,318,219,99,214,124,2,12,38,6,86.6,Handover,0,31.13,No
LA101664,Sabarkantha,853,469,384,1121,173,4,10,46,11,71.4,Compensation,7,45.02,No
LA101665,Anand,812,495,317,633,84,3,10,18,7,67.3,Compensation,4,39.04,No
LA101666,Surat,624,355,269,745,8,5,9,19,14,69.7,Compensation,19,43.11,No
LA101667,Patan,1140,699,441,1454,437,7,12,32,20,73.4,Objection,11,38.68,Yes
LA101668,Kheda,1033,690,343,1012,296,10,9,9,12,72.2,Compensation,42,33.2,Yes
LA101669,Kheda,822,473,349,594,211,0,7,59,8,84.2,Compensation,3,42.46,No
LA101670,Vadodara,1103,557,546,1445,92,3,5,18,28,57.0,Compensation,7,49.5,Yes
LA101671,Bhavnagar,1157,489,668,1019,355,8,9,25,17,55.1,Compensation,15,57.74,Yes
LA101672,Bhavnagar,872,418,454,731,239,4,10,20,14,68.0,Compensation,0,52.06,Yes
LA101673,Anand,438,272,166,442,119,4,11,0,11,73.2,Acquisition,24,37.9,No
LA101674,Navsari,1150,971,179,1083,493,4,9,48,14,93.9,Acquisition,39,15.57,Yes
LA101675,Bharuch,1091,531,560,1271,131,4,15,35,15,86.2,Acquisition,63,51.33,Yes
LA101676,Valsad,1476,1418,58,994,148,7,5,57,29,93.0,Handover,44,3.93,No
LA101677,Bhavnagar,267,203,64,252,55,3,13,48,3,76.2,Acquisition,0,23.97,Yes
LA101678,Rajkot,658,451,207,890,157,3,4,80,25,92.3,Acquisition,27,31.46,No
LA101679,Rajkot,1391,1025,366,810,139,3,14,1,11,92.0,Handover,8,26.31,No
LA101680,Kheda,796,667,129,765,160,5,12,86,13,81.9,Handover,7,16.21,No
LA101681,Bharuch,1417,744,673,1622,831,5,11,0,21,59.6,Compensation,25,47.49,Yes
LA101682,Jamnagar,68,29,39,92,26,2,7,11,3,53.0,Objection,23,57.35,Yes
LA101683,Vadodara,101,75,26,110,59,2,8,3,3,82.0,Acquisition,23,25.74,No
LA101684,Rajkot,1205,759,446,1557,262,9,13,26,16,71.9,Acquisition,27,37.01,Yes
LA101685,Mehsana,570,313,257,428,233,8,6,44,14,77.6,Compensation,47,45.09,Yes
LA101686,Banaskantha,804,370,434,697,211,3,10,9,12,64.9,Objection,14,53.98,No
LA101687,Morbi,671,606,65,938,144,5,8,24,14,91.2,Handover,0,9.69,No
LA101688,Panchmahal,641,477,164,864,157,5,7,14,16,79.7,Compensation,17,25.59,No
LA101689,Patan,1413,838,575,1487,162,4,12,16,31,69.3,Compensation,45,40.69,Yes
LA101690,Banaskantha,186,106,80,182,44,5,5,48,5,75.5,Compensation,6,43.01,No
LA101691,Morbi,1170,863,307,1118,232,4,12,5,12,76.1,Acquisition,58,26.24,No
LA101692,Amreli,1340,706,634,808,163,3,4,0,23,74.7,Compensation,7,47.31,Yes
LA101693,Sabarkantha,1003,949,54,1357,435,9,9,6,22,90.7,Handover,76,5.38,Yes
LA101694,Rajkot,623,312,311,801,141,2,12,25,11,70.1,Compensation,24,49.92,No
LA101695,Rajkot,282,180,102,271,64,7,10,35,6,84.0,Acquisition,42,36.17,No
LA101696,Bharuch,1040,512,528,834,251,5,13,47,18,62.4,Compensation,0,50.77,Yes
LA101697,Mehsana,730,367,363,627,237,2,15,12,13,61.7,Compensation,26,49.73,Yes
LA101698,Gandhinagar,266,196,70,176,37,3,15,2,10,84.2,Compensation,30,26.32,No
LA101699,Valsad,571,393,178,685,326,4,11,12,14,92.8,Acquisition,48,31.17,Yes
LA101700,Ahmedabad,1445,1147,298,1519,777,4,9,2,19,86.4,Handover,37,20.62,Yes
LA101701,Surat,435,373,62,331,169,0,4,22,13,87.1,Handover,0,14.25,No
LA101702,Amreli,308,216,92,342,49,1,12,50,5,82.5,Handover,4,29.87,No
LA101703,Mehsana,1039,388,651,1487,167,10,12,30,18,66.0,Objection,0,62.66,Yes
LA101704,Mehsana,339,215,124,224,36,4,8,23,6,77.5,Compensation,30,36.58,No
LA101705,Navsari,1384,750,634,1332,472,9,7,31,21,77.6,Compensation,46,45.81,Yes
LA101706,Navsari,1296,759,537,1289,578,2,9,41,24,88.9,Acquisition,28,41.44,Yes
LA101707,Amreli,1477,756,721,1034,64,4,12,19,15,69.5,Compensation,41,48.82,Yes
LA101708,Morbi,1374,1252,122,1413,159,3,6,0,14,86.2,Handover,53,8.88,No
LA101709,Ahmedabad,403,257,146,441,13,4,4,64,4,76.8,Compensation,0,36.23,No
LA101710,Bharuch,357,126,231,247,100,7,9,18,4,52.5,Objection,0,64.71,Yes
LA101711,Rajkot,547,382,165,377,49,5,8,26,7,75.1,Handover,0,30.16,No
LA101712,Bharuch,731,441,290,965,620,2,8,24,19,67.3,Compensation,4,39.67,Yes
LA101713,Amreli,1326,737,589,1101,574,7,13,22,15,81.9,Acquisition,7,44.42,Yes
LA101714,Kheda,1114,943,171,1245,585,7,12,4,18,78.0,Handover,50,15.35,Yes
LA101715,Bhavnagar,985,737,248,1097,224,5,6,99,16,84.3,Acquisition,11,25.18,Yes
LA101716,Mehsana,1324,883,441,1728,1012,9,7,17,27,70.4,Compensation,0,33.31,Yes
LA101717,Panchmahal,987,416,571,1200,188,3,12,51,19,61.7,Objection,29,57.85,Yes
LA101718,Rajkot,600,312,288,784,423,3,13,22,10,83.1,Acquisition,77,48.0,Yes
LA101719,Patan,649,506,143,722,608,3,7,1,11,90.0,Acquisition,5,22.03,Yes
LA101720,Kheda,800,556,244,764,262,6,7,15,14,91.3,Handover,26,30.5,Yes
LA101721,Rajkot,178,160,18,161,16,9,4,23,6,89.3,Acquisition,0,10.11,No
LA101722,Vadodara,1126,279,847,1003,208,8,9,8,15,53.3,Notification,20,75.22,Yes
LA101723,Patan,997,695,302,924,154,2,6,16,17,81.2,Acquisition,28,30.29,No
LA101724,Junagadh,1110,896,214,740,52,3,6,67,8,86.0,Acquisition,5,19.28,No
LA101725,Sabarkantha,824,528,296,768,211,2,11,0,16,72.4,Acquisition,13,35.92,No
LA101726,Mehsana,1186,886,300,1068,325,3,3,24,19,90.6,Handover,25,25.3,No
LA101727,Bharuch,1428,773,655,830,147,0,8,12,8,83.5,Acquisition,36,45.87,No
LA101728,Morbi,876,383,493,699,200,5,13,52,6,71.5,Compensation,6,56.28,Yes
LA101729,Surat,694,489,205,851,166,4,8,3,13,89.0,Compensation,10,29.54,No
LA101730,Junagadh,201,112,89,215,97,3,9,42,3,81.7,Objection,8,44.28,No
LA101731,Mehsana,1179,685,494,1504,88,5,13,0,19,71.5,Compensation,13,41.9,Yes
LA101732,Banaskantha,1361,849,512,1413,466,9,9,55,20,81.7,Compensation,1,37.62,Yes
LA101733,Valsad,1064,582,482,1403,125,5,6,23,22,79.5,Compensation,0,45.3,Yes
LA101734,Morbi,1305,741,564,1653,434,7,9,45,21,82.6,Acquisition,14,43.22,No
LA101735,Morbi,1299,813,486,829,19,5,10,39,13,89.5,Acquisition,7,37.41,Yes
LA101736,Amreli,1208,792,416,1727,892,7,9,23,16,78.2,Compensation,8,34.44,Yes
LA101737,Anand,779,476,303,439,141,5,11,21,4,80.3,Acquisition,0,38.9,Yes
LA101738,Gandhinagar,194,134,60,211,81,5,6,40,9,80.7,Compensation,26,30.93,No
LA101739,Valsad,54,34,20,68,18,4,8,0,5,76.7,Compensation,0,37.04,No
LA101740,Navsari,346,229,117,294,115,4,9,77,2,80.2,Acquisition,0,33.82,No
LA101741,Morbi,675,529,146,735,176,6,10,5,12,83.5,Acquisition,0,21.63,No
LA101742,Rajkot,1128,324,804,988,286,5,19,0,17,57.4,Objection,0,71.28,Yes
LA101743,Amreli,711,560,151,430,19,3,10,0,7,83.8,Compensation,44,21.24,No
LA101744,Sabarkantha,83,51,32,46,14,2,6,12,4,70.1,Compensation,2,38.55,No
LA101745,Morbi,355,276,79,226,43,1,5,32,7,90.6,Acquisition,31,22.25,No
LA101746,Junagadh,1470,1082,388,939,610,5,5,46,10,92.4,Handover,12,26.39,Yes
LA101747,Ahmedabad,1483,1165,318,1631,263,7,15,42,23,89.2,Acquisition,11,21.44,No
LA101748,Sabarkantha,597,477,120,611,303,2,7,35,6,86.6,Handover,2,20.1,No
LA101749,Bharuch,1218,449,769,1169,192,7,7,19,16,64.2,Objection,19,63.14,Yes
LA101750,Valsad,1093,756,337,1282,170,8,4,0,20,75.4,Compensation,9,30.83,No
LA101751,Bharuch,1401,1011,390,792,162,8,4,50,7,67.8,Compensation,67,27.84,No
LA101752,Valsad,1337,682,655,1061,395,8,11,84,16,64.9,Compensation,0,48.99,Yes
LA101753,Morbi,962,923,39,1202,95,7,3,1,17,93.5,Handover,17,4.05,No
LA101754,Mehsana,622,484,138,852,273,3,3,32,14,84.5,Acquisition,16,22.19,No
LA101755,Vadodara,959,506,453,906,427,5,9,18,19,63.5,Compensation,2,47.24,Yes
LA101756,Mehsana,513,230,283,320,63,1,3,3,10,65.1,Compensation,51,55.17,No
LA101757,Mehsana,555,366,189,704,270,8,13,1,13,81.1,Acquisition,45,34.05,Yes
LA101758,Jamnagar,933,584,349,1256,263,4,6,5,14,83.9,Acquisition,46,37.41,No
LA101759,Panchmahal,879,786,93,811,95,4,11,38,19,90.8,Handover,8,10.58,No
LA101760,Gandhinagar,893,464,429,687,349,5,10,38,13,72.0,Objection,0,48.04,No
LA101761,Rajkot,608,542,66,358,224,5,7,32,6,83.1,Acquisition,36,10.86,Yes
LA101762,Rajkot,643,505,138,696,47,5,9,7,11,85.5,Handover,82,21.46,No
LA101763,Panchmahal,64,37,27,88,25,3,3,19,4,67.5,Compensation,60,42.19,Yes
LA101764,Banaskantha,923,511,412,1071,438,6,9,23,22,80.4,Compensation,0,44.64,Yes
LA101765,Mehsana,885,613,272,739,347,3,9,69,15,74.9,Objection,5,30.73,Yes
LA101766,Morbi,1407,1001,406,1588,636,9,12,1,19,84.8,Acquisition,38,28.86,Yes
LA101767,Surat,781,567,214,1014,304,4,7,32,17,89.2,Handover,35,27.4,No
LA101768,Navsari,728,356,372,712,148,4,8,39,16,68.4,Objection,30,51.1,Yes
LA101769,Jamnagar,148,99,49,191,60,3,5,37,10,90.4,Acquisition,22,33.11,No
LA101770,Mehsana,335,168,167,302,60,1,9,64,6,63.4,Objection,31,49.85,Yes
LA101771,Patan,540,431,109,466,67,7,7,0,6,92.2,Handover,30,20.19,No
LA101772,Amreli,597,280,317,642,32,3,7,72,16,72.6,Compensation,34,53.1,Yes
LA101773,Banaskantha,576,383,193,558,91,5,10,0,8,73.8,Compensation,10,33.51,No
LA101774,Rajkot,621,530,91,888,603,8,10,15,6,76.3,Acquisition,15,14.65,Yes
LA101775,Mehsana,1165,736,429,1182,614,11,6,36,17,88.5,Acquisition,11,36.82,Yes
LA101776,Anand,240,175,65,215,99,2,6,2,11,85.3,Acquisition,0,27.08,Yes
LA101777,Navsari,532,390,142,482,220,1,6,36,5,69.6,Compensation,12,26.69,No
LA101778,Valsad,286,161,125,298,106,2,5,37,4,76.2,Acquisition,51,43.71,Yes
LA101779,Kheda,496,388,108,431,189,2,5,12,11,85.3,Handover,26,21.77,No
LA101780,Mehsana,1043,789,254,1252,421,6,14,22,16,83.3,Handover,29,24.35,No
LA101781,Anand,117,87,30,104,28,3,2,27,1,79.8,Handover,25,25.64,Yes
LA101782,Patan,542,431,111,485,164,8,6,26,11,73.6,Acquisition,35,20.48,Yes
LA101783,Junagadh,84,24,60,93,14,1,8,0,6,60.4,Objection,13,71.43,No
LA101784,Mehsana,1435,969,466,868,323,7,5,52,7,77.7,Acquisition,66,32.47,No
LA101785,Anand,1105,469,636,1260,313,4,15,12,20,61.1,Objection,12,57.56,Yes
LA101786,Patan,403,293,110,405,281,5,10,98,8,84.5,Handover,32,27.3,No
LA101787,Jamnagar,337,189,148,323,91,3,9,66,8,68.5,Compensation,31,43.92,Yes
LA101788,Anand,193,142,51,231,32,4,6,51,10,87.5,Acquisition,29,26.42,No
LA101789,Vadodara,736,276,460,907,298,7,7,39,16,61.9,Compensation,51,62.5,Yes
LA101790,Panchmahal,1143,806,337,1499,393,6,8,85,14,91.5,Compensation,19,29.48,No
LA101791,Amreli,897,879,18,796,360,2,4,30,17,89.0,Handover,25,2.01,Yes
LA101792,Gandhinagar,1328,708,620,1121,93,4,11,2,9,79.1,Compensation,8,46.69,No
LA101793,Kheda,548,311,237,654,226,4,6,30,9,58.3,Compensation,15,43.25,No
LA101794,Mehsana,453,271,182,486,279,5,6,28,13,81.9,Acquisition,21,40.18,Yes
LA101795,Surat,743,397,346,831,208,3,9,18,8,65.7,Acquisition,37,46.57,No
LA101796,Valsad,343,305,38,360,135,6,9,20,6,81.0,Handover,0,11.08,No
LA101797,Bharuch,1465,970,495,1825,552,9,9,10,20,71.0,Compensation,35,33.79,Yes
LA101798,Bharuch,319,186,133,230,36,2,9,12,7,84.3,Compensation,39,41.69,No
LA101799,Anand,744,392,352,781,270,1,8,34,10,68.9,Compensation,10,47.31,Yes
LA101800,Panchmahal,807,362,445,559,240,6,13,6,9,59.0,Compensation,0,55.14,Yes
LA101801,Anand,132,87,45,121,19,2,8,27,4,68.2,Compensation,33,34.09,No
LA101802,Rajkot,729,456,273,837,190,3,3,40,14,74.5,Acquisition,2,37.45,No
LA101803,Jamnagar,709,435,274,705,147,1,11,19,12,75.3,Compensation,0,38.65,Yes
LA101804,Panchmahal,426,355,71,380,145,1,12,17,10,78.1,Acquisition,15,16.67,No
LA101805,Amreli,235,216,19,316,155,3,10,12,8,87.2,Handover,17,8.09,No
LA101806,Patan,115,85,30,143,56,5,6,0,5,78.6,Handover,11,26.09,No
LA101807,Anand,62,39,23,63,16,7,8,11,5,80.6,Acquisition,5,37.1,No
LA101808,Mehsana,748,328,420,1051,489,3,10,27,23,82.1,Acquisition,72,56.15,Yes
LA101809,Bhavnagar,180,92,88,168,22,2,7,15,5,75.9,Compensation,18,48.89,No
LA101810,Sabarkantha,1441,498,943,1815,1082,2,11,67,30,63.4,Objection,56,65.44,Yes
LA101811,Sabarkantha,405,165,240,284,131,7,12,10,9,55.4,Objection,17,59.26,No
LA101812,Banaskantha,996,736,260,804,419,4,11,0,14,76.7,Handover,90,26.1,No
LA101813,Vadodara,1027,815,212,877,208,8,5,13,12,72.2,Acquisition,10,20.64,No
LA101814,Jamnagar,768,662,106,496,108,4,12,51,9,84.9,Handover,71,13.8,No
LA101815,Jamnagar,1332,689,643,1334,933,6,5,21,22,71.5,Acquisition,24,48.27,Yes
LA101816,Junagadh,210,166,44,152,101,3,7,54,8,87.5,Acquisition,20,20.95,Yes
LA101817,Mehsana,389,264,125,436,143,5,8,9,9,76.1,Handover,26,32.13,Yes
LA101818,Navsari,416,277,139,300,30,2,6,46,8,92.9,Acquisition,1,33.41,No
LA101819,Junagadh,246,84,162,163,47,1,4,36,7,57.0,Objection,2,65.85,Yes
LA101820,Morbi,477,286,191,678,197,5,7,0,10,76.4,Acquisition,24,40.04,No
LA101821,Valsad,503,411,92,575,200,2,12,0,11,72.9,Acquisition,34,18.29,No
LA101822,Amreli,1159,833,326,1614,415,6,12,29,25,79.9,Acquisition,15,28.13,Yes
LA101823,Panchmahal,487,240,247,483,38,4,11,28,5,74.8,Compensation,0,50.72,No
LA101824,Sabarkantha,1322,1025,297,767,516,3,7,60,12,92.5,Handover,1,22.47,Yes
LA101825,Kheda,1171,893,278,1249,293,4,4,42,19,83.3,Acquisition,53,23.74,No
LA101826,Jamnagar,1358,910,448,1429,684,5,9,49,23,81.3,Acquisition,35,32.99,Yes
LA101827,Anand,202,97,105,114,61,2,6,13,7,64.8,Objection,5,51.98,No
LA101828,Junagadh,1478,773,705,1959,237,11,10,0,20,58.8,Compensation,30,47.7,Yes
LA101829,Mehsana,940,804,136,1041,178,4,5,17,16,83.1,Handover,11,14.47,No
LA101830,Jamnagar,1475,1391,84,1800,383,9,7,54,19,92.8,Handover,50,5.69,Yes
LA101831,Banaskantha,564,390,174,561,193,3,9,66,10,83.7,Compensation,37,30.85,No
LA101832,Sabarkantha,1432,968,464,1585,757,8,9,28,19,81.0,Handover,0,32.4,Yes
LA101833,Banaskantha,904,512,392,707,454,3,7,23,14,72.3,Compensation,9,43.36,Yes
LA101834,Surat,154,116,38,220,78,3,9,12,5,77.0,Acquisition,29,24.68,No
LA101835,Anand,645,395,250,587,309,8,8,0,12,77.2,Acquisition,0,38.76,Yes
LA101836,Bharuch,249,113,136,173,41,2,8,9,4,76.9,Compensation,9,54.62,No
LA101837,Valsad,1415,1000,415,849,326,5,8,13,16,77.9,Acquisition,0,29.33,No
LA101838,Amreli,491,334,157,551,154,7,9,43,5,75.0,Acquisition,25,31.98,Yes
LA101839,Valsad,372,188,184,534,223,6,5,15,14,67.7,Compensation,0,49.46,No
LA101840,Gandhinagar,852,553,299,1155,169,6,7,64,20,60.1,Acquisition,29,35.09,Yes
LA101841,Mehsana,666,383,283,787,152,3,12,20,18,75.3,Compensation,17,42.49,Yes
LA101842,Panchmahal,190,148,42,274,110,5,12,32,7,75.8,Acquisition,9,22.11,Yes
LA101843,Mehsana,1234,601,633,1481,444,4,9,9,24,74.5,Acquisition,0,51.3,No
LA101844,Junagadh,1277,1039,238,1092,308,4,8,36,19,89.6,Acquisition,12,18.64,No
LA101845,Jamnagar,1128,775,353,1231,501,7,13,0,18,87.9,Acquisition,16,31.29,No
LA101846,Surat,944,692,252,587,151,7,6,21,11,85.4,Compensation,4,26.69,Yes
LA101847,Mehsana,634,457,177,475,111,5,5,41,6,76.7,Acquisition,10,27.92,No
LA101848,Amreli,836,561,275,774,151,2,11,83,14,84.3,Handover,7,32.89,No
LA101849,Anand,805,471,334,589,10,6,12,133,10,77.6,Compensation,32,41.49,Yes
LA101850,Panchmahal,289,208,81,407,25,7,12,41,14,85.7,Acquisition,32,28.03,No
LA101851,Bhavnagar,168,165,3,243,41,6,8,31,6,85.2,Handover,67,1.79,No
LA101852,Surat,417,271,146,369,185,4,6,39,5,75.2,Compensation,20,35.01,No
LA101853,Surat,709,414,295,843,168,7,9,5,15,69.8,Acquisition,13,41.61,Yes
LA101854,Kheda,282,197,85,259,36,4,6,16,9,77.5,Acquisition,0,30.14,No
LA101855,Sabarkantha,204,109,95,138,38,2,5,118,4,82.2,Acquisition,1,46.57,Yes
LA101856,Ahmedabad,1286,1076,210,1097,380,4,8,22,23,85.8,Acquisition,20,16.33,Yes
LA101857,Patan,594,389,205,451,147,2,10,58,3,71.1,Acquisition,13,34.51,No
LA101858,Mehsana,897,333,564,758,458,3,6,0,13,68.0,Objection,0,62.88,Yes
LA101859,Anand,810,737,73,602,265,5,4,34,10,78.9,Handover,10,9.01,No
LA101860,Banaskantha,1116,873,243,727,177,5,8,53,10,89.2,Handover,16,21.77,No
LA101861,Bhavnagar,1123,629,494,837,456,1,11,11,19,79.1,Compensation,12,43.99,Yes
LA101862,Jamnagar,479,236,243,654,150,2,15,82,11,59.9,Objection,12,50.73,Yes
LA101863,Banaskantha,1280,886,394,802,221,0,9,9,9,89.3,Acquisition,45,30.78,No
LA101864,Patan,588,270,318,495,233,5,3,13,9,74.4,Compensation,11,54.08,Yes
LA101865,Amreli,1261,1018,243,1293,716,9,7,0,21,94.0,Handover,33,19.27,Yes
LA101866,Valsad,637,390,247,554,291,2,8,9,15,75.8,Compensation,15,38.78,Yes
LA101867,Valsad,211,68,143,214,6,2,9,18,7,61.5,Objection,0,67.77,No
LA101868,Vadodara,1152,755,397,679,213,6,6,35,15,84.8,Acquisition,9,34.46,No
LA101869,Navsari,93,39,54,105,29,5,10,21,4,65.0,Objection,0,58.06,Yes
LA101870,Amreli,1170,653,517,1237,130,5,12,0,17,72.0,Compensation,42,44.19,Yes
LA101871,Surat,112,76,36,130,14,6,9,10,8,73.9,Acquisition,14,32.14,No
LA101872,Bharuch,350,205,145,371,221,4,7,12,9,70.0,Compensation,49,41.43,Yes
LA101873,Junagadh,925,578,347,873,173,3,9,5,13,75.1,Compensation,60,37.51,No
LA101874,Morbi,1416,801,615,1225,113,11,8,45,20,86.1,Compensation,12,43.43,Yes
LA101875,Vadodara,642,412,230,484,187,1,11,28,11,76.7,Acquisition,6,35.83,No
LA101876,Gandhinagar,225,149,76,225,4,3,4,52,8,88.0,Acquisition,9,33.78,No
LA101877,Morbi,387,100,287,222,24,2,3,4,8,57.1,Notification,52,74.16,Yes
LA101878,Patan,1350,1133,217,1141,390,7,11,22,11,86.4,Handover,50,16.07,No
LA101879,Mehsana,1104,465,639,1281,302,5,11,39,19,68.4,Compensation,0,57.88,No
LA101880,Valsad,195,92,103,126,52,4,7,39,4,59.9,Objection,16,52.82,Yes
LA101881,Morbi,608,375,233,369,82,3,7,28,5,78.5,Compensation,14,38.32,No
LA101882,Valsad,433,241,192,492,108,0,8,29,4,77.4,Acquisition,8,44.34,Yes
LA101883,Valsad,308,220,88,280,64,4,4,22,4,71.8,Acquisition,5,28.57,No
LA101884,Surat,1278,333,945,1625,675,4,13,11,26,47.0,Notification,36,73.94,Yes
LA101885,Banaskantha,946,737,209,1318,463,7,16,0,25,93.8,Acquisition,19,22.09,No
LA101886,Gandhinagar,310,150,160,438,203,5,10,44,8,68.8,Objection,27,51.61,Yes
LA101887,Banaskantha,994,694,300,927,477,2,10,51,11,79.9,Acquisition,37,30.18,Yes
LA101888,Surat,650,441,209,512,56,5,12,0,8,81.2,Compensation,0,32.15,No
LA101889,Navsari,139,67,72,153,43,2,8,17,6,68.2,Objection,5,51.8,No
LA101890,Anand,702,383,319,783,161,2,6,44,10,76.0,Compensation,17,45.44,No
LA101891,Panchmahal,318,244,74,353,72,8,9,24,8,88.2,Handover,11,23.27,Yes
LA101892,Bhavnagar,405,236,169,340,144,2,6,16,3,76.9,Acquisition,31,41.73,No
LA101893,Amreli,1325,1298,27,805,191,2,3,79,11,93.5,Handover,15,2.04,No
LA101894,Navsari,1080,576,504,798,114,2,13,44,11,71.3,Acquisition,45,46.67,Yes
LA101895,Bharuch,244,177,67,168,52,3,8,12,5,81.0,Compensation,50,27.46,No
LA101896,Amreli,1285,768,517,850,609,1,11,29,14,73.2,Compensation,18,40.23,No
LA101897,Patan,883,620,263,1222,713,5,15,7,15,84.5,Handover,57,29.78,Yes
LA101898,Vadodara,1319,827,492,742,24,3,9,4,7,66.8,Compensation,2,37.3,No
LA101899,Bhavnagar,1134,1008,126,1238,684,4,6,28,18,93.7,Handover,0,11.11,No
LA101900,Morbi,542,305,237,760,558,4,7,22,13,64.1,Compensation,1,43.73,Yes
LA101901,Junagadh,826,547,279,722,111,1,8,59,16,73.2,Acquisition,19,33.78,No
LA101902,Patan,820,529,291,840,341,2,7,22,14,91.5,Acquisition,7,35.49,No
LA101903,Mehsana,1094,697,397,1287,128,8,13,5,16,71.9,Acquisition,10,36.29,Yes
LA101904,Morbi,410,241,169,343,107,2,11,35,11,73.7,Acquisition,19,41.22,Yes
LA101905,Gandhinagar,533,347,186,522,137,3,10,59,11,82.0,Acquisition,21,34.9,No
LA101906,Banaskantha,405,397,8,521,154,6,3,97,13,80.5,Handover,19,1.98,Yes
LA101907,Banaskantha,479,216,263,585,442,7,5,31,11,72.5,Objection,36,54.91,Yes
LA101908,Panchmahal,283,136,147,362,80,3,10,0,5,62.4,Compensation,16,51.94,No
LA101909,Patan,103,76,27,148,21,2,7,29,9,86.5,Acquisition,22,26.21,No
LA101910,Panchmahal,1413,939,474,1248,551,9,12,46,24,79.2,Compensation,21,33.55,Yes
LA101911,Gandhinagar,157,85,72,192,60,2,8,47,7,76.5,Acquisition,5,45.86,No
LA101912,Bhavnagar,1338,939,399,1462,298,4,8,34,14,79.8,Acquisition,13,29.82,No
LA101913,Navsari,54,29,25,62,23,7,5,59,10,77.4,Compensation,6,46.3,Yes
LA101914,Amreli,1177,829,348,1431,370,9,8,10,17,79.5,Acquisition,0,29.57,No
LA101915,Ahmedabad,526,388,138,644,235,2,7,30,9,83.8,Compensation,13,26.24,Yes
LA101916,Valsad,801,425,376,1079,114,1,6,5,11,68.4,Compensation,5,46.94,No
LA101917,Patan,459,231,228,397,251,2,8,18,7,64.4,Compensation,21,49.67,Yes
LA101918,Valsad,761,686,75,866,277,5,8,29,17,85.6,Handover,19,9.86,No
LA101919,Junagadh,705,504,201,566,95,5,9,0,7,77.8,Handover,0,28.51,No
LA101920,Vadodara,818,446,372,888,572,1,11,11,14,66.0,Objection,2,45.48,No
LA101921,Valsad,620,480,140,760,130,7,6,7,7,84.6,Acquisition,12,22.58,No
LA101922,Junagadh,828,376,452,1045,154,5,9,7,14,58.9,Compensation,39,54.59,No
LA101923,Sabarkantha,1247,684,563,1157,546,3,11,35,24,62.8,Compensation,29,45.15,Yes
LA101924,Morbi,680,457,223,685,80,5,4,41,16,84.7,Acquisition,16,32.79,Yes
LA101925,Navsari,574,480,94,488,54,5,5,38,11,74.0,Acquisition,7,16.38,No
LA101926,Banaskantha,241,183,58,169,83,5,9,14,7,85.4,Handover,0,24.07,No
LA101927,Junagadh,571,352,219,448,93,7,7,34,8,48.2,Compensation,27,38.35,No
LA101928,Sabarkantha,232,225,7,318,57,3,11,0,8,86.2,Acquisition,10,3.02,No
LA101929,Valsad,314,197,117,260,31,5,10,43,4,79.8,Acquisition,9,37.26,No
LA101930,Mehsana,1431,1058,373,2042,299,7,7,6,23,83.1,Acquisition,52,26.07,No
LA101931,Rajkot,179,142,37,137,13,1,11,56,7,86.9,Compensation,145,20.67,Yes
LA101932,Mehsana,749,505,244,899,419,5,9,34,12,70.8,Handover,6,32.58,Yes
LA101933,Gandhinagar,1260,616,644,1344,335,9,13,14,26,61.2,Compensation,7,51.11,Yes
LA101934,Amreli,1433,1115,318,1687,650,6,15,3,22,77.8,Acquisition,21,22.19,Yes
LA101935,Panchmahal,262,113,149,296,70,2,3,13,10,73.2,Compensation,12,56.87,No
LA101936,Mehsana,287,199,88,340,86,3,4,49,5,86.7,Handover,1,30.66,No
LA101937,Bhavnagar,590,372,218,805,423,4,5,4,7,77.1,Compensation,16,36.95,Yes
LA101938,Gandhinagar,854,418,436,903,189,3,9,38,14,68.5,Compensation,50,51.05,No
LA101939,Amreli,1442,927,515,881,421,1,10,25,14,92.3,Acquisition,17,35.71,No
LA101940,Bharuch,351,187,164,279,77,2,13,19,9,58.3,Acquisition,3,46.72,No
LA101941,Patan,288,123,165,342,210,0,12,18,3,66.9,Objection,79,57.29,Yes
LA101942,Panchmahal,417,277,140,415,75,2,6,26,13,84.5,Acquisition,47,33.57,No
LA101943,Anand,1318,1085,233,1376,416,6,6,34,23,86.1,Acquisition,0,17.68,No
LA101944,Jamnagar,93,77,16,101,17,4,8,39,5,82.1,Acquisition,0,17.2,No
LA101945,Junagadh,601,344,257,538,224,7,10,2,8,75.2,Acquisition,15,42.76,No
LA101946,Ahmedabad,222,117,105,277,162,6,11,23,6,75.3,Compensation,1,47.3,Yes
LA101947,Bharuch,277,163,114,333,254,5,7,91,12,79.1,Compensation,16,41.16,Yes
LA101948,Vadodara,1380,1160,220,1646,827,8,5,13,24,84.4,Handover,24,15.94,Yes
LA101949,Ahmedabad,52,48,4,62,16,3,6,47,7,91.6,Handover,35,7.69,No
LA101950,Bhavnagar,516,369,147,697,313,10,10,2,20,80.1,Acquisition,12,28.49,Yes
LA101951,Banaskantha,1378,735,643,1496,685,7,10,56,24,64.2,Objection,35,46.66,Yes
LA101952,Morbi,932,537,395,1324,527,6,3,28,20,82.4,Compensation,54,42.38,Yes
LA101953,Mehsana,154,97,57,101,23,4,9,7,4,71.0,Compensation,25,37.01,No
LA101954,Sabarkantha,724,435,289,810,550,9,6,24,15,65.5,Compensation,5,39.92,Yes
LA101955,Anand,1458,1199,259,1743,322,4,10,28,18,91.4,Handover,3,17.76,Yes
LA101956,Kheda,631,517,114,618,116,4,12,16,13,90.8,Acquisition,38,18.07,No
LA101957,Sabarkantha,817,356,461,661,193,1,11,0,12,67.0,Compensation,12,56.43,Yes
LA101958,Gandhinagar,821,700,121,858,495,7,7,0,14,85.0,Handover,31,14.74,No
LA101959,Amreli,1008,445,563,885,183,7,5,51,13,70.5,Compensation,3,55.85,No
LA101960,Bharuch,321,215,106,439,114,0,8,27,10,79.0,Acquisition,5,33.02,Yes
LA101961,Jamnagar,1268,843,425,1105,480,3,5,98,27,74.3,Compensation,24,33.52,Yes
LA101962,Ahmedabad,1484,1213,271,1051,237,5,12,0,12,82.0,Acquisition,15,18.26,No
LA101963,Sabarkantha,256,189,67,274,179,5,6,33,12,75.5,Acquisition,30,26.17,No
LA101964,Morbi,1237,942,295,1121,167,2,10,30,17,76.9,Acquisition,0,23.85,No
LA101965,Morbi,1235,880,355,786,213,3,13,0,17,85.6,Acquisition,22,28.74,No
LA101966,Banaskantha,1126,989,137,1192,204,2,12,52,22,76.8,Handover,33,12.17,No
LA101967,Ahmedabad,588,542,46,608,500,4,5,12,13,92.1,Handover,2,7.82,No
LA101968,Patan,730,326,404,515,201,4,5,18,11,61.7,Objection,11,55.34,Yes
LA101969,Valsad,1267,778,489,1378,110,3,13,51,22,76.5,Objection,10,38.6,No
LA101970,Navsari,271,238,33,287,160,4,9,17,10,91.0,Handover,53,12.18,Yes
LA101971,Jamnagar,1252,775,477,1560,353,3,13,28,20,78.6,Compensation,12,38.1,Yes
LA101972,Anand,1385,615,770,1212,651,5,4,0,24,70.0,Compensation,48,55.6,Yes
LA101973,Bharuch,1039,682,357,804,192,2,6,0,15,77.0,Acquisition,0,34.36,Yes
LA101974,Junagadh,545,281,264,766,198,3,8,29,12,85.7,Compensation,15,48.44,No
LA101975,Navsari,861,494,367,908,315,4,10,12,21,66.9,Compensation,1,42.62,No
LA101976,Morbi,122,80,42,70,12,3,6,37,3,71.7,Compensation,61,34.43,No
LA101977,Amreli,1402,798,604,1807,733,7,13,17,32,72.2,Compensation,0,43.08,Yes
LA101978,Banaskantha,546,452,94,397,89,2,15,51,6,82.8,Acquisition,33,17.22,No
LA101979,Bharuch,132,77,55,166,20,4,10,16,5,63.2,Objection,59,41.67,No
LA101980,Amreli,1202,672,530,1424,687,8,6,125,20,78.1,Compensation,2,44.09,Yes
LA101981,Bhavnagar,1004,605,399,1428,531,7,6,62,14,72.4,Acquisition,18,39.74,No
LA101982,Ahmedabad,953,586,367,1352,614,2,8,38,14,78.7,Acquisition,0,38.51,No
LA101983,Bharuch,128,85,43,102,18,2,6,37,8,81.2,Handover,2,33.59,No
LA101984,Anand,1139,1060,79,1412,510,6,3,0,18,92.3,Handover,16,6.94,No
LA101985,Amreli,974,657,317,813,170,2,8,53,20,73.7,Acquisition,17,32.55,Yes
LA101986,Vadodara,1201,581,620,1341,234,5,13,12,19,68.5,Compensation,114,51.62,Yes
LA101987,Banaskantha,1250,914,336,1360,621,8,9,54,20,82.5,Handover,121,26.88,Yes
LA101988,Morbi,357,169,188,214,53,1,5,41,7,67.9,Compensation,9,52.66,No
LA101989,Junagadh,355,202,153,197,20,1,6,14,6,74.2,Objection,27,43.1,No
LA101990,Bharuch,1390,1125,265,837,242,1,7,32,12,77.6,Acquisition,46,19.06,No
LA101991,Junagadh,820,690,130,545,46,2,7,0,9,71.3,Acquisition,28,15.85,No
LA101992,Jamnagar,685,650,35,536,313,4,11,0,14,88.2,Handover,7,5.11,No
LA101993,Surat,466,252,214,637,149,5,7,1,14,64.7,Acquisition,3,45.92,Yes
LA101994,Valsad,977,695,282,993,213,4,10,22,17,81.1,Acquisition,16,28.86,No
LA101995,Jamnagar,1143,895,248,1448,470,6,5,72,22,80.0,Acquisition,52,21.7,Yes
LA101996,Rajkot,53,16,37,69,10,6,8,19,4,44.4,Objection,4,69.81,Yes
LA101997,Rajkot,851,406,445,1031,129,3,7,48,14,74.4,Compensation,69,52.29,Yes
LA101998,Morbi,1491,1333,158,1345,376,11,11,36,14,82.8,Acquisition,38,10.6,Yes
LA101999,Panchmahal,457,307,150,607,188,1,9,48,5,90.0,Compensation,22,32.82,No
LA102000,Anand,457,420,37,557,196,3,8,1,9,90.7,Handover,11,8.1,No
LA102001,Anand,1324,803,521,1614,682,11,9,37,19,66.2,Compensation,11,39.35,Yes
LA102002,Junagadh,140,105,35,191,69,3,11,58,2,69.5,Acquisition,32,25.0,Yes
LA102003,Mehsana,626,468,158,682,181,3,8,0,17,78.1,Handover,0,25.24,No
LA102004,Bhavnagar,714,422,292,732,573,7,9,64,13,77.1,Acquisition,22,40.9,Yes
LA102005,Bhavnagar,1207,1047,160,1631,495,6,8,21,19,87.1,Handover,0,13.26,No
LA102006,Anand,237,151,86,227,82,4,8,8,4,79.1,Compensation,40,36.29,Yes
LA102007,Morbi,679,326,353,869,147,6,8,32,16,70.6,Compensation,17,51.99,No
LA102008,Junagadh,271,107,164,162,59,5,8,11,8,70.5,Objection,81,60.52,Yes
LA102009,Navsari,1192,838,354,657,118,3,10,12,6,83.1,Acquisition,9,29.7,No
LA102010,Jamnagar,967,629,338,992,566,6,6,2,18,92.6,Compensation,21,34.95,No
LA102011,Valsad,770,655,115,475,286,3,9,22,13,82.3,Acquisition,24,14.94,Yes
LA102012,Bhavnagar,620,137,483,886,321,7,8,4,19,52.3,Objection,0,77.9,Yes
LA102013,Ahmedabad,272,193,79,151,89,3,12,2,3,86.1,Acquisition,8,29.04,No
LA102014,Morbi,1387,439,948,1659,704,5,16,10,21,49.7,Objection,0,68.35,Yes
LA102015,Anand,989,655,334,761,101,4,6,77,8,76.7,Compensation,74,33.77,Yes
LA102016,Surat,513,287,226,729,372,6,13,36,9,76.7,Compensation,25,44.05,Yes
LA102017,Bhavnagar,650,538,112,581,251,6,3,70,12,83.0,Handover,13,17.23,No
LA102018,Anand,1103,780,323,634,105,3,8,7,9,80.9,Acquisition,15,29.28,No
LA102019,Gandhinagar,1094,899,195,628,76,3,6,3,12,93.0,Handover,6,17.82,No
LA102020,Anand,719,383,336,754,206,5,10,58,19,72.4,Acquisition,14,46.73,Yes
LA102021,Valsad,489,313,176,703,119,5,6,0,17,71.2,Acquisition,10,35.99,No
LA102022,Gandhinagar,1007,869,138,1442,689,9,7,29,23,83.8,Acquisition,0,13.7,Yes
LA102023,Morbi,1005,863,142,858,214,4,10,29,21,71.6,Handover,19,14.13,No
LA102024,Sabarkantha,920,359,561,906,480,5,13,10,20,62.0,Objection,12,60.98,Yes
LA102025,Rajkot,155,112,43,99,20,5,8,33,4,85.2,Acquisition,10,27.74,No
LA102026,Valsad,736,372,364,751,469,3,10,10,17,81.4,Acquisition,10,49.46,Yes
LA102027,Valsad,940,557,383,1024,315,4,6,6,23,65.7,Compensation,0,40.74,Yes
LA102028,Jamnagar,1428,826,602,1108,232,4,7,64,17,83.1,Compensation,30,42.16,Yes
LA102029,Valsad,812,513,299,894,217,3,11,15,18,73.0,Acquisition,10,36.82,No
LA102030,Anand,547,393,154,744,178,3,6,52,12,72.1,Acquisition,11,28.15,No
LA102031,Bharuch,856,632,224,472,59,2,14,18,8,89.0,Acquisition,40,26.17,No
LA102032,Bhavnagar,307,165,142,232,52,4,6,0,8,75.5,Compensation,32,46.25,No
LA102033,Anand,181,129,52,134,8,3,9,72,10,70.7,Acquisition,16,28.73,No
LA102034,Valsad,1033,554,479,683,138,6,9,0,8,60.2,Compensation,23,46.37,No
LA102035,Bhavnagar,1480,775,705,1035,25,3,18,0,9,75.9,Compensation,74,47.64,No
LA102036,Rajkot,1277,863,414,1422,343,9,12,17,26,78.2,Acquisition,8,32.42,Yes
LA102037,Morbi,896,611,285,576,126,1,7,37,7,87.9,Acquisition,31,31.81,No
LA102038,Surat,108,74,34,131,82,4,10,19,8,70.4,Acquisition,8,31.48,Yes
LA102039,Valsad,1483,962,521,2000,1096,5,15,28,25,75.9,Compensation,14,35.13,Yes
LA102040,Junagadh,702,635,67,972,455,2,7,144,12,86.5,Handover,16,9.54,Yes
LA102041,Bhavnagar,470,223,247,538,242,8,7,25,11,69.6,Objection,0,52.55,No
LA102042,Mehsana,1344,757,587,978,250,11,12,3,20,67.1,Compensation,40,43.68,Yes
LA102043,Rajkot,1133,610,523,710,192,4,8,0,12,67.0,Acquisition,12,46.16,No
LA102044,Vadodara,1137,659,478,863,81,3,7,15,14,68.4,Compensation,7,42.04,Yes
LA102045,Mehsana,453,291,162,641,67,6,6,8,13,81.7,Acquisition,22,35.76,No
LA102046,Valsad,1489,425,1064,2109,726,10,12,31,21,64.4,Objection,12,71.46,Yes
LA102047,Kheda,707,431,276,632,129,3,6,5,6,67.2,Compensation,25,39.04,No
LA102048,Amreli,821,514,307,692,181,5,12,15,13,74.4,Acquisition,5,37.39,No
LA102049,Rajkot,1139,624,515,1149,479,6,9,48,17,75.4,Compensation,35,45.22,Yes
LA102050,Amreli,1007,685,322,818,275,5,6,27,13,84.5,Acquisition,2,31.98,No
LA102051,Vadodara,299,148,151,428,91,3,10,43,11,73.8,Compensation,6,50.5,Yes
LA102052,Panchmahal,488,307,181,366,81,3,7,21,9,92.3,Compensation,18,37.09,No
LA102053,Rajkot,574,478,96,506,52,4,6,31,17,84.4,Acquisition,22,16.72,No
LA102054,Patan,1424,1129,295,1333,163,9,8,0,20,85.0,Handover,20,20.72,Yes
LA102055,Vadodara,1086,395,691,720,187,3,11,57,11,63.3,Objection,30,63.63,Yes
LA102056,Valsad,581,432,149,520,56,6,10,4,6,62.6,Acquisition,16,25.65,No
LA102057,Patan,1116,544,572,1474,259,8,10,29,24,72.6,Compensation,8,51.25,Yes
LA102058,Bhavnagar,1121,796,325,758,119,7,11,0,11,76.1,Compensation,24,28.99,No
LA102059,Amreli,622,456,166,669,105,5,6,38,10,84.7,Acquisition,9,26.69,No
LA102060,Rajkot,634,363,271,581,192,9,10,15,9,81.6,Compensation,57,42.74,Yes
LA102061,Rajkot,1347,801,546,948,47,5,16,3,19,68.9,Objection,17,40.53,No
LA102062,Bharuch,865,629,236,485,244,4,4,63,9,85.9,Acquisition,0,27.28,No
LA102063,Vadodara,266,179,87,212,125,1,4,88,5,85.2,Acquisition,21,32.71,Yes
LA102064,Junagadh,1094,859,235,663,213,6,10,55,13,77.4,Handover,0,21.48,Yes
LA102065,Panchmahal,905,787,118,805,173,8,3,19,19,91.5,Handover,37,13.04,No
LA102066,Valsad,788,331,457,1008,109,4,9,12,18,49.5,Compensation,2,57.99,Yes
LA102067,Bharuch,1102,657,445,1320,235,7,3,19,23,74.2,Compensation,25,40.38,Yes
LA102068,Bharuch,1366,694,672,1916,289,6,8,19,21,60.9,Acquisition,13,49.19,Yes
LA102069,Kheda,529,417,112,494,315,2,7,15,10,90.1,Handover,38,21.17,No
LA102070,Sabarkantha,658,447,211,781,120,4,3,0,16,75.3,Compensation,70,32.07,No
LA102071,Bharuch,324,234,90,372,196,5,5,3,4,92.6,Handover,20,27.78,Yes
LA102072,Anand,988,206,782,736,173,2,18,12,16,58.5,Objection,0,79.15,Yes
LA102073,Mehsana,634,414,220,522,140,6,10,16,15,65.0,Compensation,0,34.7,Yes
LA102074,Junagadh,546,413,133,561,86,4,11,25,16,87.0,Handover,26,24.36,No
LA102075,Mehsana,1060,699,361,1343,492,6,11,1,17,72.8,Compensation,7,34.06,Yes
LA102076,Panchmahal,642,365,277,620,160,7,10,0,16,75.9,Acquisition,6,43.15,No
LA102077,Bharuch,723,538,185,546,68,3,9,27,10,87.8,Acquisition,22,25.59,Yes
LA102078,Patan,688,584,104,994,183,5,7,53,15,81.4,Acquisition,16,15.12,No
LA102079,Ahmedabad,425,206,219,278,42,5,8,18,4,58.6,Objection,10,51.53,No
LA102080,Surat,232,216,16,327,33,6,9,9,6,82.8,Acquisition,0,6.9,No
LA102081,Sabarkantha,1250,908,342,1598,889,7,11,33,18,76.0,Acquisition,40,27.36,Yes
LA102082,Banaskantha,183,80,103,239,79,1,8,0,6,63.8,Compensation,0,56.28,No
LA102083,Sabarkantha,521,355,166,659,147,6,14,0,15,76.0,Compensation,35,31.86,Yes
LA102084,Gandhinagar,1018,965,53,751,168,4,9,7,9,89.0,Acquisition,0,5.21,No
LA102085,Banaskantha,240,184,56,269,164,5,5,1,3,85.7,Acquisition,0,23.33,No
LA102086,Sabarkantha,1001,714,287,1232,304,6,9,135,10,77.0,Acquisition,1,28.67,Yes
LA102087,Mehsana,1113,980,133,1359,82,4,4,25,25,85.3,Acquisition,54,11.95,No
LA102088,Patan,1011,307,704,803,186,2,7,0,13,66.9,Notification,23,69.63,No
LA102089,Kheda,492,276,216,351,167,4,9,26,5,62.6,Compensation,20,43.9,Yes
LA102090,Valsad,78,71,7,66,15,1,4,25,4,88.2,Handover,20,8.97,No
LA102091,Rajkot,1337,437,900,1313,464,2,13,28,22,54.6,Objection,6,67.31,Yes
LA102092,Ahmedabad,523,407,116,558,156,4,7,0,11,79.3,Acquisition,24,22.18,No
LA102093,Navsari,1218,986,232,1587,473,6,10,10,17,91.8,Handover,0,19.05,Yes
LA102094,Patan,337,132,205,419,166,1,4,32,7,69.1,Compensation,66,60.83,Yes
LA102095,Vadodara,285,172,113,330,199,4,5,15,9,65.7,Compensation,5,39.65,No
LA102096,Ahmedabad,1179,837,342,928,291,3,5,0,13,82.7,Handover,11,29.01,Yes
LA102097,Navsari,1413,1012,401,1386,960,2,3,22,16,83.9,Acquisition,49,28.38,Yes
LA102098,Ahmedabad,1298,740,558,1106,565,3,10,67,13,63.9,Acquisition,88,42.99,No
LA102099,Navsari,1140,424,716,868,151,7,10,21,13,60.4,Objection,24,62.81,Yes
LA102100,Gandhinagar,407,327,80,228,123,0,6,4,7,84.2,Acquisition,0,19.66,No
LA102101,Surat,1375,885,490,1176,361,3,8,97,25,84.9,Acquisition,7,35.64,No
LA102102,Patan,1019,631,388,795,317,8,7,0,15,60.5,Objection,27,38.08,Yes
LA102103,Ahmedabad,299,269,30,318,169,2,4,13,8,89.5,Handover,40,10.03,Yes
LA102104,Patan,237,156,81,144,70,4,6,21,5,63.9,Compensation,51,34.18,Yes
LA102105,Junagadh,1314,978,336,1043,327,3,8,0,14,81.5,Acquisition,68,25.57,Yes
LA102106,Navsari,449,218,231,265,148,5,11,31,11,65.9,Compensation,66,51.45,Yes
LA102107,Morbi,1161,641,520,1309,541,12,14,64,17,74.8,Acquisition,30,44.79,Yes
LA102108,Patan,251,126,125,266,184,1,9,12,7,70.8,Compensation,0,49.8,Yes
LA102109,Vadodara,457,330,127,390,80,7,3,6,12,85.3,Acquisition,5,27.79,No
LA102110,Panchmahal,461,205,256,315,112,6,5,20,11,64.7,Compensation,22,55.53,Yes
LA102111,Amreli,457,272,185,645,115,5,9,55,14,69.1,Compensation,46,40.48,Yes
LA102112,Jamnagar,1029,623,406,1107,386,5,12,2,27,80.4,Compensation,31,39.46,Yes
LA102113,Junagadh,1376,729,647,1598,830,8,8,4,18,71.8,Acquisition,8,47.02,Yes
LA102114,Patan,1370,925,445,1409,626,3,11,11,17,82.9,Compensation,69,32.48,Yes
LA102115,Anand,1125,653,472,1435,235,9,11,25,16,77.9,Acquisition,26,41.96,Yes
LA102116,Ahmedabad,343,154,189,465,196,5,7,23,3,62.0,Compensation,15,55.1,Yes
LA102117,Gandhinagar,1443,1009,434,1291,282,3,8,89,20,76.3,Acquisition,30,30.08,Yes
LA102118,Sabarkantha,836,529,307,979,189,4,11,81,15,83.6,Compensation,0,36.72,Yes
LA102119,Gandhinagar,842,577,265,637,59,3,9,12,9,91.4,Acquisition,20,31.47,No
LA102120,Bharuch,1067,673,394,1213,622,7,12,28,20,77.0,Acquisition,0,36.93,Yes
LA102121,Valsad,1165,559,606,1059,163,5,10,79,18,72.0,Compensation,5,52.02,Yes
LA102122,Anand,1432,1176,256,796,423,5,4,30,18,80.6,Handover,0,17.88,Yes
LA102123,Bharuch,895,432,463,1262,369,6,12,17,15,68.2,Compensation,7,51.73,No
LA102124,Rajkot,935,766,169,1245,41,3,14,49,24,92.2,Handover,87,18.07,Yes
LA102125,Vadodara,1131,806,325,918,201,5,11,11,13,78.7,Acquisition,32,28.74,Yes
LA102126,Navsari,420,164,256,608,269,4,9,15,10,65.0,Compensation,27,60.95,Yes
LA102127,Bharuch,496,282,214,414,173,3,11,44,9,77.5,Acquisition,46,43.15,Yes
LA102128,Banaskantha,957,554,403,922,52,5,17,8,14,76.4,Compensation,0,42.11,No
LA102129,Mehsana,143,76,67,188,119,2,4,82,8,59.3,Objection,0,46.85,Yes
LA102130,Gandhinagar,515,482,33,424,246,3,4,72,8,86.5,Acquisition,16,6.41,No
LA102131,Bhavnagar,1091,932,159,1042,243,5,7,44,16,78.8,Acquisition,0,14.57,No
LA102132,Navsari,1466,1195,271,1684,992,6,6,66,33,80.6,Acquisition,0,18.49,Yes
LA102133,Surat,803,565,238,536,262,4,9,14,11,93.4,Handover,29,29.64,No
LA102134,Panchmahal,629,404,225,585,104,3,6,91,16,84.5,Acquisition,31,35.77,Yes
LA102135,Ahmedabad,688,610,78,570,121,7,2,0,13,86.1,Acquisition,12,11.34,No
LA102136,Amreli,1044,762,282,1210,661,7,6,33,17,70.5,Compensation,9,27.01,Yes
LA102137,Junagadh,840,624,216,565,208,3,11,23,10,78.4,Acquisition,19,25.71,No
LA102138,Navsari,83,57,26,63,24,5,6,72,4,73.0,Acquisition,0,31.33,No
LA102139,Rajkot,832,605,227,990,160,8,12,0,11,88.1,Acquisition,5,27.28,No
LA102140,Mehsana,630,574,56,435,68,4,11,1,11,85.3,Handover,0,8.89,No
LA102141,Navsari,1066,281,785,991,325,4,14,5,14,48.5,Objection,43,73.64,Yes
LA102142,Junagadh,1319,779,540,1572,131,10,8,76,23,86.4,Compensation,0,40.94,Yes
LA102143,Bhavnagar,1446,1050,396,1791,559,9,5,0,34,76.8,Acquisition,23,27.39,Yes
LA102144,Jamnagar,935,505,430,594,156,5,5,11,9,72.4,Acquisition,49,45.99,Yes
LA102145,Bhavnagar,576,217,359,758,238,4,8,52,14,64.0,Objection,1,62.33,Yes
LA102146,Gandhinagar,694,398,296,834,160,5,5,23,19,62.1,Compensation,0,42.65,No
LA102147,Navsari,306,184,122,262,40,4,12,64,4,89.4,Acquisition,34,39.87,Yes
LA102148,Amreli,1408,946,462,1742,552,5,7,28,28,75.0,Compensation,34,32.81,Yes
LA102149,Vadodara,1279,737,542,1542,51,6,11,34,18,74.5,Compensation,0,42.38,No
LA102150,Rajkot,1289,1017,272,1406,412,7,12,8,21,75.2,Acquisition,42,21.1,No
LA102151,Vadodara,526,443,83,554,16,3,7,29,1,90.5,Handover,21,15.78,No
LA102152,Sabarkantha,517,467,50,626,170,6,4,37,10,90.5,Handover,44,9.67,No
LA102153,Jamnagar,1292,708,584,1873,803,13,12,54,19,77.7,Acquisition,52,45.2,Yes
LA102154,Gandhinagar,840,256,584,899,145,6,12,51,13,61.0,Objection,51,69.52,Yes
LA102155,Patan,1072,399,673,1370,166,5,14,80,24,55.0,Objection,8,62.78,Yes
LA102156,Valsad,760,559,201,927,179,7,10,42,17,79.4,Acquisition,0,26.45,Yes
LA102157,Kheda,692,417,275,914,229,4,8,0,21,72.2,Compensation,33,39.74,No
LA102158,Morbi,967,688,279,1363,544,7,9,26,21,72.2,Handover,21,28.85,Yes
LA102159,Anand,1229,679,550,890,118,2,10,7,15,63.2,Compensation,14,44.75,Yes
LA102160,Rajkot,534,266,268,373,152,6,10,24,11,72.8,Acquisition,17,50.19,Yes
LA102161,Panchmahal,1224,679,545,1319,249,8,6,106,14,64.2,Compensation,28,44.53,Yes
LA102162,Banaskantha,404,228,176,386,77,5,3,43,10,67.8,Objection,0,43.56,No
LA102163,Valsad,634,389,245,674,409,10,8,53,16,62.2,Compensation,16,38.64,Yes
LA102164,Mehsana,1374,710,664,1743,512,7,10,16,25,73.4,Compensation,19,48.33,No
LA102165,Rajkot,1434,484,950,1991,264,8,11,8,19,54.6,Objection,30,66.25,Yes
LA102166,Kheda,1390,744,646,1287,263,10,11,26,23,63.0,Compensation,12,46.47,Yes
LA102167,Rajkot,508,295,213,608,154,5,9,9,16,57.8,Compensation,12,41.93,Yes
LA102168,Junagadh,1273,1015,258,926,41,6,5,25,11,92.4,Acquisition,41,20.27,No
LA102169,Morbi,1408,1091,317,1452,882,8,9,25,17,83.1,Acquisition,9,22.51,Yes
LA102170,Mehsana,1469,526,943,837,205,5,8,16,6,50.1,Objection,24,64.19,Yes
LA102171,Ahmedabad,80,60,20,80,22,3,6,42,3,87.2,Handover,10,25.0,No
LA102172,Amreli,1130,1041,89,1176,64,6,8,15,18,91.4,Handover,0,7.88,No
LA102173,Bharuch,1496,934,562,1813,582,6,11,6,26,73.8,Acquisition,11,37.57,Yes
LA102174,Kheda,1159,652,507,1315,760,6,8,15,26,73.2,Objection,52,43.74,Yes
LA102175,Banaskantha,388,267,121,339,166,1,7,24,12,85.1,Acquisition,0,31.19,No
LA102176,Ahmedabad,1156,602,554,642,342,4,11,0,12,68.1,Acquisition,16,47.92,Yes
LA102177,Bharuch,202,149,53,132,26,3,5,0,7,91.3,Handover,33,26.24,No
LA102178,Anand,747,589,158,1065,104,6,5,49,20,92.0,Acquisition,5,21.15,No
LA102179,Valsad,958,686,272,1322,357,6,8,19,31,82.6,Acquisition,17,28.39,No
LA102180,Vadodara,712,563,149,600,344,2,10,16,7,87.4,Acquisition,0,20.93,No
LA102181,Banaskantha,1065,445,620,834,393,2,6,36,14,64.9,Compensation,0,58.22,Yes
LA102182,Morbi,398,267,131,375,78,2,10,26,8,82.9,Handover,3,32.91,No
LA102183,Navsari,929,628,301,1088,242,6,12,2,18,82.9,Compensation,26,32.4,Yes
LA102184,Vadodara,985,509,476,858,88,3,9,34,19,71.9,Compensation,0,48.32,No
LA102185,Jamnagar,969,497,472,592,32,6,10,116,11,69.9,Compensation,22,48.71,Yes
LA102186,Kheda,469,255,214,428,87,6,7,22,7,59.2,Objection,3,45.63,No
LA102187,Rajkot,493,442,51,387,98,4,3,29,5,87.3,Handover,20,10.34,No
LA102188,Mehsana,424,237,187,357,93,2,4,23,13,71.6,Compensation,21,44.1,No
LA102189,Bhavnagar,720,500,220,502,145,4,8,0,13,87.7,Acquisition,0,30.56,No
LA102190,Anand,900,477,423,1029,499,7,9,0,24,66.9,Compensation,22,47.0,Yes
LA102191,Kheda,576,387,189,590,292,5,11,21,20,78.3,Acquisition,11,32.81,No
LA102192,Ahmedabad,644,489,155,511,147,4,6,25,12,80.8,Compensation,9,24.07,Yes
LA102193,Gandhinagar,465,137,328,488,42,4,6,45,4,48.3,Notification,93,70.54,Yes
LA102194,Anand,367,262,105,365,111,2,9,61,6,87.9,Compensation,4,28.61,No
LA102195,Surat,1003,766,237,1270,199,6,9,0,20,65.1,Compensation,62,23.63,No
LA102196,Rajkot,1234,734,500,1740,987,5,10,27,31,83.9,Compensation,34,40.52,Yes
LA102197,Amreli,471,292,179,314,73,3,7,11,14,66.2,Compensation,6,38.0,Yes
LA102198,Vadodara,1298,1071,227,1746,320,10,4,28,20,79.5,Acquisition,2,17.49,No
LA102199,Gandhinagar,878,699,179,1040,560,9,9,0,7,92.8,Acquisition,0,20.39,No
LA102200,Ahmedabad,293,230,63,344,71,5,10,1,14,85.5,Acquisition,0,21.5,No
LA102201,Junagadh,581,335,246,515,158,2,11,23,10,85.7,Acquisition,35,42.34,Yes
LA102202,Rajkot,60,24,36,52,14,2,1,30,2,54.3,Objection,21,60.0,Yes
LA102203,Gandhinagar,106,81,25,59,31,2,4,48,8,76.7,Acquisition,58,23.58,Yes
LA102204,Vadodara,537,364,173,770,148,0,10,48,12,78.5,Compensation,28,32.22,No
LA102205,Vadodara,709,437,272,777,258,4,12,61,12,73.7,Compensation,0,38.36,Yes
LA102206,Morbi,1207,830,377,1101,200,5,8,37,17,64.7,Compensation,73,31.23,Yes
LA102207,Valsad,244,140,104,254,52,6,10,9,7,62.5,Compensation,32,42.62,No
LA102208,Gandhinagar,1267,954,313,743,208,2,12,0,12,80.1,Compensation,0,24.7,No
LA102209,Valsad,390,185,205,275,64,5,9,2,12,68.5,Compensation,5,52.56,No
LA102210,Ahmedabad,250,25,225,278,33,7,11,44,12,49.3,Notification,1,90.0,Yes
LA102211,Mehsana,1065,806,259,1079,387,3,16,0,19,83.5,Handover,7,24.32,No
LA102212,Panchmahal,1173,904,269,1476,421,4,9,75,18,88.1,Acquisition,0,22.93,Yes
LA102213,Valsad,927,747,180,1059,469,5,7,23,18,84.4,Handover,19,19.42,Yes
LA102214,Ahmedabad,217,180,37,237,98,1,3,9,6,92.5,Handover,76,17.05,No
LA102215,Ahmedabad,217,155,62,279,62,2,7,35,9,82.6,Handover,59,28.57,No
LA102216,Patan,615,225,390,376,103,3,9,14,6,50.8,Objection,0,63.41,Yes
LA102217,Anand,703,401,302,824,143,4,6,54,15,80.0,Compensation,32,42.96,Yes
LA102218,Kheda,1498,657,841,1789,374,4,8,0,20,74.7,Objection,0,56.14,Yes
LA102219,Morbi,465,283,182,371,85,3,13,21,10,81.5,Compensation,20,39.14,No
LA102220,Navsari,329,184,145,239,161,3,9,24,6,78.9,Compensation,17,44.07,Yes
LA102221,Surat,1422,961,461,1056,493,6,7,27,20,79.9,Acquisition,48,32.42,No
LA102222,Ahmedabad,273,95,178,199,32,4,7,2,6,64.6,Objection,40,65.2,Yes
LA102223,Jamnagar,88,40,48,90,29,4,9,16,5,63.2,Objection,25,54.55,Yes
LA102224,Bharuch,663,458,205,446,177,1,7,13,11,63.2,Acquisition,34,30.92,No
LA102225,Kheda,631,458,173,721,85,4,9,79,8,84.7,Handover,6,27.42,Yes
LA102226,Bharuch,949,520,429,612,303,5,9,5,13,67.4,Compensation,23,45.21,Yes
LA102227,Bhavnagar,1323,880,443,760,522,3,7,8,13,78.4,Compensation,0,33.48,Yes
LA102228,Banaskantha,1403,1072,331,1175,317,6,6,39,14,85.6,Acquisition,43,23.59,No
LA102229,Jamnagar,470,343,127,340,25,3,7,0,14,89.2,Handover,11,27.02,No
LA102230,Bhavnagar,1473,905,568,2121,530,11,6,47,28,75.4,Acquisition,0,38.56,Yes
LA102231,Ahmedabad,967,516,451,796,389,4,7,98,15,71.4,Compensation,2,46.64,Yes
LA102232,Morbi,151,79,72,113,20,2,11,67,7,79.2,Compensation,20,47.68,No
LA102233,Bhavnagar,1411,1347,64,1026,95,2,3,10,26,94.3,Handover,0,4.54,No
LA102234,Rajkot,250,129,121,222,67,4,7,19,13,73.0,Compensation,14,48.4,Yes
LA102235,Anand,904,824,80,990,399,2,6,45,16,86.4,Handover,6,8.85,No
LA102236,Bhavnagar,1197,622,575,1501,310,6,6,38,28,72.2,Compensation,28,48.04,Yes
LA102237,Sabarkantha,411,185,226,361,56,3,6,2,11,71.3,Compensation,0,54.99,No
LA102238,Gandhinagar,442,387,55,492,256,5,8,74,8,80.1,Acquisition,3,12.44,No
LA102239,Morbi,740,412,328,728,402,4,9,7,15,82.2,Objection,12,44.32,Yes
LA102240,Jamnagar,1333,789,544,1749,795,11,5,12,32,92.5,Compensation,29,40.81,Yes
LA102241,Rajkot,374,204,170,397,82,4,8,22,8,80.8,Compensation,7,45.45,Yes
LA102242,Anand,1012,788,224,821,292,4,5,67,15,90.2,Handover,5,22.13,No
LA102243,Valsad,706,354,352,835,145,5,9,73,13,75.8,Compensation,20,49.86,No
LA102244,Jamnagar,212,104,108,273,73,3,12,10,8,67.5,Compensation,7,50.94,No
LA102245,Amreli,1081,492,589,1047,298,5,12,17,13,77.9,Compensation,66,54.49,No
LA102246,Ahmedabad,1257,996,261,1808,292,9,9,19,25,80.2,Acquisition,28,20.76,No
LA102247,Patan,885,660,225,1187,193,3,11,47,18,82.1,Acquisition,20,25.42,Yes
LA102248,Gandhinagar,305,149,156,222,65,1,9,105,4,73.9,Compensation,137,51.15,Yes
LA102249,Sabarkantha,275,40,235,346,151,5,13,72,6,52.1,Notification,19,85.45,Yes
LA102250,Valsad,664,329,335,724,383,2,6,25,12,71.3,Objection,20,50.45,Yes
LA102251,Sabarkantha,784,628,156,809,160,3,9,21,8,85.0,Acquisition,45,19.9,No
LA102252,Valsad,851,755,96,862,163,3,7,11,10,89.0,Handover,44,11.28,No
LA102253,Sabarkantha,403,196,207,531,155,6,5,62,7,64.4,Objection,20,51.36,Yes
LA102254,Gandhinagar,776,516,260,853,389,3,6,20,20,83.1,Acquisition,5,33.51,Yes
LA102255,Banaskantha,478,308,170,494,94,1,12,0,9,82.0,Acquisition,28,35.56,No
LA102256,Patan,1045,633,412,621,213,4,11,7,9,70.3,Compensation,36,39.43,No
LA102257,Ahmedabad,1205,781,424,1149,453,7,5,50,16,68.9,Compensation,3,35.19,No
LA102258,Anand,997,564,433,1363,538,6,7,2,23,70.7,Compensation,0,43.43,No
LA102259,Banaskantha,51,24,27,61,5,5,11,0,4,63.4,Objection,12,52.94,No
LA102260,Gandhinagar,1489,774,715,887,191,11,13,0,22,58.1,Compensation,0,48.02,Yes
LA102261,Valsad,84,63,21,113,55,4,7,36,7,72.6,Compensation,51,25.0,Yes
LA102262,Rajkot,1500,997,503,1941,588,6,9,18,38,81.1,Compensation,0,33.53,No
LA102263,Surat,96,67,29,100,36,5,11,6,9,80.9,Acquisition,25,30.21,Yes
LA102264,Bharuch,799,435,364,456,186,4,6,57,13,74.3,Compensation,59,45.56,Yes
LA102265,Junagadh,203,143,60,214,80,5,10,50,7,81.4,Acquisition,19,29.56,Yes
LA102266,Anand,188,120,68,113,39,2,10,5,4,84.6,Acquisition,48,36.17,No
LA102267,Panchmahal,1041,784,257,873,276,7,14,11,13,73.6,Acquisition,7,24.69,No
LA102268,Rajkot,1106,883,223,1234,317,1,3,66,17,82.6,Acquisition,4,20.16,No
LA102269,Sabarkantha,221,177,44,303,106,3,8,12,10,74.9,Handover,0,19.91,No
LA102270,Banaskantha,1467,888,579,1279,384,8,11,5,20,78.2,Handover,18,39.47,Yes
LA102271,Mehsana,514,440,74,681,430,3,5,32,13,77.1,Acquisition,28,14.4,No
LA102272,Kheda,511,396,115,703,258,4,8,34,17,86.3,Acquisition,5,22.5,Yes
LA102273,Sabarkantha,480,369,111,273,130,4,9,44,6,89.3,Acquisition,24,23.12,No
LA102274,Panchmahal,719,649,70,550,86,7,3,58,9,88.7,Handover,0,9.74,No
LA102275,Panchmahal,308,198,110,366,68,7,10,0,7,85.7,Handover,0,35.71,No
LA102276,Vadodara,666,397,269,820,208,4,10,6,12,71.9,Acquisition,18,40.39,Yes
LA102277,Sabarkantha,354,265,89,320,65,3,2,17,6,87.7,Handover,0,25.14,No
LA102278,Banaskantha,124,83,41,141,53,4,9,38,7,74.8,Acquisition,21,33.06,Yes
LA102279,Kheda,585,452,133,644,273,3,7,9,8,92.4,Handover,11,22.74,No
LA102280,Amreli,1025,624,401,1246,734,10,11,15,20,78.3,Acquisition,77,39.12,Yes
LA102281,Anand,1157,810,347,1385,330,8,13,14,18,85.2,Acquisition,0,29.99,No
LA102282,Mehsana,562,250,312,353,78,3,8,30,6,61.0,Compensation,7,55.52,Yes
LA102283,Junagadh,519,392,127,359,95,5,8,0,15,86.0,Handover,54,24.47,No
LA102284,Panchmahal,1192,923,269,798,44,6,8,34,21,76.7,Acquisition,0,22.57,No
LA102285,Jamnagar,1038,573,465,1442,495,8,13,0,19,87.9,Handover,62,44.8,Yes
LA102286,Gandhinagar,1257,817,440,1725,651,6,12,46,21,70.1,Acquisition,0,35.0,Yes
LA102287,Bhavnagar,1364,807,557,1729,931,8,6,8,21,76.1,Acquisition,0,40.84,Yes
LA102288,Mehsana,1241,882,359,813,59,6,8,16,16,84.3,Acquisition,39,28.93,Yes
LA102289,Gandhinagar,1408,754,654,1502,54,5,14,52,22,76.6,Compensation,0,46.45,Yes
LA102290,Bharuch,654,345,309,470,51,2,15,0,7,65.5,Compensation,34,47.25,No
LA102291,Patan,622,369,253,548,136,3,6,0,10,75.5,Acquisition,87,40.68,Yes
LA102292,Kheda,516,351,165,408,173,4,10,26,8,82.0,Acquisition,48,31.98,No
LA102293,Amreli,391,310,81,507,152,6,7,33,16,84.8,Acquisition,2,20.72,No
LA102294,Junagadh,1136,918,218,772,313,4,10,41,10,85.8,Handover,0,19.19,No
LA102295,Junagadh,1086,743,343,1229,595,4,9,8,15,67.3,Acquisition,0,31.58,No
LA102296,Panchmahal,1212,875,337,1740,633,2,7,9,24,89.1,Acquisition,9,27.81,Yes
LA102297,Kheda,292,207,85,341,134,5,9,19,7,76.3,Handover,34,29.11,Yes
LA102298,Gandhinagar,762,413,349,473,154,8,8,26,18,61.5,Objection,10,45.8,Yes
LA102299,Patan,372,278,94,509,107,5,5,18,7,85.3,Compensation,3,25.27,Yes
LA102300,Morbi,1345,1002,343,1518,713,8,7,0,18,70.4,Acquisition,9,25.5,Yes
LA102301,Morbi,438,308,130,421,162,2,9,23,9,87.8,Compensation,3,29.68,No
LA102302,Mehsana,258,188,70,295,106,3,11,26,6,82.9,Acquisition,0,27.13,Yes
LA102303,Morbi,876,710,166,1175,300,2,5,28,23,89.0,Acquisition,3,18.95,No
LA102304,Amreli,1325,783,542,1298,192,15,9,75,18,82.7,Compensation,0,40.91,Yes
LA102305,Gandhinagar,1378,1240,138,1417,80,5,10,2,15,88.4,Handover,2,10.01,No
LA102306,Panchmahal,189,98,91,181,17,4,11,8,7,66.2,Compensation,8,48.15,No
LA102307,Vadodara,522,394,128,321,32,3,7,12,10,82.7,Acquisition,0,24.52,No
LA102308,Junagadh,272,254,18,342,24,1,9,40,12,88.8,Acquisition,13,6.62,No
LA102309,Amreli,496,274,222,329,138,6,7,55,8,66.2,Compensation,4,44.76,Yes
LA102310,Mehsana,824,633,191,746,90,6,5,3,6,87.6,Acquisition,25,23.18,No
LA102311,Bhavnagar,457,246,211,410,114,5,4,50,5,66.4,Compensation,5,46.17,Yes
LA102312,Junagadh,147,63,84,118,54,6,8,31,8,66.2,Objection,45,57.14,Yes
LA102313,Morbi,790,574,216,721,222,5,9,22,12,87.6,Acquisition,13,27.34,No
LA102314,Mehsana,126,92,34,139,41,2,8,22,7,85.7,Handover,93,26.98,Yes
LA102315,Mehsana,378,270,108,314,42,1,6,28,6,82.2,Acquisition,14,28.57,No
LA102316,Morbi,50,22,28,35,10,2,11,0,3,44.9,Notification,100,56.0,Yes
LA102317,Patan,175,153,22,233,22,3,7,0,10,89.4,Acquisition,0,12.57,No
LA102318,Jamnagar,683,521,162,972,81,2,10,18,20,92.8,Handover,54,23.72,Yes
LA102319,Surat,1284,706,578,1236,178,2,12,24,16,68.2,Acquisition,26,45.02,No
LA102320,Jamnagar,1173,816,357,990,181,4,4,129,21,68.5,Compensation,2,30.43,Yes
LA102321,Mehsana,193,106,87,114,19,4,6,60,9,83.6,Compensation,44,45.08,Yes
LA102322,Kheda,100,72,28,58,39,4,8,16,7,86.0,Acquisition,14,28.0,No
LA102323,Valsad,540,255,285,488,135,5,6,22,14,72.9,Compensation,0,52.78,Yes
LA102324,Jamnagar,996,976,20,1382,286,10,8,7,29,85.9,Handover,11,2.01,No
LA102325,Amreli,1133,905,228,1368,890,3,4,79,14,83.7,Acquisition,4,20.12,No
LA102326,Morbi,1244,799,445,1075,559,5,7,48,15,81.0,Acquisition,0,35.77,Yes
LA102327,Morbi,546,428,118,776,59,4,6,30,11,89.7,Acquisition,38,21.61,No
LA102328,Ahmedabad,293,196,97,274,114,2,7,36,5,86.3,Acquisition,30,33.11,No
LA102329,Valsad,88,62,26,70,22,2,10,34,1,64.3,Compensation,0,29.55,No
LA102330,Bharuch,263,132,131,246,152,3,16,38,10,84.6,Compensation,1,49.81,Yes
LA102331,Jamnagar,144,98,46,107,25,4,8,120,10,76.9,Acquisition,56,31.94,Yes
LA102332,Vadodara,1299,661,638,1750,268,9,8,5,39,64.9,Compensation,21,49.11,Yes
LA102333,Junagadh,439,238,201,384,92,4,4,33,12,76.6,Compensation,27,45.79,No
LA102334,Kheda,1244,498,746,1421,222,6,10,39,14,56.6,Compensation,50,59.97,Yes
LA102335,Vadodara,852,441,411,767,453,4,10,48,14,79.8,Compensation,10,48.24,No
LA102336,Jamnagar,832,718,114,1133,38,6,7,73,18,82.3,Acquisition,11,13.7,Yes
LA102337,Navsari,709,386,323,800,230,3,16,0,7,67.3,Compensation,10,45.56,No
LA102338,Kheda,1238,889,349,1225,322,9,21,16,20,75.0,Acquisition,20,28.19,Yes
LA102339,Junagadh,113,60,53,76,55,3,6,21,1,70.3,Compensation,5,46.9,Yes
LA102340,Banaskantha,184,144,40,251,37,3,10,7,8,76.8,Acquisition,4,21.74,No
LA102341,Amreli,664,400,264,692,141,3,4,46,7,72.5,Acquisition,6,39.76,No
LA102342,Junagadh,622,397,225,502,80,4,9,1,8,66.3,Compensation,62,36.17,Yes
LA102343,Valsad,841,625,216,1127,816,2,8,9,11,80.5,Acquisition,17,25.68,No
LA102344,Mehsana,1120,518,602,671,54,7,10,27,12,60.3,Compensation,17,53.75,Yes
LA102345,Sabarkantha,902,672,230,751,209,2,8,0,16,76.7,Compensation,33,25.5,No
LA102346,Kheda,423,415,8,437,83,6,6,10,13,72.5,Acquisition,9,1.89,No
LA102347,Mehsana,524,377,147,448,94,0,8,39,16,93.8,Acquisition,0,28.05,No
LA102348,Morbi,1141,747,394,1117,399,1,12,15,14,78.7,Acquisition,10,34.53,No
LA102349,Jamnagar,342,42,300,269,153,4,7,28,9,40.8,Notification,0,87.72,Yes
LA102350,Banaskantha,781,589,192,521,203,4,2,11,7,82.9,Compensation,10,24.58,No
LA102351,Gandhinagar,831,513,318,485,148,5,8,13,7,72.1,Compensation,17,38.27,Yes
LA102352,Morbi,1138,1004,134,787,277,2,6,7,16,80.6,Acquisition,7,11.78,No
LA102353,Kheda,1086,561,525,1529,686,3,8,9,28,67.3,Compensation,36,48.34,Yes
LA102354,Ahmedabad,724,447,277,773,161,3,7,26,10,65.5,Acquisition,10,38.26,No
LA102355,Banaskantha,498,243,255,493,83,4,5,34,13,81.4,Compensation,15,51.2,No
LA102356,Kheda,583,465,118,522,231,5,4,96,18,89.2,Acquisition,23,20.24,Yes
LA102357,Surat,647,293,354,768,389,1,11,46,14,67.1,Objection,0,54.71,Yes
LA102358,Valsad,368,318,50,249,77,7,7,17,6,91.2,Handover,45,13.59,No
LA102359,Valsad,957,889,68,764,341,3,8,26,13,92.1,Handover,61,7.11,Yes
LA102360,Sabarkantha,352,197,155,401,204,5,7,13,13,74.3,Objection,8,44.03,No
LA102361,Ahmedabad,991,651,340,972,204,4,2,20,10,72.8,Acquisition,0,34.31,No
LA102362,Mehsana,1140,770,370,1417,349,3,9,51,16,82.7,Acquisition,0,32.46,No
LA102363,Bharuch,1445,620,825,1961,539,9,10,24,21,56.5,Objection,0,57.09,Yes
LA102364,Patan,222,162,60,287,107,5,6,0,8,80.6,Acquisition,29,27.03,No
LA102365,Mehsana,1152,644,508,825,224,4,8,32,12,78.0,Acquisition,3,44.1,No
LA102366,Bhavnagar,174,126,48,110,58,4,8,4,8,93.0,Acquisition,0,27.59,No
LA102367,Valsad,539,455,84,379,77,3,11,20,8,87.0,Handover,48,15.58,No
LA102368,Navsari,305,180,125,383,26,0,5,9,8,77.8,Compensation,11,40.98,No
LA102369,Valsad,285,180,105,391,23,4,8,27,6,63.6,Compensation,31,36.84,No
LA102370,Panchmahal,304,144,160,420,173,3,10,41,11,77.1,Compensation,60,52.63,Yes
LA102371,Junagadh,113,74,39,92,14,3,4,23,8,68.9,Acquisition,7,34.51,No
LA102372,Kheda,1244,804,440,1625,460,14,14,25,29,76.7,Compensation,16,35.37,Yes
LA102373,Vadodara,138,64,74,143,40,8,8,4,3,60.9,Compensation,7,53.62,No
LA102374,Anand,628,460,168,810,263,4,14,26,15,83.4,Acquisition,4,26.75,Yes
LA102375,Surat,1064,594,470,1110,541,4,3,19,11,82.0,Compensation,26,44.17,Yes
LA102376,Amreli,1487,1341,146,1013,294,4,4,100,13,89.9,Handover,0,9.82,No
LA102377,Mehsana,1288,973,315,800,85,10,6,0,15,90.7,Handover,0,24.46,No
LA102378,Morbi,249,127,122,351,118,3,10,27,11,71.8,Compensation,11,49.0,No
LA102379,Mehsana,1483,1049,434,1384,444,8,15,19,22,62.6,Acquisition,42,29.27,Yes
LA102380,Bhavnagar,998,598,400,864,462,6,16,0,19,75.7,Acquisition,0,40.08,Yes
LA102381,Bhavnagar,310,189,121,270,26,3,8,0,11,81.2,Acquisition,45,39.03,No
LA102382,Kheda,701,336,365,625,291,1,14,32,7,54.1,Compensation,24,52.07,Yes
LA102383,Bharuch,1381,739,642,1934,439,7,13,0,31,64.2,Compensation,48,46.49,Yes
LA102384,Rajkot,620,309,311,376,13,4,11,12,8,54.0,Compensation,85,50.16,No
LA102385,Patan,316,195,121,208,53,2,8,15,9,73.5,Compensation,63,38.29,Yes
LA102386,Jamnagar,1319,1049,270,1663,954,6,9,18,27,81.7,Acquisition,38,20.47,Yes
LA102387,Sabarkantha,1432,1343,89,1496,626,3,5,20,19,84.7,Handover,38,6.22,No
LA102388,Sabarkantha,1465,986,479,975,190,8,11,11,18,86.2,Acquisition,0,32.7,No
LA102389,Navsari,1436,916,520,834,307,5,10,24,16,80.2,Acquisition,51,36.21,Yes
LA102390,Patan,1316,693,623,989,345,8,7,2,9,80.5,Acquisition,0,47.34,No
LA102391,Amreli,709,560,149,556,185,3,14,11,11,86.4,Handover,3,21.02,No
LA102392,Jamnagar,329,128,201,185,75,4,5,3,6,52.0,Objection,9,61.09,Yes
LA102393,Gandhinagar,945,527,418,704,288,5,6,20,7,57.1,Objection,8,44.23,No
LA102394,Amreli,370,267,103,449,82,7,4,13,8,83.9,Acquisition,53,27.84,Yes
LA102395,Banaskantha,736,433,303,971,228,4,14,45,15,72.3,Acquisition,42,41.17,No
LA102396,Morbi,1001,475,526,1360,721,2,13,64,20,59.3,Compensation,0,52.55,Yes
LA102397,Banaskantha,1423,661,762,1282,187,3,19,0,16,62.3,Objection,0,53.55,Yes
LA102398,Bhavnagar,469,366,103,393,227,2,3,4,9,85.7,Acquisition,37,21.96,No
LA102399,Bhavnagar,415,305,110,602,135,3,6,11,15,82.8,Acquisition,51,26.51,No
LA102400,Junagadh,1116,913,203,1387,341,8,6,0,25,87.6,Handover,41,18.19,No
LA102401,Junagadh,59,42,17,61,20,5,5,0,8,85.0,Handover,17,28.81,No
LA102402,Valsad,871,538,333,679,328,7,8,31,15,69.1,Acquisition,0,38.23,Yes
LA102403,Amreli,1132,720,412,950,227,7,11,107,14,70.2,Compensation,19,36.4,No
LA102404,Jamnagar,849,463,386,861,507,2,12,30,16,70.6,Compensation,31,45.47,Yes
LA102405,Amreli,607,429,178,630,168,5,12,17,13,83.0,Acquisition,40,29.32,No
LA102406,Gandhinagar,1252,319,933,704,208,5,19,28,15,42.6,Objection,44,74.52,Yes
LA102407,Bharuch,588,344,244,831,61,3,9,38,16,82.4,Compensation,10,41.5,Yes
LA102408,Jamnagar,1080,771,309,1153,630,7,5,110,20,87.4,Acquisition,26,28.61,Yes
LA102409,Navsari,723,601,122,781,412,5,5,64,7,86.8,Handover,17,16.87,No
LA102410,Navsari,88,61,27,65,27,3,9,0,3,73.5,Acquisition,2,30.68,Yes
LA102411,Sabarkantha,819,431,388,1014,311,4,11,7,20,62.7,Compensation,19,47.37,Yes
LA102412,Navsari,121,86,35,147,95,3,9,59,9,91.7,Acquisition,12,28.93,Yes
LA102413,Banaskantha,1400,1235,165,890,114,5,12,5,14,89.4,Acquisition,14,11.79,No
LA102414,Jamnagar,922,752,170,1001,481,5,12,55,18,75.3,Compensation,118,18.44,Yes
LA102415,Valsad,589,420,169,673,135,5,4,4,12,77.4,Acquisition,111,28.69,No
LA102416,Sabarkantha,755,538,217,983,151,7,7,76,17,82.9,Handover,7,28.74,Yes
LA102417,Morbi,948,564,384,697,210,6,5,3,20,80.0,Acquisition,21,40.51,Yes
LA102418,Bhavnagar,427,316,111,572,390,7,9,0,14,85.5,Acquisition,39,26.0,No
LA102419,Ahmedabad,468,212,256,452,110,3,11,70,8,63.7,Objection,0,54.7,No
LA102420,Surat,657,389,268,418,235,4,8,70,9,73.6,Acquisition,27,40.79,Yes
LA102421,Morbi,425,305,120,274,83,4,5,21,7,71.6,Compensation,20,28.24,No
LA102422,Panchmahal,1149,653,496,836,168,8,13,2,13,61.6,Acquisition,4,43.17,Yes
LA102423,Anand,200,142,58,161,83,3,5,22,7,85.6,Acquisition,15,29.0,Yes
LA102424,Surat,1249,787,462,1245,389,4,12,26,23,74.5,Compensation,89,36.99,Yes
LA102425,Vadodara,555,352,203,679,123,8,7,8,11,75.8,Acquisition,5,36.58,No
LA102426,Navsari,864,398,466,620,117,3,6,47,10,63.8,Compensation,6,53.94,Yes
LA102427,Morbi,278,144,134,401,114,8,7,5,13,77.3,Objection,0,48.2,No
LA102428,Rajkot,609,479,130,423,54,1,6,8,5,82.1,Handover,58,21.35,No
LA102429,Jamnagar,1144,1069,75,1246,263,5,4,12,21,92.3,Acquisition,12,6.56,No
LA102430,Bhavnagar,442,314,128,613,67,6,12,2,11,88.3,Acquisition,20,28.96,No
LA102431,Ahmedabad,241,121,120,313,50,3,11,105,7,69.7,Compensation,2,49.79,No
LA102432,Surat,807,498,309,914,249,5,6,15,10,65.8,Acquisition,10,38.29,No
LA102433,Ahmedabad,285,169,116,340,221,1,5,3,8,77.9,Compensation,18,40.7,No
LA102434,Patan,506,213,293,339,35,2,14,67,10,68.8,Compensation,10,57.91,Yes
LA102435,Banaskantha,703,422,281,393,153,5,8,3,7,76.6,Compensation,12,39.97,No
LA102436,Panchmahal,868,647,221,817,327,5,5,52,11,73.5,Acquisition,62,25.46,Yes
LA102437,Gandhinagar,977,546,431,616,105,6,5,57,9,73.6,Acquisition,116,44.11,Yes
LA102438,Bhavnagar,1031,578,453,899,273,9,7,53,19,74.9,Acquisition,56,43.94,Yes
LA102439,Surat,1275,789,486,958,387,5,9,11,20,78.6,Compensation,15,38.12,Yes
LA102440,Valsad,145,78,67,199,50,3,9,9,12,77.4,Compensation,0,46.21,No
LA102441,Sabarkantha,575,262,313,772,192,2,15,56,11,71.4,Compensation,33,54.43,Yes
LA102442,Banaskantha,51,36,15,66,15,1,6,0,7,84.9,Acquisition,20,29.41,No
LA102443,Panchmahal,63,37,26,75,20,0,8,0,5,84.4,Acquisition,35,41.27,No
LA102444,Bharuch,358,253,105,247,13,3,3,32,8,85.9,Acquisition,26,29.33,No
LA102445,Gandhinagar,917,563,354,544,206,4,8,33,5,71.4,Compensation,54,38.6,No
LA102446,Anand,1347,992,355,1534,228,3,9,89,31,81.6,Acquisition,67,26.35,No
LA102447,Ahmedabad,1172,836,336,1322,264,11,7,6,16,84.2,Acquisition,5,28.67,No
LA102448,Bhavnagar,987,453,534,871,73,6,13,0,18,70.6,Compensation,15,54.1,Yes
LA102449,Jamnagar,1179,589,590,1150,205,5,13,53,16,67.1,Compensation,24,50.04,Yes
LA102450,Patan,299,192,107,296,211,4,11,25,17,73.4,Acquisition,0,35.79,No
LA102451,Vadodara,1268,1059,209,971,369,8,12,0,15,88.4,Handover,1,16.48,Yes
LA102452,Banaskantha,1341,961,380,1117,205,5,10,22,16,85.7,Acquisition,85,28.34,No
LA102453,Morbi,187,140,47,173,11,5,10,9,4,92.8,Acquisition,26,25.13,Yes
LA102454,Sabarkantha,731,475,256,799,147,3,7,71,13,76.3,Compensation,51,35.02,No
LA102455,Banaskantha,1254,961,293,1768,1156,6,3,10,22,91.0,Handover,4,23.37,No
LA102456,Gandhinagar,740,506,234,766,228,4,10,2,9,89.5,Acquisition,29,31.62,No
LA102457,Rajkot,1269,969,300,1533,290,1,9,6,31,84.7,Handover,21,23.64,No
LA102458,Mehsana,1407,787,620,1796,361,3,17,7,27,68.7,Compensation,23,44.07,No
LA102459,Patan,738,383,355,481,249,4,8,20,15,75.3,Objection,10,48.1,Yes
LA102460,Bhavnagar,136,56,80,155,80,3,7,0,3,61.4,Compensation,0,58.82,No
LA102461,Junagadh,543,432,111,534,306,7,7,15,7,92.2,Acquisition,40,20.44,No
LA102462,Ahmedabad,362,100,262,386,142,2,15,9,12,56.8,Objection,14,72.38,Yes
LA102463,Gandhinagar,737,436,301,431,67,4,6,0,7,78.5,Acquisition,10,40.84,No
LA102464,Vadodara,899,508,391,1228,434,4,9,135,22,63.6,Objection,0,43.49,Yes
LA102465,Navsari,723,433,290,1018,101,5,9,2,16,77.0,Acquisition,43,40.11,No
LA102466,Kheda,333,183,150,184,84,0,9,55,11,75.2,Compensation,11,45.05,No
LA102467,Jamnagar,486,361,125,360,79,3,13,60,6,75.7,Acquisition,97,25.72,Yes
LA102468,Junagadh,1035,888,147,737,251,6,11,29,25,93.0,Acquisition,0,14.2,Yes
LA102469,Amreli,89,63,26,112,52,4,10,16,6,76.4,Compensation,29,29.21,No
LA102470,Amreli,360,109,251,392,109,4,8,48,6,52.6,Objection,0,69.72,Yes
LA102471,Gandhinagar,1344,609,735,954,234,5,10,22,17,61.7,Objection,35,54.69,Yes
LA102472,Mehsana,193,120,73,248,82,2,8,13,9,74.5,Compensation,6,37.82,No
LA102473,Kheda,651,426,225,565,110,3,8,9,9,75.4,Compensation,16,34.56,No
LA102474,Kheda,350,252,98,338,95,3,6,5,7,62.7,Acquisition,33,28.0,No
LA102475,Panchmahal,201,121,80,181,81,4,7,24,2,72.0,Acquisition,34,39.8,No
LA102476,Banaskantha,663,573,90,676,248,6,1,11,15,86.8,Handover,32,13.57,No
LA102477,Rajkot,806,683,123,792,275,6,6,7,14,74.3,Handover,0,15.26,No
LA102478,Bhavnagar,305,268,37,243,51,5,4,12,7,82.5,Handover,49,12.13,No
LA102479,Junagadh,162,93,69,151,114,4,6,0,9,68.7,Acquisition,1,42.59,Yes
LA102480,Anand,245,165,80,335,137,1,5,26,12,68.7,Acquisition,36,32.65,No
LA102481,Junagadh,995,558,437,998,714,5,7,7,14,67.8,Objection,13,43.92,Yes
LA102482,Patan,1298,990,308,1784,629,5,6,0,22,87.8,Handover,36,23.73,No
LA102483,Banaskantha,311,230,81,325,131,6,5,0,7,77.5,Acquisition,19,26.05,No
LA102484,Anand,514,450,64,638,228,3,8,47,13,89.7,Handover,0,12.45,No
LA102485,Jamnagar,548,390,158,446,280,2,4,14,4,78.2,Compensation,0,28.83,Yes
LA102486,Ahmedabad,573,237,336,723,66,6,7,116,11,57.1,Compensation,0,58.64,Yes
LA102487,Kheda,404,242,162,318,173,4,8,25,5,76.8,Compensation,11,40.1,No
LA102488,Rajkot,130,46,84,74,18,0,11,24,2,61.0,Objection,36,64.62,Yes
LA102489,Navsari,812,591,221,564,66,6,3,44,17,82.8,Acquisition,7,27.22,No
LA102490,Sabarkantha,568,366,202,323,85,0,4,28,9,74.5,Compensation,58,35.56,No
LA102491,Bharuch,546,422,124,766,342,8,11,0,14,80.7,Compensation,46,22.71,No
LA102492,Rajkot,434,225,209,629,274,4,7,0,5,78.4,Acquisition,78,48.16,Yes
LA102493,Navsari,1398,1034,364,1728,324,9,4,41,32,84.4,Acquisition,18,26.04,Yes
LA102494,Junagadh,935,501,434,605,124,3,10,46,11,68.5,Compensation,0,46.42,No
LA102495,Kheda,657,278,379,893,326,5,13,13,11,56.9,Objection,34,57.69,Yes
LA102496,Ahmedabad,348,295,53,424,153,3,11,89,7,83.8,Handover,8,15.23,Yes
LA102497,Gandhinagar,1212,1054,158,1029,282,4,6,38,20,85.5,Acquisition,22,13.04,Yes
LA102498,Ahmedabad,1339,868,471,1342,701,5,12,15,20,67.7,Acquisition,2,35.18,Yes
LA102499,Valsad,96,69,27,110,37,3,8,2,6,82.7,Acquisition,7,28.12,No
LA102500,Kheda,1398,1091,307,799,153,6,14,66,9,90.8,Acquisition,37,21.96,No
LA102501,Anand,1064,649,415,1065,427,2,13,0,13,62.5,Compensation,2,39.0,No
LA102502,Sabarkantha,194,171,23,235,92,5,7,88,6,82.7,Acquisition,4,11.86,No
LA102503,Morbi,1142,1082,60,822,83,5,7,45,22,89.7,Handover,23,5.25,No
LA102504,Anand,205,140,65,195,39,4,7,0,7,75.8,Compensation,20,31.71,Yes
LA102505,Jamnagar,123,91,32,127,46,4,7,14,9,84.7,Acquisition,11,26.02,No
LA102506,Rajkot,217,129,88,263,120,4,10,12,7,65.9,Acquisition,9,40.55,No
LA102507,Ahmedabad,717,644,73,1017,208,4,10,47,17,92.9,Handover,0,10.18,No
LA102508,Junagadh,948,229,719,1245,122,3,13,3,17,43.4,Objection,27,75.84,Yes
LA102509,Navsari,641,408,233,711,187,4,7,58,11,77.7,Compensation,0,36.35,Yes
LA102510,Morbi,226,213,13,243,17,2,2,72,10,75.9,Handover,25,5.75,No
LA102511,Kheda,338,153,185,369,119,1,10,10,5,62.8,Compensation,88,54.73,Yes
LA102512,Mehsana,1286,991,295,1338,395,7,15,0,25,80.4,Acquisition,65,22.94,No
LA102513,Junagadh,1446,818,628,873,218,5,10,80,15,74.1,Compensation,28,43.43,Yes
LA102514,Kheda,1144,666,478,1348,408,7,6,25,14,72.1,Compensation,15,41.78,Yes
LA102515,Surat,200,128,72,239,78,1,8,8,8,84.7,Acquisition,28,36.0,Yes
LA102516,Sabarkantha,1239,602,637,1253,108,6,6,80,21,70.5,Objection,4,51.41,Yes
LA102517,Valsad,1054,845,209,1405,368,6,13,7,22,85.4,Handover,4,19.83,No
LA102518,Junagadh,813,620,193,939,311,8,13,104,16,82.9,Handover,61,23.74,Yes
LA102519,Junagadh,257,203,54,225,54,2,6,14,6,73.2,Acquisition,10,21.01,No
LA102520,Jamnagar,1496,724,772,849,203,2,10,14,10,61.7,Objection,7,51.6,No
LA102521,Mehsana,692,547,145,417,209,4,15,7,5,88.6,Acquisition,10,20.95,Yes
LA102522,Gandhinagar,114,69,45,99,51,0,7,11,2,73.3,Compensation,7,39.47,No
LA102523,Rajkot,354,243,111,342,77,3,5,8,6,89.4,Acquisition,0,31.36,No
LA102524,Ahmedabad,632,509,123,443,142,2,7,5,8,85.9,Acquisition,22,19.46,No
LA102525,Banaskantha,140,78,62,101,21,4,4,34,9,70.3,Acquisition,110,44.29,Yes
LA102526,Vadodara,520,265,255,394,198,4,9,73,5,77.5,Compensation,0,49.04,Yes
LA102527,Morbi,729,644,85,913,90,7,6,48,9,88.3,Handover,45,11.66,No
LA102528,Anand,1426,944,482,1774,831,7,7,0,37,83.5,Compensation,63,33.8,Yes
LA102529,Amreli,175,107,68,157,48,3,5,7,13,70.7,Compensation,13,38.86,No
LA102530,Morbi,887,587,300,625,62,3,7,0,11,74.9,Compensation,4,33.82,No
LA102531,Kheda,1378,1075,303,895,473,5,5,9,15,87.1,Acquisition,62,21.99,Yes
LA102532,Gandhinagar,1219,741,478,766,452,4,13,6,13,82.5,Acquisition,4,39.21,No
LA102533,Banaskantha,1392,1147,245,1256,452,4,6,17,19,80.3,Acquisition,18,17.6,No
LA102534,Bhavnagar,297,140,157,176,38,1,4,35,3,67.5,Compensation,3,52.86,No
LA102535,Surat,1212,620,592,1031,163,3,11,16,9,86.9,Acquisition,57,48.84,Yes
LA102536,Kheda,1469,1299,170,2079,448,8,7,9,15,90.8,Handover,6,11.57,No
LA102537,Ahmedabad,523,474,49,527,167,5,7,41,7,93.2,Handover,4,9.37,No
LA102538,Amreli,773,480,293,997,605,6,5,9,14,85.4,Acquisition,75,37.9,No
LA102539,Mehsana,820,513,307,546,101,4,11,0,12,74.9,Acquisition,25,37.44,No
LA102540,Vadodara,766,513,253,606,155,3,9,0,10,69.1,Acquisition,5,33.03,No
LA102541,Amreli,470,244,226,659,230,4,12,47,11,52.3,Compensation,3,48.09,No
LA102542,Kheda,1458,903,555,1305,180,4,7,112,18,68.7,Compensation,10,38.07,Yes
LA102543,Sabarkantha,1437,1247,190,1629,1069,3,10,52,27,89.5,Handover,1,13.22,Yes
LA102544,Gandhinagar,602,397,205,860,209,1,7,25,14,71.4,Compensation,5,34.05,Yes
LA102545,Mehsana,1218,845,373,1274,129,7,7,0,19,82.4,Acquisition,53,30.62,No
LA102546,Ahmedabad,626,323,303,516,143,6,13,53,10,74.9,Compensation,0,48.4,No
LA102547,Navsari,1203,865,338,1238,203,2,7,89,21,85.8,Handover,13,28.1,No
LA102548,Ahmedabad,898,557,341,538,251,4,12,17,12,64.1,Objection,0,37.97,No
LA102549,Valsad,732,594,138,477,95,6,12,12,17,81.7,Acquisition,39,18.85,No
LA102550,Rajkot,235,184,51,131,19,5,9,16,6,87.3,Handover,3,21.7,No
LA102551,Mehsana,999,498,501,1344,482,5,6,2,18,66.3,Compensation,22,50.15,Yes
LA102552,Navsari,515,367,148,594,209,4,6,58,10,67.0,Acquisition,60,28.74,No
LA102553,Navsari,364,262,102,298,51,5,6,68,4,82.4,Handover,43,28.02,Yes
LA102554,Rajkot,330,280,50,247,85,1,4,6,5,89.5,Handover,11,15.15,No
LA102555,Kheda,1474,699,775,1717,286,4,14,0,33,72.1,Compensation,0,52.58,Yes
LA102556,Sabarkantha,199,149,50,274,92,1,7,26,5,86.7,Acquisition,17,25.13,No
LA102557,Kheda,1208,934,274,990,255,4,11,1,14,78.5,Handover,86,22.68,No
LA102558,Surat,1306,522,784,1096,87,6,17,82,13,66.8,Compensation,4,60.03,Yes
LA102559,Mehsana,95,79,16,125,41,4,7,21,11,93.9,Acquisition,14,16.84,No
LA102560,Mehsana,905,628,277,1225,59,6,11,2,12,77.4,Acquisition,32,30.61,No
LA102561,Anand,887,848,39,1218,139,3,6,27,21,92.1,Handover,1,4.4,No
LA102562,Amreli,570,521,49,464,84,5,9,34,11,92.3,Handover,14,8.6,No
LA102563,Sabarkantha,1017,936,81,669,27,5,8,35,12,86.4,Handover,19,7.96,No
LA102564,Gandhinagar,642,549,93,607,222,3,9,44,13,88.3,Acquisition,118,14.49,Yes
LA102565,Ahmedabad,687,435,252,561,137,4,4,10,11,67.4,Acquisition,0,36.68,Yes
LA102566,Mehsana,676,335,341,910,392,6,7,14,19,71.8,Compensation,36,50.44,Yes
LA102567,Ahmedabad,1211,352,859,706,61,5,20,25,11,53.3,Notification,14,70.93,No
LA102568,Jamnagar,968,720,248,1085,719,7,3,29,25,70.3,Compensation,46,25.62,Yes
LA102569,Navsari,599,352,247,818,271,7,8,14,11,75.6,Acquisition,0,41.24,Yes
LA102570,Bhavnagar,1394,982,412,1992,876,8,9,15,18,87.1,Handover,26,29.56,Yes
LA102571,Banaskantha,1213,590,623,1377,183,8,14,106,12,83.3,Objection,36,51.36,Yes
LA102572,Valsad,1403,1257,146,1971,742,7,7,35,37,89.9,Handover,41,10.41,Yes
LA102573,Mehsana,1109,527,582,685,140,4,12,24,15,71.4,Compensation,5,52.48,No
LA102574,Ahmedabad,618,323,295,540,33,3,9,3,4,73.0,Compensation,4,47.73,Yes
LA102575,Bhavnagar,1171,763,408,653,154,2,7,0,13,67.3,Acquisition,0,34.84,No
LA102576,Mehsana,527,183,344,755,116,2,8,33,17,69.7,Objection,7,65.28,Yes
LA102577,Sabarkantha,443,358,85,604,157,3,8,41,12,79.2,Acquisition,8,19.19,No
LA102578,Sabarkantha,704,459,245,405,75,6,14,27,7,84.9,Compensation,35,34.8,No
LA102579,Patan,1456,950,506,825,215,4,10,50,12,78.7,Compensation,3,34.75,No
LA102580,Junagadh,874,458,416,769,143,6,4,37,13,72.7,Compensation,0,47.6,No
LA102581,Patan,606,320,286,474,144,9,9,27,10,78.1,Objection,0,47.19,No
LA102582,Vadodara,720,442,278,945,267,6,17,15,22,80.8,Compensation,0,38.61,No
LA102583,Surat,472,248,224,328,42,7,10,0,6,73.4,Compensation,0,47.46,Yes
LA102584,Mehsana,1005,389,616,1268,283,5,16,29,18,64.3,Objection,10,61.29,Yes
LA102585,Banaskantha,558,282,276,585,236,6,10,12,10,49.8,Objection,20,49.46,No
LA102586,Junagadh,854,409,445,760,245,5,10,17,10,70.4,Compensation,41,52.11,No
LA102587,Valsad,586,335,251,399,104,4,12,15,6,87.3,Acquisition,60,42.83,No
LA102588,Surat,515,197,318,746,98,5,12,67,14,71.5,Compensation,0,61.75,No
LA102589,Patan,1457,948,509,1612,312,7,10,64,20,73.2,Acquisition,3,34.93,Yes
LA102590,Amreli,551,225,326,521,87,7,10,36,6,70.9,Objection,1,59.17,Yes
LA102591,Vadodara,152,95,57,134,27,3,7,29,2,76.4,Acquisition,17,37.5,No
LA102592,Vadodara,599,533,66,818,317,1,6,10,10,81.0,Acquisition,37,11.02,No
LA102593,Navsari,822,402,420,1060,268,5,8,17,16,60.8,Objection,31,51.09,Yes
LA102594,Patan,187,121,66,239,30,2,8,23,14,73.9,Acquisition,23,35.29,No
LA102595,Banaskantha,493,276,217,545,217,1,8,29,5,73.8,Acquisition,26,44.02,No
LA102596,Anand,290,189,101,391,152,2,9,39,14,77.5,Acquisition,0,34.83,Yes
LA102597,Amreli,776,485,291,636,340,7,7,15,12,76.8,Acquisition,0,37.5,No
LA102598,Navsari,1099,822,277,1300,220,10,7,6,19,83.3,Acquisition,37,25.2,Yes
LA102599,Surat,1455,1310,145,1330,66,7,4,8,24,84.9,Handover,0,9.97,No
LA102600,Jamnagar,614,473,141,669,153,6,6,1,12,92.0,Handover,51,22.96,Yes
LA102601,Vadodara,1302,701,601,1886,448,9,7,34,37,74.1,Acquisition,1,46.16,No
LA102602,Banaskantha,361,254,107,518,111,4,5,0,15,82.8,Compensation,35,29.64,No
LA102603,Anand,1182,790,392,1195,611,8,7,92,17,70.0,Acquisition,8,33.16,Yes
LA102604,Panchmahal,866,505,361,924,212,2,6,56,19,74.1,Compensation,7,41.69,Yes
LA102605,Junagadh,1150,655,495,1561,641,7,6,38,19,67.3,Compensation,87,43.04,Yes
LA102606,Navsari,1146,920,226,1647,314,7,7,30,28,86.4,Handover,23,19.72,No
LA102607,Mehsana,822,806,16,1028,248,4,7,43,5,90.2,Handover,30,1.95,No
LA102608,Patan,423,334,89,257,23,2,2,0,7,81.5,Acquisition,0,21.04,No
LA102609,Surat,813,476,337,683,46,5,11,0,10,79.2,Compensation,22,41.45,No
LA102610,Jamnagar,1249,184,1065,1695,371,9,14,19,28,51.2,Notification,71,85.27,Yes
LA102611,Navsari,1458,1106,352,1810,134,4,7,8,27,85.7,Acquisition,0,24.14,No
LA102612,Rajkot,1395,666,729,1699,628,5,9,0,20,67.8,Compensation,30,52.26,Yes
LA102613,Banaskantha,313,239,74,360,144,6,8,36,9,91.9,Handover,6,23.64,Yes
LA102614,Anand,916,437,479,846,285,6,9,0,17,70.4,Compensation,22,52.29,Yes
LA102615,Ahmedabad,201,125,76,183,102,10,12,14,5,79.3,Acquisition,97,37.81,Yes
LA102616,Sabarkantha,1020,690,330,1304,372,8,6,19,22,84.4,Compensation,18,32.35,Yes
LA102617,Surat,1489,1090,399,1213,123,2,6,9,14,85.7,Acquisition,78,26.8,No
LA102618,Anand,126,90,36,147,67,1,7,0,8,89.3,Handover,31,28.57,No
LA102619,Sabarkantha,1002,529,473,1206,406,4,8,53,19,72.5,Compensation,7,47.21,Yes
LA102620,Navsari,1421,1034,387,1862,938,5,22,48,16,79.4,Acquisition,37,27.23,Yes
LA102621,Bharuch,1279,782,497,1072,325,5,10,14,19,73.6,Acquisition,9,38.86,Yes
LA102622,Sabarkantha,619,287,332,754,460,4,13,9,11,60.0,Objection,58,53.63,Yes
LA102623,Patan,200,152,48,129,34,3,6,38,1,87.5,Acquisition,7,24.0,No
LA102624,Morbi,1390,1016,374,937,339,4,8,39,13,92.7,Handover,46,26.91,No
LA102625,Amreli,1386,1286,100,1283,141,2,7,16,16,89.4,Handover,16,7.22,No
LA102626,Navsari,890,826,64,534,129,2,6,0,10,84.0,Acquisition,15,7.19,No
LA102627,Jamnagar,1470,878,592,2062,524,6,6,0,28,61.0,Compensation,20,40.27,Yes
LA102628,Morbi,56,18,38,76,12,2,11,0,6,63.2,Objection,22,67.86,No
LA102629,Ahmedabad,944,593,351,561,127,2,3,0,8,81.2,Acquisition,63,37.18,No
LA102630,Amreli,105,89,16,137,9,3,5,17,5,88.6,Handover,5,15.24,No
LA102631,Patan,1407,848,559,1418,611,7,17,0,22,79.7,Compensation,6,39.73,Yes
LA102632,Navsari,1037,749,288,1225,170,4,7,22,21,90.2,Acquisition,1,27.77,No
LA102633,Bhavnagar,1375,451,924,1854,867,6,17,13,22,60.2,Objection,3,67.2,Yes
LA102634,Mehsana,866,456,410,926,296,0,9,11,19,69.2,Acquisition,0,47.34,Yes
LA102635,Navsari,170,106,64,111,19,4,13,73,3,82.2,Compensation,25,37.65,Yes
LA102636,Jamnagar,88,29,59,49,23,0,9,0,5,69.9,Objection,25,67.05,Yes
LA102637,Junagadh,536,350,186,535,143,2,3,9,6,66.8,Compensation,0,34.7,No
LA102638,Junagadh,1128,924,204,1584,401,9,9,42,16,88.8,Acquisition,8,18.09,Yes
LA102639,Banaskantha,269,74,195,287,56,3,9,5,1,55.2,Notification,13,72.49,No
LA102640,Amreli,1286,1041,245,1139,281,6,10,0,22,83.8,Handover,5,19.05,No
LA102641,Bhavnagar,397,272,125,229,23,3,5,86,7,79.2,Acquisition,3,31.49,No
LA102642,Junagadh,770,646,124,1058,453,2,5,43,16,83.8,Handover,60,16.1,Yes
LA102643,Junagadh,344,306,38,290,58,3,6,93,11,92.3,Acquisition,29,11.05,No
LA102644,Rajkot,725,473,252,859,368,3,8,46,11,84.4,Acquisition,55,34.76,Yes
LA102645,Jamnagar,706,612,94,829,589,5,5,31,13,90.9,Handover,34,13.31,Yes
LA102646,Navsari,57,38,19,44,22,5,4,24,3,72.3,Compensation,3,33.33,No
LA102647,Surat,873,675,198,530,169,2,2,6,10,78.8,Acquisition,40,22.68,No
LA102648,Surat,1191,1007,184,1068,458,8,5,8,16,85.9,Acquisition,18,15.45,Yes
LA102649,Morbi,1408,1118,290,1176,244,5,9,16,17,71.3,Compensation,10,20.6,No
LA102650,Vadodara,529,440,89,624,234,3,5,2,11,85.0,Handover,35,16.82,No
LA102651,Amreli,1327,691,636,1709,205,6,14,43,21,72.5,Objection,5,47.93,Yes
LA102652,Panchmahal,1325,878,447,994,543,4,11,15,16,76.7,Acquisition,44,33.74,No
LA102653,Banaskantha,1484,898,586,1522,499,5,17,17,30,82.6,Compensation,16,39.49,Yes
LA102654,Ahmedabad,591,550,41,347,100,3,4,15,13,91.8,Acquisition,27,6.94,No
LA102655,Surat,1284,664,620,954,110,1,12,48,16,72.8,Acquisition,9,48.29,No
LA102656,Junagadh,869,847,22,1074,300,1,6,37,16,86.4,Handover,34,2.53,No
LA102657,Gandhinagar,134,74,60,169,63,3,8,0,7,70.9,Compensation,4,44.78,No
LA102658,Kheda,442,252,190,552,80,3,7,27,11,70.3,Compensation,21,42.99,Yes
LA102659,Bharuch,1025,510,515,695,85,7,15,26,11,67.4,Compensation,12,50.24,No
LA102660,Amreli,283,177,106,296,53,4,7,75,9,81.3,Acquisition,68,37.46,No
LA102661,Valsad,680,462,218,633,461,2,10,30,14,84.7,Acquisition,0,32.06,Yes
LA102662,Navsari,1174,973,201,1693,199,7,7,3,28,91.4,Handover,13,17.12,No
LA102663,Morbi,267,112,155,304,70,3,6,30,8,56.0,Compensation,0,58.05,Yes
LA102664,Sabarkantha,770,387,383,1072,305,2,13,6,14,67.5,Acquisition,27,49.74,Yes
LA102665,Morbi,361,225,136,246,17,4,8,28,4,72.0,Acquisition,29,37.67,Yes
LA102666,Amreli,828,497,331,791,227,5,6,29,15,77.6,Acquisition,9,39.98,Yes
LA102667,Navsari,399,251,148,497,98,6,11,56,10,75.2,Compensation,43,37.09,No
LA102668,Valsad,1450,1263,187,1278,397,9,8,35,29,81.2,Acquisition,15,12.9,No
LA102669,Amreli,161,101,60,180,79,3,6,48,7,80.1,Compensation,70,37.27,Yes
LA102670,Jamnagar,1448,939,509,1463,406,9,10,62,24,79.8,Acquisition,0,35.15,Yes
LA102671,Kheda,1199,534,665,1730,510,7,13,16,28,69.0,Compensation,17,55.46,Yes
LA102672,Bhavnagar,1291,453,838,912,380,7,16,45,17,52.9,Objection,22,64.91,Yes
LA102673,Jamnagar,1285,771,514,1788,431,7,5,2,28,69.1,Compensation,46,40.0,Yes
LA102674,Surat,322,212,110,293,186,7,11,2,11,82.6,Acquisition,19,34.16,Yes
LA102675,Surat,1401,860,541,1361,537,7,8,22,21,84.2,Acquisition,35,38.62,Yes
LA102676,Ahmedabad,912,607,305,935,158,5,9,43,21,75.3,Acquisition,24,33.44,Yes
LA102677,Vadodara,1446,849,597,1141,374,7,18,44,20,67.1,Compensation,14,41.29,Yes
LA102678,Mehsana,1324,1022,302,1876,312,11,9,46,20,82.7,Compensation,39,22.81,Yes
LA102679,Anand,891,235,656,1221,535,4,18,5,15,53.1,Objection,4,73.63,Yes
LA102680,Surat,593,522,71,845,211,11,6,24,10,85.6,Handover,15,11.97,No
LA102681,Valsad,220,162,58,318,156,6,8,13,7,89.6,Acquisition,28,26.36,Yes
LA102682,Amreli,196,120,76,226,55,2,4,71,9,83.0,Compensation,13,38.78,No
LA102683,Surat,615,323,292,588,116,3,14,26,11,56.3,Compensation,27,47.48,No
LA102684,Gandhinagar,1226,1075,151,1613,296,4,5,48,25,85.7,Acquisition,0,12.32,No
LA102685,Vadodara,783,558,225,447,190,5,7,26,17,85.7,Acquisition,45,28.74,No
LA102686,Patan,749,452,297,974,326,4,12,14,12,80.5,Compensation,30,39.65,No
LA102687,Bhavnagar,404,288,116,403,119,8,12,18,5,78.9,Handover,0,28.71,No
LA102688,Amreli,868,312,556,1003,457,2,17,8,18,62.7,Objection,9,64.06,Yes
LA102689,Bhavnagar,975,956,19,864,293,5,10,12,17,91.6,Handover,62,1.95,No
LA102690,Bhavnagar,1475,809,666,1301,690,9,12,40,20,77.3,Compensation,32,45.15,Yes
LA102691,Sabarkantha,1108,724,384,641,192,7,10,92,13,74.2,Compensation,0,34.66,Yes
LA102692,Navsari,931,579,352,867,66,5,14,21,15,76.0,Acquisition,40,37.81,Yes
LA102693,Patan,1370,656,714,1257,628,3,12,45,22,69.9,Compensation,50,52.12,Yes
LA102694,Rajkot,666,395,271,501,244,5,9,4,6,80.5,Acquisition,17,40.69,Yes
LA102695,Anand,1406,940,466,1086,246,6,9,31,20,68.5,Compensation,35,33.14,Yes
LA102696,Gandhinagar,586,391,195,630,177,7,8,47,15,75.4,Compensation,61,33.28,Yes
LA102697,Ahmedabad,235,136,99,196,22,2,6,39,4,76.9,Compensation,9,42.13,No
LA102698,Valsad,655,374,281,850,205,6,8,45,16,75.0,Compensation,48,42.9,Yes
LA102699,Ahmedabad,236,146,90,153,22,2,5,33,3,81.9,Acquisition,19,38.14,No
LA102700,Anand,221,194,27,236,78,2,8,3,12,90.0,Handover,123,12.22,No
LA102701,Amreli,1328,1098,230,922,166,4,10,15,23,84.9,Handover,22,17.32,No
LA102702,Sabarkantha,1203,1054,149,1234,90,3,5,2,22,93.0,Handover,0,12.39,No
LA102703,Jamnagar,370,170,200,387,146,1,11,13,11,57.5,Compensation,9,54.05,Yes
LA102704,Banaskantha,1265,846,419,1427,514,5,7,127,25,73.1,Acquisition,1,33.12,Yes
LA102705,Surat,149,74,75,139,35,4,6,0,2,78.1,Acquisition,31,50.34,Yes
LA102706,Ahmedabad,462,345,117,466,111,5,10,37,10,83.4,Acquisition,30,25.32,No
LA102707,Patan,1074,953,121,766,50,4,12,57,19,89.1,Acquisition,35,11.27,No
LA102708,Jamnagar,490,276,214,474,123,6,9,14,5,67.1,Objection,4,43.67,No
LA102709,Vadodara,1109,620,489,982,347,7,5,48,11,68.3,Compensation,16,44.09,No
LA102710,Junagadh,1318,896,422,1515,636,4,3,52,21,85.7,Acquisition,31,32.02,Yes
LA102711,Amreli,145,76,69,136,27,3,7,35,9,70.9,Acquisition,19,47.59,No
LA102712,Amreli,84,60,24,105,22,3,8,54,5,87.7,Acquisition,33,28.57,No
LA102713,Kheda,1413,1186,227,1319,276,3,8,35,17,92.4,Acquisition,20,16.07,Yes
LA102714,Rajkot,805,390,415,614,60,4,5,39,15,66.4,Compensation,71,51.55,Yes
LA102715,Panchmahal,784,320,464,624,99,4,11,41,11,71.7,Compensation,36,59.18,No
LA102716,Sabarkantha,722,371,351,427,144,4,5,21,8,57.4,Compensation,70,48.61,Yes
LA102717,Banaskantha,679,418,261,703,109,6,9,5,13,69.2,Compensation,0,38.44,Yes
LA102718,Bhavnagar,1051,525,526,1364,220,3,13,18,24,60.1,Objection,11,50.05,No
LA102719,Rajkot,891,515,376,1107,92,2,9,28,19,79.1,Acquisition,51,42.2,No
LA102720,Sabarkantha,287,175,112,271,53,4,4,53,8,78.0,Compensation,44,39.02,No
LA102721,Patan,959,468,491,697,349,7,6,12,5,57.6,Objection,11,51.2,Yes
LA102722,Valsad,1019,777,242,1352,752,5,5,7,14,87.2,Handover,14,23.75,No
LA102723,Bhavnagar,214,136,78,129,20,1,9,24,4,82.4,Acquisition,0,36.45,No
LA102724,Jamnagar,596,558,38,542,75,5,7,8,8,91.4,Handover,0,6.38,No
LA102725,Patan,1197,662,535,1581,223,8,6,125,15,76.0,Compensation,0,44.7,Yes
LA102726,Gandhinagar,947,385,562,856,295,7,11,13,9,82.2,Objection,19,59.35,No
LA102727,Kheda,247,153,94,162,22,2,10,9,5,73.6,Acquisition,70,38.06,Yes
LA102728,Ahmedabad,108,72,36,85,15,5,5,0,5,77.6,Compensation,37,33.33,No
LA102729,Amreli,893,600,293,973,252,10,7,3,14,78.6,Acquisition,66,32.81,No
LA102730,Amreli,719,606,113,494,131,1,5,3,9,91.1,Handover,0,15.72,No
LA102731,Mehsana,1444,1008,436,1645,222,6,6,7,18,86.6,Compensation,37,30.19,Yes
LA102732,Mehsana,807,648,159,762,259,5,7,64,8,81.7,Acquisition,0,19.7,No
LA102733,Anand,1401,592,809,1192,160,9,9,15,18,68.8,Objection,58,57.74,No
LA102734,Bharuch,360,222,138,276,22,4,9,8,6,74.2,Acquisition,10,38.33,No
LA102735,Morbi,699,495,204,902,215,8,6,6,12,88.2,Acquisition,34,29.18,No
LA102736,Junagadh,252,219,33,229,125,2,10,5,6,87.9,Acquisition,22,13.1,No
LA102737,Bharuch,883,469,414,1073,343,9,10,0,20,73.5,Acquisition,34,46.89,Yes
LA102738,Surat,323,211,112,306,76,3,9,57,10,76.8,Compensation,65,34.67,No
LA102739,Amreli,764,503,261,483,209,2,9,28,10,77.1,Acquisition,0,34.16,Yes
LA102740,Bharuch,549,286,263,520,48,1,12,13,9,63.6,Objection,12,47.91,No
LA102741,Sabarkantha,319,217,102,321,63,3,4,21,8,86.7,Acquisition,47,31.97,No
LA102742,Morbi,190,126,64,183,11,2,10,11,8,74.8,Acquisition,11,33.68,No
LA102743,Gandhinagar,792,538,254,1017,476,10,12,19,21,79.5,Compensation,0,32.07,Yes
LA102744,Jamnagar,1424,1083,341,1951,248,13,13,78,31,84.1,Acquisition,1,23.95,No
LA102745,Panchmahal,338,230,108,425,107,2,6,2,13,65.6,Acquisition,20,31.95,No
LA102746,Gandhinagar,637,461,176,684,234,6,8,20,16,82.8,Acquisition,5,27.63,Yes
LA102747,Amreli,375,270,105,389,151,4,12,50,5,92.6,Acquisition,0,28.0,Yes
LA102748,Panchmahal,1223,810,413,1382,470,7,11,56,19,60.3,Compensation,52,33.77,Yes
LA102749,Banaskantha,652,487,165,527,175,3,8,26,7,77.1,Acquisition,2,25.31,Yes
LA102750,Sabarkantha,1463,1184,279,1874,646,7,7,47,17,85.7,Acquisition,0,19.07,Yes
LA102751,Ahmedabad,405,232,173,535,285,2,8,13,9,71.8,Compensation,6,42.72,Yes
LA102752,Rajkot,167,70,97,132,27,4,5,17,9,49.5,Objection,11,58.08,No
LA102753,Vadodara,895,408,487,1219,99,3,10,4,24,78.2,Compensation,1,54.41,Yes
LA102754,Bhavnagar,995,955,40,1307,198,7,7,14,24,91.3,Handover,0,4.02,No
LA102755,Bhavnagar,1487,1088,399,1386,662,2,7,63,20,76.4,Acquisition,13,26.83,Yes
LA102756,Panchmahal,1314,861,453,1798,481,8,14,44,26,79.2,Acquisition,47,34.47,Yes
LA102757,Banaskantha,1332,777,555,877,203,4,15,2,13,63.1,Compensation,39,41.67,No
LA102758,Sabarkantha,970,732,238,558,147,5,9,6,8,81.0,Acquisition,3,24.54,No
LA102759,Amreli,572,238,334,494,56,8,7,32,4,64.9,Compensation,21,58.39,No
LA102760,Anand,672,346,326,712,98,4,13,87,12,63.1,Compensation,27,48.51,Yes
LA102761,Bhavnagar,244,134,110,211,33,2,9,75,5,64.5,Objection,48,45.08,Yes
LA102762,Morbi,675,515,160,944,244,4,8,99,21,88.7,Acquisition,37,23.7,No
LA102763,Sabarkantha,578,245,333,450,105,3,15,21,9,58.4,Compensation,7,57.61,No
LA102764,Kheda,102,41,61,82,15,2,6,30,6,46.3,Objection,24,59.8,Yes
LA102765,Ahmedabad,346,208,138,388,38,3,8,24,5,71.1,Acquisition,18,39.88,No
LA102766,Vadodara,825,720,105,457,41,7,12,0,6,80.3,Acquisition,19,12.73,No
LA102767,Jamnagar,585,411,174,705,116,6,7,25,6,87.9,Acquisition,17,29.74,No
LA102768,Bhavnagar,1491,808,683,1327,135,4,7,12,21,63.5,Compensation,13,45.81,Yes
LA102769,Junagadh,744,478,266,1064,292,10,10,0,19,84.9,Acquisition,69,35.75,Yes
LA102770,Ahmedabad,1441,1010,431,1689,653,6,6,6,18,75.6,Acquisition,63,29.91,Yes
LA102771,Amreli,1008,656,352,602,113,8,8,19,10,87.4,Acquisition,37,34.92,No
LA102772,Vadodara,108,82,26,68,21,2,10,59,6,84.2,Handover,15,24.07,No
LA102773,Surat,345,189,156,217,59,6,12,0,7,57.0,Compensation,29,45.22,Yes
LA102774,Surat,1074,879,195,1512,410,4,6,11,16,92.1,Handover,38,18.16,No
LA102775,Surat,840,361,479,979,380,4,9,58,15,66.0,Objection,0,57.02,Yes
LA102776,Gandhinagar,487,421,66,455,128,2,7,0,13,88.1,Acquisition,12,13.55,No
LA102777,Mehsana,807,529,278,589,46,4,11,29,12,74.3,Compensation,29,34.45,Yes
LA102778,Vadodara,1360,942,418,1817,548,7,11,9,36,81.8,Compensation,2,30.74,No
LA102779,Surat,614,301,313,449,201,6,11,10,3,71.4,Acquisition,11,50.98,Yes
LA102780,Patan,115,72,43,136,13,6,5,28,7,89.6,Compensation,24,37.39,Yes
LA102781,Junagadh,501,451,50,620,128,3,4,58,14,79.5,Handover,45,9.98,No
LA102782,Bharuch,1407,655,752,1147,290,3,14,34,16,65.5,Compensation,0,53.45,Yes
LA102783,Patan,1155,663,492,1160,206,5,8,93,15,79.3,Compensation,14,42.6,Yes
LA102784,Bharuch,1265,934,331,950,336,5,3,12,21,82.3,Acquisition,8,26.17,Yes
LA102785,Mehsana,1372,840,532,1223,345,4,8,10,16,83.0,Acquisition,19,38.78,Yes
LA102786,Sabarkantha,220,111,109,312,138,3,8,6,8,59.1,Compensation,18,49.55,Yes
LA102787,Morbi,460,327,133,540,209,4,10,30,17,70.3,Compensation,12,28.91,No
LA102788,Bharuch,136,69,67,178,98,6,8,0,5,73.9,Objection,9,49.26,No
LA102789,Bharuch,56,33,23,58,11,2,12,21,4,74.0,Compensation,6,41.07,No
LA102790,Vadodara,1261,625,636,965,224,12,11,30,14,59.1,Objection,28,50.44,Yes
LA102791,Surat,1409,865,544,1679,430,8,5,4,24,85.0,Acquisition,40,38.61,Yes
LA102792,Amreli,276,154,122,276,108,3,7,18,5,77.0,Compensation,7,44.2,No
LA102793,Navsari,1097,585,512,778,300,4,15,46,21,67.5,Compensation,0,46.67,No
LA102794,Vadodara,826,699,127,761,216,2,11,66,8,77.1,Acquisition,0,15.38,No
LA102795,Jamnagar,150,85,65,168,37,5,7,0,9,77.6,Acquisition,0,43.33,No
LA102796,Anand,1378,641,737,1670,152,4,14,5,24,62.8,Compensation,1,53.48,No
LA102797,Morbi,1314,1188,126,1010,177,4,9,39,15,77.7,Handover,17,9.59,No
LA102798,Panchmahal,873,687,186,1168,233,2,11,9,14,82.4,Handover,10,21.31,No
LA102799,Anand,1077,510,567,960,305,5,5,17,10,76.5,Acquisition,0,52.65,Yes
LA102800,Patan,626,337,289,497,154,3,13,22,17,69.0,Compensation,33,46.17,No
LA102801,Junagadh,1200,873,327,871,345,9,7,37,17,78.9,Acquisition,31,27.25,Yes
LA102802,Bhavnagar,695,479,216,885,229,2,12,13,15,67.5,Compensation,3,31.08,Yes
LA102803,Sabarkantha,1485,1139,346,1290,411,3,8,95,21,75.1,Acquisition,10,23.3,Yes
LA102804,Ahmedabad,141,109,32,139,66,2,5,16,4,83.4,Compensation,49,22.7,No
LA102805,Jamnagar,299,212,87,224,100,4,3,19,7,76.1,Acquisition,3,29.1,No
LA102806,Panchmahal,1455,842,613,1699,876,9,14,21,25,82.5,Acquisition,107,42.13,Yes
LA102807,Rajkot,469,180,289,588,183,1,8,17,12,59.1,Objection,0,61.62,Yes
LA102808,Bhavnagar,500,291,209,428,195,6,9,0,6,82.8,Compensation,67,41.8,No
LA102809,Jamnagar,1198,878,320,1678,307,4,12,85,23,75.3,Acquisition,45,26.71,Yes
LA102810,Navsari,324,236,88,187,93,4,5,4,8,81.0,Acquisition,33,27.16,No
LA102811,Amreli,795,611,184,532,164,3,8,121,10,87.0,Acquisition,55,23.14,Yes
LA102812,Patan,465,302,163,502,107,3,9,9,13,62.9,Objection,80,35.05,Yes
LA102813,Bharuch,337,262,75,398,154,0,4,9,11,84.0,Handover,3,22.26,No
LA102814,Bhavnagar,1449,1263,186,1124,577,3,17,12,20,87.0,Handover,4,12.84,No
LA102815,Bhavnagar,340,240,100,357,136,1,6,5,9,75.3,Acquisition,9,29.41,No
LA102816,Jamnagar,186,154,32,156,97,2,11,108,6,85.5,Handover,1,17.2,Yes
LA102817,Banaskantha,1027,543,484,1077,105,4,11,77,20,75.6,Compensation,0,47.13,Yes
LA102818,Morbi,1308,755,553,1496,671,8,10,47,29,61.6,Compensation,30,42.28,Yes
LA102819,Gandhinagar,234,183,51,334,224,2,5,59,8,84.9,Acquisition,0,21.79,Yes
LA102820,Panchmahal,1077,565,512,1034,411,6,15,69,15,69.4,Compensation,19,47.54,Yes
LA102821,Anand,834,643,191,945,74,3,6,27,12,81.9,Acquisition,14,22.9,No
LA102822,Navsari,1254,1132,122,1342,121,4,10,15,24,88.5,Handover,13,9.73,No
LA102823,Anand,234,167,67,196,133,6,8,17,8,83.8,Handover,20,28.63,Yes
LA102824,Banaskantha,1466,943,523,1140,545,4,11,38,32,83.4,Compensation,5,35.68,Yes
LA102825,Junagadh,948,546,402,1364,390,4,6,90,21,76.8,Compensation,60,42.41,Yes
LA102826,Bhavnagar,1271,579,692,936,478,6,4,10,12,72.1,Compensation,8,54.45,Yes
LA102827,Kheda,575,425,150,725,76,4,6,0,16,86.8,Acquisition,44,26.09,No
LA102828,Bharuch,1418,696,722,967,432,5,14,32,9,57.2,Notification,19,50.92,Yes
LA102829,Patan,958,671,287,1220,682,7,5,29,21,65.9,Compensation,23,29.96,No
LA102830,Surat,234,135,99,168,51,1,8,0,5,78.0,Handover,76,42.31,No
LA102831,Banaskantha,1389,995,394,1973,660,5,9,74,20,79.9,Handover,7,28.37,Yes
LA102832,Ahmedabad,1204,892,312,1406,356,11,10,25,25,85.2,Acquisition,18,25.91,Yes
LA102833,Junagadh,485,302,183,306,34,3,5,23,18,74.8,Acquisition,18,37.73,No
LA102834,Patan,841,477,364,987,441,4,10,38,21,83.6,Acquisition,8,43.28,Yes
LA102835,Valsad,613,352,261,670,162,4,13,29,11,79.4,Compensation,0,42.58,No
LA102836,Sabarkantha,838,747,91,715,423,7,3,28,19,82.6,Handover,0,10.86,Yes
LA102837,Morbi,1450,1296,154,1138,60,5,9,18,20,90.2,Handover,17,10.62,No
LA102838,Navsari,1354,552,802,1621,295,5,10,51,38,52.4,Objection,12,59.23,Yes
LA102839,Morbi,362,191,171,441,140,4,8,4,2,61.7,Compensation,4,47.24,No
LA102840,Ahmedabad,1460,1249,211,1233,531,2,12,51,19,89.1,Handover,48,14.45,No
LA102841,Sabarkantha,685,336,349,917,193,7,6,26,11,66.6,Compensation,23,50.95,Yes
LA102842,Ahmedabad,1072,387,685,849,726,5,10,3,14,54.4,Objection,8,63.9,Yes
LA102843,Jamnagar,1158,457,701,710,210,2,11,0,18,59.4,Compensation,50,60.54,Yes
LA102844,Valsad,750,559,191,817,121,5,4,47,11,84.3,Acquisition,11,25.47,No
LA102845,Vadodara,712,318,394,460,187,2,9,31,7,69.1,Compensation,119,55.34,Yes
LA102846,Morbi,712,400,312,569,128,6,9,49,14,75.2,Compensation,5,43.82,No
LA102847,Jamnagar,1301,921,380,1309,176,4,14,0,14,77.8,Compensation,0,29.21,No
LA102848,Junagadh,610,355,255,493,106,5,9,0,4,74.2,Compensation,51,41.8,No
LA102849,Bharuch,456,216,240,339,200,6,7,38,5,77.0,Compensation,34,52.63,Yes
LA102850,Panchmahal,574,389,185,679,250,6,10,0,8,83.2,Acquisition,30,32.23,No
LA102851,Patan,332,281,51,346,142,4,8,57,9,90.1,Acquisition,4,15.36,No
LA102852,Gandhinagar,618,480,138,807,136,4,10,39,19,87.7,Handover,12,22.33,No
LA102853,Banaskantha,215,119,96,231,48,5,6,9,4,83.6,Compensation,17,44.65,No
LA102854,Rajkot,180,160,20,177,69,3,12,17,9,89.3,Handover,17,11.11,No
LA102855,Banaskantha,1100,739,361,864,122,2,4,50,13,81.4,Acquisition,40,32.82,No
LA102856,Valsad,162,120,42,205,44,5,10,4,8,82.1,Acquisition,92,25.93,Yes
LA102857,Junagadh,874,521,353,636,126,7,14,22,11,62.6,Compensation,33,40.39,No
LA102858,Bhavnagar,1181,545,636,907,132,3,7,76,16,61.0,Objection,72,53.85,Yes
LA102859,Bharuch,1101,615,486,1439,546,3,10,18,17,86.2,Acquisition,26,44.14,Yes
LA102860,Kheda,697,420,277,848,156,5,5,6,15,56.8,Objection,34,39.74,No
LA102861,Ahmedabad,330,122,208,364,123,5,10,44,12,71.8,Compensation,49,63.03,Yes
LA102862,Bharuch,1400,820,580,819,292,2,4,9,13,74.3,Compensation,10,41.43,No
LA102863,Navsari,1261,1021,240,838,211,1,7,32,20,79.9,Acquisition,44,19.03,No
LA102864,Amreli,938,465,473,938,7,3,12,0,11,69.4,Compensation,19,50.43,No
LA102865,Morbi,175,111,64,214,142,9,9,39,5,81.4,Acquisition,16,36.57,Yes
LA102866,Navsari,101,78,23,98,21,6,8,18,7,90.3,Acquisition,59,22.77,No
LA102867,Junagadh,507,401,106,287,87,2,3,2,5,91.7,Handover,24,20.91,No
LA102868,Bhavnagar,278,151,127,199,66,3,7,0,10,75.1,Acquisition,52,45.68,No
LA102869,Panchmahal,1298,657,641,1402,126,3,19,17,28,69.8,Compensation,7,49.38,Yes
LA102870,Patan,348,231,117,409,58,7,13,6,14,68.5,Acquisition,59,33.62,Yes
LA102871,Junagadh,460,244,216,267,123,4,6,68,7,71.1,Compensation,26,46.96,Yes
LA102872,Banaskantha,1465,987,478,863,349,9,8,69,17,74.7,Compensation,2,32.63,Yes
LA102873,Mehsana,1237,615,622,971,66,3,4,35,20,71.5,Compensation,0,50.28,No
LA102874,Gandhinagar,367,315,52,229,168,4,4,14,6,83.5,Handover,4,14.17,Yes
LA102875,Kheda,606,450,156,629,170,3,5,10,13,77.1,Acquisition,0,25.74,Yes
LA102876,Vadodara,798,420,378,528,113,6,8,1,12,66.6,Compensation,1,47.37,Yes
LA102877,Sabarkantha,1013,835,178,1148,81,5,11,64,27,87.2,Handover,25,17.57,No
LA102878,Morbi,1408,826,582,1759,155,3,10,25,21,57.4,Compensation,8,41.34,No
LA102879,Junagadh,1314,810,504,1870,513,5,15,0,30,83.2,Acquisition,24,38.36,Yes
LA102880,Junagadh,1467,274,1193,2059,174,10,16,14,30,44.4,Notification,29,81.32,Yes
LA102881,Banaskantha,108,61,47,86,39,2,5,0,5,65.5,Compensation,0,43.52,No
LA102882,Ahmedabad,392,227,165,226,65,2,12,6,9,82.4,Compensation,6,42.09,Yes
LA102883,Jamnagar,866,369,497,733,180,0,5,24,13,70.9,Objection,11,57.39,Yes
LA102884,Bharuch,121,76,45,144,50,4,7,24,6,89.9,Acquisition,32,37.19,No
LA102885,Vadodara,565,395,170,341,44,2,8,17,5,80.3,Acquisition,21,30.09,No
LA102886,Valsad,272,115,157,238,108,2,6,53,4,74.9,Acquisition,15,57.72,No
LA102887,Jamnagar,1403,982,421,1148,425,6,10,27,21,85.4,Handover,9,30.01,Yes
LA102888,Surat,141,14,127,105,12,5,8,17,5,58.3,Notification,0,90.07,No
LA102889,Banaskantha,265,231,34,314,35,5,10,11,11,93.4,Handover,68,12.83,No
LA102890,Ahmedabad,333,251,82,381,117,2,14,23,15,81.9,Acquisition,73,24.62,No
LA102891,Sabarkantha,265,116,149,273,28,2,10,38,5,59.6,Objection,24,56.23,Yes
LA102892,Panchmahal,874,722,152,1197,173,6,7,28,20,82.4,Handover,24,17.39,Yes
LA102893,Sabarkantha,578,428,150,372,226,3,9,0,2,78.2,Acquisition,13,25.95,No
LA102894,Junagadh,1373,752,621,940,239,3,9,43,13,75.0,Compensation,5,45.23,Yes
LA102895,Jamnagar,428,157,271,383,110,1,8,10,8,59.3,Compensation,0,63.32,No
LA102896,Anand,829,421,408,945,354,4,9,0,13,56.1,Compensation,61,49.22,Yes
LA102897,Bharuch,1007,593,414,1083,286,4,13,13,8,65.3,Compensation,2,41.11,Yes
LA102898,Surat,958,509,449,591,125,7,8,28,7,68.7,Acquisition,0,46.87,Yes
LA102899,Mehsana,1205,552,653,1702,729,4,13,0,26,75.7,Compensation,0,54.19,Yes
LA102900,Surat,342,246,96,282,161,4,9,11,10,75.1,Acquisition,43,28.07,No
LA102901,Junagadh,786,600,186,686,61,4,12,17,16,86.9,Handover,25,23.66,No
LA102902,Mehsana,1211,704,507,1346,691,4,10,31,16,71.4,Acquisition,16,41.87,Yes
LA102903,Sabarkantha,1302,520,782,1824,872,5,8,46,24,80.2,Compensation,98,60.06,Yes
LA102904,Navsari,946,542,404,1085,226,7,8,7,12,65.2,Compensation,4,42.71,Yes
LA102905,Bhavnagar,995,652,343,1402,631,6,7,8,25,78.2,Acquisition,0,34.47,Yes
LA102906,Junagadh,1303,753,550,937,300,2,8,0,22,75.5,Compensation,31,42.21,Yes
LA102907,Valsad,956,371,585,1058,228,5,11,19,16,60.8,Compensation,0,61.19,Yes
LA102908,Amreli,1426,825,601,1848,503,6,14,4,31,69.6,Compensation,0,42.15,Yes
LA102909,Anand,235,185,50,237,97,5,5,16,9,85.6,Handover,0,21.28,No
LA102910,Ahmedabad,554,391,163,485,82,5,15,0,10,85.8,Acquisition,15,29.42,No
LA102911,Panchmahal,212,136,76,304,34,3,8,0,8,71.2,Compensation,13,35.85,No
LA102912,Amreli,181,71,110,123,64,8,9,6,7,64.0,Objection,0,60.77,Yes
LA102913,Rajkot,734,472,262,675,20,7,9,10,8,82.5,Compensation,9,35.69,No
LA102914,Surat,377,250,127,504,108,7,6,26,8,72.1,Compensation,87,33.69,Yes
LA102915,Panchmahal,640,461,179,871,321,7,5,31,13,87.2,Acquisition,40,27.97,Yes
LA102916,Jamnagar,685,548,137,981,112,3,8,27,12,75.1,Acquisition,81,20.0,No
LA102917,Anand,950,523,427,1279,138,3,11,7,16,65.5,Compensation,0,44.95,Yes
LA102918,Junagadh,1422,709,713,847,156,7,5,4,10,74.0,Compensation,64,50.14,Yes
LA102919,Junagadh,1282,580,702,1778,33,5,13,9,19,73.4,Compensation,16,54.76,No
LA102920,Navsari,598,469,129,559,40,6,2,17,8,82.3,Acquisition,26,21.57,No
LA102921,Mehsana,522,161,361,593,332,3,8,13,15,51.4,Notification,23,69.16,Yes
LA102922,Vadodara,1168,948,220,1057,360,10,10,0,26,83.5,Handover,38,18.84,No
LA102923,Rajkot,229,144,85,294,100,4,2,5,8,80.0,Handover,44,37.12,Yes
LA102924,Panchmahal,834,645,189,891,114,4,9,57,24,86.2,Acquisition,0,22.66,No
LA102925,Navsari,663,179,484,869,431,12,12,47,22,45.5,Notification,0,73.0,Yes
LA102926,Surat,315,231,84,228,46,4,6,16,9,82.4,Handover,23,26.67,No
LA102927,Anand,944,683,261,676,227,6,6,11,11,77.2,Handover,10,27.65,No
LA102928,Jamnagar,515,303,212,487,119,4,6,53,15,71.3,Acquisition,59,41.17,Yes
LA102929,Morbi,319,241,78,177,78,5,10,29,7,80.6,Acquisition,15,24.45,No
LA102930,Valsad,997,476,521,1170,132,2,12,30,12,76.9,Compensation,0,52.26,No
LA102931,Kheda,302,212,90,247,21,4,15,0,10,78.0,Handover,1,29.8,No
LA102932,Junagadh,1026,774,252,1079,370,8,7,25,17,86.5,Handover,1,24.56,No
LA102933,Ahmedabad,285,150,135,175,53,5,6,3,5,68.3,Compensation,2,47.37,No
LA102934,Jamnagar,680,292,388,478,41,4,5,21,14,78.8,Compensation,9,57.06,Yes
LA102935,Gandhinagar,1222,794,428,1357,83,13,12,6,28,92.4,Acquisition,41,35.02,Yes
LA102936,Kheda,381,269,112,314,100,6,12,36,7,80.3,Acquisition,53,29.4,No
LA102937,Mehsana,1163,783,380,864,175,2,4,0,16,76.0,Acquisition,9,32.67,No
LA102938,Valsad,1097,883,214,829,105,5,7,6,19,87.6,Handover,36,19.51,No
LA102939,Rajkot,1359,932,427,1010,402,1,8,1,14,80.5,Acquisition,2,31.42,No
LA102940,Gandhinagar,295,187,108,328,63,2,10,0,10,86.7,Acquisition,27,36.61,No
LA102941,Anand,1087,619,468,762,455,7,5,23,11,79.2,Objection,78,43.05,Yes
LA102942,Sabarkantha,1409,459,950,1235,607,2,15,48,24,66.8,Objection,23,67.42,Yes
LA102943,Rajkot,1157,795,362,1353,573,9,6,0,19,79.4,Acquisition,19,31.29,Yes
LA102944,Ahmedabad,322,306,16,326,144,6,7,2,11,87.3,Handover,38,4.97,No
LA102945,Bharuch,1242,832,410,1351,511,10,8,16,19,79.8,Acquisition,2,33.01,Yes
LA102946,Banaskantha,205,122,83,159,70,3,9,22,13,79.1,Compensation,0,40.49,Yes
LA102947,Sabarkantha,904,593,311,1256,240,6,8,3,28,77.4,Acquisition,22,34.4,Yes
LA102948,Amreli,772,514,258,712,406,3,8,71,10,79.8,Acquisition,0,33.42,No
LA102949,Mehsana,820,467,353,663,238,5,10,15,12,85.6,Acquisition,0,43.05,No
LA102950,Bharuch,803,520,283,1095,248,8,9,23,16,74.6,Compensation,58,35.24,Yes
LA102951,Vadodara,95,52,43,108,15,2,8,0,0,69.0,Compensation,16,45.26,No
LA102952,Mehsana,787,617,170,868,315,6,10,15,18,90.9,Handover,0,21.6,No
LA102953,Bharuch,1409,1260,149,1899,883,9,5,0,29,81.3,Acquisition,3,10.57,Yes
LA102954,Morbi,683,539,144,412,151,4,11,29,9,90.8,Handover,30,21.08,No
LA102955,Panchmahal,451,306,145,588,250,7,6,49,7,63.0,Compensation,0,32.15,Yes
LA102956,Ahmedabad,1493,789,704,1732,289,7,13,15,19,73.6,Compensation,12,47.15,Yes
LA102957,Surat,193,101,92,169,88,4,6,5,9,79.2,Compensation,0,47.67,No
LA102958,Banaskantha,755,381,374,589,80,7,4,26,4,71.2,Acquisition,35,49.54,No
LA102959,Banaskantha,793,576,217,511,238,4,9,3,9,73.4,Compensation,20,27.36,No
LA102960,Mehsana,743,562,181,1038,510,5,13,77,25,93.8,Handover,21,24.36,Yes
LA102961,Gandhinagar,1387,811,576,940,252,3,8,58,14,84.2,Acquisition,83,41.53,Yes
LA102962,Gandhinagar,661,509,152,518,154,3,10,54,9,85.0,Acquisition,6,23.0,No
LA102963,Ahmedabad,1462,964,498,1713,335,6,14,0,31,81.5,Acquisition,58,34.06,Yes
LA102964,Navsari,146,108,38,174,75,6,3,35,6,79.9,Handover,30,26.03,No
LA102965,Bharuch,1114,689,425,774,116,4,13,2,15,80.4,Compensation,26,38.15,No
LA102966,Vadodara,910,411,499,1167,390,4,9,60,11,67.4,Compensation,8,54.84,Yes
LA102967,Jamnagar,399,391,8,403,98,5,5,34,7,93.2,Handover,80,2.01,No
LA102968,Morbi,380,273,107,499,170,4,12,11,10,90.9,Compensation,34,28.16,Yes
LA102969,Navsari,1094,704,390,688,352,3,9,7,11,84.2,Compensation,1,35.65,No
LA102970,Sabarkantha,975,742,233,574,264,7,6,24,9,83.1,Acquisition,25,23.9,No
LA102971,Vadodara,936,226,710,1051,184,8,6,0,10,65.3,Objection,48,75.85,Yes
LA102972,Vadodara,123,89,34,84,13,4,7,62,5,77.2,Acquisition,6,27.64,No
LA102973,Bhavnagar,917,753,164,938,217,5,7,2,12,76.4,Acquisition,0,17.88,No
LA102974,Sabarkantha,1473,1166,307,829,528,3,14,43,14,82.2,Acquisition,10,20.84,Yes
LA102975,Vadodara,75,29,46,94,28,3,9,24,3,62.7,Compensation,21,61.33,Yes
LA102976,Junagadh,730,485,245,992,45,8,3,17,21,85.1,Acquisition,7,33.56,Yes
LA102977,Navsari,767,547,220,1001,434,3,6,21,14,82.3,Acquisition,0,28.68,No
LA102978,Panchmahal,1351,872,479,1908,786,5,7,21,21,73.4,Compensation,0,35.46,Yes
LA102979,Mehsana,460,439,21,627,161,7,8,81,10,90.2,Handover,46,4.57,Yes
LA102980,Panchmahal,740,580,160,703,127,7,10,11,20,75.0,Compensation,17,21.62,No
LA102981,Rajkot,1090,732,358,990,16,8,19,52,16,81.1,Acquisition,34,32.84,Yes
LA102982,Amreli,137,101,36,186,47,2,6,20,8,89.7,Acquisition,0,26.28,No
LA102983,Jamnagar,1212,550,662,1678,243,8,11,7,22,66.3,Objection,2,54.62,Yes
LA102984,Gandhinagar,1243,1063,180,1772,195,9,7,27,25,90.0,Handover,36,14.48,No
LA102985,Jamnagar,1094,903,191,1358,544,4,9,29,21,83.3,Handover,4,17.46,Yes
LA102986,Banaskantha,990,732,258,724,320,4,9,19,15,84.7,Compensation,6,26.06,No
LA102987,Ahmedabad,1134,936,198,1588,245,5,8,78,30,93.2,Handover,0,17.46,Yes
LA102988,Anand,1184,1160,24,1660,627,6,6,41,21,90.4,Handover,0,2.03,No
LA102989,Sabarkantha,1360,1212,148,1563,224,8,7,24,22,93.0,Handover,5,10.88,No
LA102990,Vadodara,671,232,439,887,462,3,9,25,13,68.1,Objection,30,65.42,Yes
LA102991,Bhavnagar,711,490,221,750,200,6,5,41,8,81.0,Acquisition,11,31.08,No
LA102992,Bhavnagar,975,793,182,1365,608,5,6,19,14,90.2,Handover,18,18.67,No
LA102993,Banaskantha,330,190,140,209,63,5,7,8,10,72.7,Compensation,27,42.42,No
LA102994,Amreli,1292,988,304,1715,248,6,13,22,24,76.1,Handover,46,23.53,No
LA102995,Anand,1168,922,246,701,217,3,10,39,16,92.9,Acquisition,22,21.06,No
LA102996,Rajkot,965,474,491,825,159,2,14,7,18,71.6,Compensation,14,50.88,No
LA102997,Surat,487,326,161,327,86,4,10,50,5,85.4,Compensation,15,33.06,No
LA102998,Gandhinagar,554,417,137,544,208,2,7,13,15,80.3,Acquisition,2,24.73,No
LA102999,Rajkot,681,368,313,517,49,6,5,0,9,79.5,Acquisition,25,45.96,Yes
LA103000,Rajkot,1011,568,443,1422,325,8,8,61,22,73.6,Compensation,28,43.82,Yes
LA103001,Vadodara,1178,834,344,1241,391,7,11,0,29,74.7,Acquisition,44,29.2,No
LA103002,Valsad,1024,577,447,1391,274,9,15,39,26,81.7,Compensation,24,43.65,Yes
LA103003,Mehsana,1399,605,794,1120,533,2,13,83,20,66.7,Compensation,41,56.75,Yes
LA103004,Navsari,1443,740,703,827,420,4,9,0,9,80.1,Compensation,13,48.72,No
LA103005,Kheda,1072,627,445,1338,97,3,8,36,20,79.4,Compensation,8,41.51,No
LA103006,Navsari,588,346,242,695,326,5,10,25,14,76.3,Compensation,7,41.16,Yes
LA103007,Mehsana,919,381,538,957,118,3,15,9,11,57.8,Objection,101,58.54,Yes
LA103008,Junagadh,666,468,198,855,306,1,8,0,20,90.3,Acquisition,1,29.73,No
LA103009,Panchmahal,962,538,424,1256,681,7,15,44,15,72.3,Objection,38,44.07,Yes
LA103010,Rajkot,1228,970,258,1325,648,3,10,6,17,81.0,Acquisition,23,21.01,No
LA103011,Gandhinagar,585,436,149,830,88,4,10,15,10,82.8,Acquisition,0,25.47,No
LA103012,Jamnagar,783,765,18,938,127,5,12,20,14,87.5,Handover,61,2.3,No
LA103013,Valsad,116,73,43,134,66,3,8,34,6,81.7,Handover,15,37.07,No
LA103014,Bhavnagar,1118,659,459,979,130,7,13,0,15,75.7,Acquisition,4,41.06,No
LA103015,Navsari,760,532,228,420,117,6,12,39,12,80.3,Acquisition,51,30.0,Yes
LA103016,Bharuch,717,246,471,550,153,6,8,10,6,53.8,Objection,8,65.69,No
LA103017,Bhavnagar,822,636,186,1017,327,1,9,35,13,88.7,Acquisition,48,22.63,Yes
LA103018,Vadodara,362,214,148,430,118,7,12,26,7,89.2,Compensation,5,40.88,No
LA103019,Surat,917,572,345,778,319,4,7,37,10,78.1,Compensation,30,37.62,No
LA103020,Amreli,1131,1005,126,1259,466,2,10,19,20,90.9,Acquisition,1,11.14,No
LA103021,Kheda,557,485,72,404,213,6,8,36,5,79.9,Acquisition,44,12.93,No
LA103022,Bhavnagar,240,235,5,189,39,7,10,92,7,94.0,Handover,108,2.08,No
LA103023,Gandhinagar,611,439,172,857,200,2,19,20,8,82.2,Handover,25,28.15,No
LA103024,Anand,338,292,46,312,62,4,4,41,3,92.2,Handover,0,13.61,No
LA103025,Amreli,592,398,194,456,146,6,16,0,8,76.2,Acquisition,0,32.77,Yes
LA103026,Jamnagar,959,502,457,948,100,1,11,77,14,70.6,Compensation,60,47.65,Yes
LA103027,Mehsana,214,141,73,192,38,1,11,2,6,86.9,Acquisition,8,34.11,No
LA103028,Valsad,1134,566,568,1368,954,8,10,14,20,61.1,Compensation,0,50.09,Yes
LA103029,Gandhinagar,375,249,126,531,27,5,11,20,11,79.4,Acquisition,5,33.6,No
LA103030,Mehsana,1348,1235,113,1459,606,14,5,12,20,93.8,Handover,18,8.38,Yes
LA103031,Mehsana,1112,268,844,1203,338,3,17,4,26,61.5,Compensation,0,75.9,Yes
LA103032,Patan,445,321,124,391,70,2,12,82,13,85.2,Compensation,2,27.87,No
LA103033,Panchmahal,867,633,234,917,230,3,15,23,13,73.4,Compensation,35,26.99,No
LA103034,Ahmedabad,210,108,102,176,28,4,6,20,5,59.6,Objection,1,48.57,No
LA103035,Kheda,194,132,62,107,54,2,9,53,3,88.7,Acquisition,30,31.96,Yes
LA103036,Amreli,1437,827,610,1910,452,11,8,30,19,82.3,Acquisition,50,42.45,Yes
LA103037,Kheda,1214,658,556,1137,469,6,11,16,20,67.7,Compensation,15,45.8,Yes
LA103038,Surat,274,248,26,272,106,2,5,13,9,93.4,Handover,8,9.49,No
LA103039,Amreli,460,372,88,288,12,4,5,1,8,86.9,Handover,19,19.13,No
LA103040,Kheda,336,214,122,438,79,2,5,36,8,74.8,Acquisition,8,36.31,Yes
LA103041,Ahmedabad,623,445,178,438,254,2,12,31,12,77.1,Acquisition,46,28.57,Yes
LA103042,Gandhinagar,472,289,183,434,22,5,7,71,9,71.3,Compensation,39,38.77,No
LA103043,Bhavnagar,526,256,270,687,118,4,12,16,15,56.8,Objection,3,51.33,No
LA103044,Ahmedabad,818,529,289,787,313,4,6,47,14,68.3,Acquisition,4,35.33,No
LA103045,Vadodara,324,149,175,450,141,2,4,41,10,63.8,Compensation,51,54.01,Yes
LA103046,Patan,1330,375,955,982,270,1,10,41,20,51.6,Objection,5,71.8,Yes
LA103047,Gandhinagar,1105,624,481,1319,458,5,6,8,24,62.7,Compensation,0,43.53,Yes
LA103048,Valsad,1153,709,444,1649,45,2,10,9,27,78.6,Acquisition,28,38.51,No
LA103049,Amreli,295,74,221,308,21,7,8,2,9,58.5,Notification,11,74.92,No
LA103050,Sabarkantha,1077,541,536,1263,211,3,6,25,23,50.6,Objection,15,49.77,No
LA103051,Panchmahal,1263,685,578,1142,84,4,10,72,24,65.0,Compensation,13,45.76,Yes
LA103052,Anand,304,147,157,373,141,1,6,11,7,59.9,Objection,44,51.64,No
LA103053,Patan,1140,665,475,1560,611,11,5,1,21,72.7,Acquisition,39,41.67,Yes
LA103054,Navsari,568,464,104,672,304,6,11,30,15,84.8,Acquisition,13,18.31,No
LA103055,Junagadh,1192,662,530,1660,133,6,7,37,32,80.2,Acquisition,0,44.46,Yes
LA103056,Kheda,744,492,252,803,476,5,8,59,12,78.1,Acquisition,0,33.87,Yes
LA103057,Junagadh,1214,827,387,1298,758,7,9,0,24,77.4,Acquisition,4,31.88,Yes
LA103058,Panchmahal,263,230,33,217,94,2,7,0,3,92.8,Acquisition,26,12.55,No
LA103059,Gandhinagar,614,325,289,730,155,4,8,29,9,81.7,Compensation,0,47.07,No
LA103060,Valsad,446,343,103,599,102,5,7,9,11,82.5,Handover,0,23.09,Yes
LA103061,Gandhinagar,410,225,185,464,127,6,13,64,7,71.7,Compensation,0,45.12,Yes
LA103062,Anand,497,277,220,378,166,5,9,29,10,74.6,Compensation,12,44.27,Yes
LA103063,Anand,604,344,260,628,39,4,8,79,8,84.1,Acquisition,27,43.05,Yes
LA103064,Bharuch,234,213,21,288,66,4,6,66,5,80.5,Handover,1,8.97,No
LA103065,Surat,1075,665,410,1500,809,4,14,19,22,75.4,Compensation,30,38.14,Yes
LA103066,Rajkot,848,500,348,586,178,5,12,50,15,69.4,Acquisition,67,41.04,Yes
LA103067,Banaskantha,1253,623,630,833,253,3,9,0,11,72.8,Compensation,14,50.28,Yes
LA103068,Jamnagar,1072,575,497,988,254,4,7,40,13,80.7,Compensation,54,46.36,Yes
LA103069,Banaskantha,266,203,63,176,53,2,3,72,5,79.9,Acquisition,87,23.68,Yes
LA103070,Patan,151,91,60,216,109,6,8,10,8,85.1,Acquisition,38,39.74,No
LA103071,Mehsana,663,630,33,618,133,2,7,43,5,92.7,Handover,53,4.98,No
LA103072,Ahmedabad,748,631,117,771,227,2,14,37,11,78.4,Handover,17,15.64,No
LA103073,Gandhinagar,398,155,243,300,46,1,14,11,12,60.3,Compensation,30,61.06,Yes
LA103074,Vadodara,1184,549,635,1130,284,7,11,10,20,64.3,Compensation,2,53.63,Yes
LA103075,Valsad,893,250,643,1283,568,5,11,34,29,66.5,Compensation,0,72.0,Yes
LA103076,Patan,1135,582,553,1123,207,11,15,38,18,80.5,Acquisition,0,48.72,Yes
LA103077,Amreli,208,148,60,116,13,2,11,0,1,77.2,Acquisition,18,28.85,No
LA103078,Jamnagar,1232,1072,160,947,391,3,8,34,15,85.8,Acquisition,15,12.99,No
LA103079,Surat,349,218,131,499,93,3,6,33,12,82.0,Compensation,24,37.54,No
LA103080,Morbi,700,311,389,1008,224,5,11,30,19,64.1,Objection,0,55.57,Yes
LA103081,Ahmedabad,687,359,328,508,26,5,5,87,8,80.0,Compensation,0,47.74,No
LA103082,Morbi,1240,786,454,1369,299,13,8,10,18,86.0,Acquisition,0,36.61,Yes
LA103083,Morbi,451,276,175,279,37,1,7,25,8,61.5,Compensation,22,38.8,No
LA103084,Junagadh,399,186,213,427,172,1,11,47,6,57.5,Compensation,3,53.38,No
LA103085,Banaskantha,542,161,381,360,237,2,5,2,6,61.2,Objection,46,70.3,Yes
LA103086,Bharuch,573,350,223,737,169,5,12,19,13,68.4,Objection,13,38.92,Yes
LA103087,Bharuch,313,243,70,437,47,1,1,19,4,67.0,Acquisition,63,22.36,No
LA103088,Vadodara,305,198,107,215,126,5,9,0,3,80.6,Acquisition,1,35.08,No
LA103089,Navsari,385,257,128,372,135,7,6,0,8,84.9,Acquisition,51,33.25,Yes
LA103090,Vadodara,728,436,292,467,332,5,8,41,13,67.1,Acquisition,80,40.11,Yes
LA103091,Anand,548,354,194,469,80,1,6,28,13,67.5,Compensation,63,35.4,Yes
LA103092,Junagadh,618,304,314,376,152,3,10,11,7,55.1,Objection,0,50.81,No
LA103093,Patan,1093,496,597,861,106,5,15,26,17,62.1,Objection,0,54.62,Yes
LA103094,Gandhinagar,399,265,134,575,100,5,5,18,7,82.3,Acquisition,51,33.58,Yes
LA103095,Morbi,1370,621,749,808,60,7,9,53,20,74.9,Compensation,30,54.67,Yes
LA103096,Patan,1140,670,470,1508,499,4,13,93,24,82.7,Compensation,7,41.23,Yes
LA103097,Valsad,303,230,73,188,78,1,10,5,3,83.7,Acquisition,15,24.09,No
LA103098,Banaskantha,505,254,251,518,104,2,12,50,3,68.6,Compensation,17,49.7,No
LA103099,Kheda,316,187,129,302,127,7,8,59,9,69.5,Compensation,31,40.82,Yes
LA103100,Surat,445,294,151,618,171,7,9,61,7,80.2,Acquisition,23,33.93,No
LA103101,Anand,580,407,173,423,22,6,4,0,8,81.3,Acquisition,7,29.83,No
LA103102,Bharuch,239,135,104,170,27,2,11,2,3,69.3,Acquisition,15,43.51,No
LA103103,Kheda,70,49,21,86,16,2,2,17,7,74.9,Acquisition,22,30.0,No
LA103104,Vadodara,686,626,60,825,350,7,14,2,15,93.4,Handover,36,8.75,No
LA103105,Amreli,1067,547,520,1258,162,4,10,45,13,64.7,Objection,17,48.73,Yes
LA103106,Mehsana,489,381,108,280,65,6,6,47,6,90.8,Handover,8,22.09,No
LA103107,Vadodara,1298,966,332,1018,400,7,13,55,20,86.1,Acquisition,46,25.58,No
LA103108,Vadodara,585,334,251,764,232,5,6,0,14,77.1,Compensation,0,42.91,Yes
LA103109,Kheda,1357,1008,349,1480,670,7,5,47,18,75.7,Compensation,14,25.72,No
LA103110,Sabarkantha,392,300,92,428,228,4,5,52,6,92.9,Acquisition,39,23.47,No
LA103111,Kheda,832,621,211,679,101,4,11,27,10,87.4,Acquisition,10,25.36,No
LA103112,Rajkot,1157,787,370,907,407,5,12,30,14,78.3,Acquisition,1,31.98,Yes
LA103113,Bharuch,135,110,25,189,62,4,8,0,5,89.4,Handover,2,18.52,No
LA103114,Mehsana,1399,942,457,1686,985,3,9,27,19,76.8,Acquisition,0,32.67,No
LA103115,Banaskantha,579,295,284,385,53,2,10,29,7,65.5,Acquisition,0,49.05,No
LA103116,Bhavnagar,772,608,164,1076,295,3,8,91,21,74.7,Handover,0,21.24,No
LA103117,Morbi,961,666,295,1032,206,5,10,36,23,80.4,Acquisition,44,30.7,No
LA103118,Junagadh,982,632,350,835,117,3,5,0,17,78.8,Compensation,53,35.64,Yes
LA103119,Junagadh,84,82,2,76,24,4,4,32,7,92.1,Handover,41,2.38,No
LA103120,Rajkot,1308,887,421,1573,283,7,10,46,22,86.8,Acquisition,20,32.19,Yes
LA103121,Navsari,954,929,25,848,151,4,10,22,12,90.3,Handover,29,2.62,No
LA103122,Amreli,1499,812,687,1605,555,8,10,15,16,85.5,Compensation,36,45.83,Yes
LA103123,Navsari,734,490,244,873,462,5,8,44,15,82.4,Handover,32,33.24,Yes
LA103124,Amreli,940,212,728,682,341,5,14,28,15,53.6,Objection,22,77.45,Yes
LA103125,Kheda,689,347,342,964,194,7,11,53,9,76.2,Compensation,27,49.64,Yes
LA103126,Banaskantha,1341,803,538,1167,216,6,8,24,19,68.3,Objection,23,40.12,No
LA103127,Amreli,1257,951,306,1166,372,4,12,43,15,84.3,Handover,27,24.34,No
LA103128,Ahmedabad,1368,792,576,1612,569,5,20,6,25,76.2,Compensation,20,42.11,Yes
LA103129,Jamnagar,781,659,122,857,159,3,7,7,10,79.9,Handover,24,15.62,No
LA103130,Anand,1198,987,211,1133,327,2,8,12,16,82.7,Handover,53,17.61,No
LA103131,Bharuch,570,318,252,647,320,8,6,0,11,69.2,Compensation,80,44.21,Yes
LA103132,Gandhinagar,718,392,326,978,298,6,10,11,19,84.1,Compensation,27,45.4,Yes
LA103133,Junagadh,1153,847,306,1465,375,3,5,33,19,76.1,Acquisition,0,26.54,No
LA103134,Rajkot,167,110,57,216,138,3,6,28,9,82.4,Acquisition,0,34.13,No
LA103135,Mehsana,1080,663,417,845,335,3,7,90,21,71.2,Acquisition,29,38.61,Yes
LA103136,Gandhinagar,72,42,30,67,24,2,10,0,4,63.7,Compensation,11,41.67,Yes
LA103137,Panchmahal,892,489,403,935,116,6,8,6,21,71.5,Compensation,0,45.18,No
LA103138,Kheda,742,467,275,438,109,3,9,59,10,63.6,Acquisition,0,37.06,No
LA103139,Jamnagar,730,365,365,907,454,3,10,18,11,66.9,Compensation,29,50.0,Yes
LA103140,Morbi,767,610,157,645,10,4,10,6,12,85.5,Acquisition,31,20.47,No
LA103141,Kheda,763,636,127,614,205,3,9,5,15,87.0,Acquisition,22,16.64,No
LA103142,Panchmahal,641,431,210,502,199,2,8,6,12,70.9,Acquisition,18,32.76,No
LA103143,Ahmedabad,704,667,37,567,200,6,17,58,9,88.4,Handover,6,5.26,No
LA103144,Rajkot,874,514,360,747,175,3,8,1,12,79.0,Compensation,18,41.19,No
LA103145,Rajkot,1157,545,612,1266,448,4,9,0,23,71.1,Objection,9,52.9,Yes
LA103146,Vadodara,851,495,356,915,427,7,9,3,11,73.8,Acquisition,7,41.83,Yes
LA103147,Sabarkantha,982,962,20,766,130,4,5,29,14,82.2,Acquisition,0,2.04,No
LA103148,Jamnagar,1263,1147,116,929,356,8,4,60,19,88.4,Handover,0,9.18,Yes
LA103149,Jamnagar,1485,948,537,1921,942,8,3,50,24,81.1,Acquisition,20,36.16,Yes
LA103150,Valsad,207,85,122,131,47,5,4,20,3,58.4,Objection,10,58.94,No
LA103151,Navsari,1084,776,308,1097,402,7,6,0,17,83.3,Acquisition,7,28.41,No
LA103152,Bhavnagar,376,176,200,383,63,1,9,4,7,58.1,Compensation,14,53.19,No
LA103153,Bhavnagar,335,168,167,357,238,4,11,13,10,57.7,Compensation,47,49.85,Yes
LA103154,Morbi,1200,552,648,1617,410,8,20,0,22,53.5,Objection,31,54.0,Yes
LA103155,Sabarkantha,149,128,21,166,12,4,6,6,6,85.1,Handover,73,14.09,Yes
LA103156,Junagadh,1280,1180,100,1826,913,4,12,32,23,83.7,Handover,1,7.81,No
LA103157,Banaskantha,1168,414,754,1558,93,11,12,23,30,51.3,Objection,33,64.55,Yes
LA103158,Panchmahal,1493,1083,410,1110,208,6,11,22,16,86.0,Acquisition,22,27.46,No
LA103159,Sabarkantha,1019,676,343,782,483,4,13,6,15,81.7,Acquisition,3,33.66,No
LA103160,Morbi,1316,555,761,1132,241,4,11,21,20,58.8,Compensation,13,57.83,Yes
LA103161,Amreli,221,183,38,199,60,4,6,17,9,90.2,Handover,19,17.19,No
LA103162,Kheda,1341,851,490,1405,448,7,11,12,26,69.9,Acquisition,0,36.54,Yes
LA103163,Junagadh,282,259,23,214,96,3,3,52,9,86.0,Handover,37,8.16,No
LA103164,Vadodara,506,338,168,380,103,6,10,13,11,85.3,Acquisition,79,33.2,No
LA103165,Kheda,236,161,75,211,61,4,6,46,11,76.8,Acquisition,14,31.78,Yes
LA103166,Bhavnagar,632,337,295,730,69,2,6,71,11,74.2,Compensation,65,46.68,Yes
LA103167,Rajkot,1136,604,532,1328,832,4,8,0,19,62.6,Compensation,47,46.83,Yes
LA103168,Patan,438,429,9,626,350,5,8,68,10,91.1,Handover,13,2.05,No
LA103169,Jamnagar,1243,686,557,910,164,5,9,43,10,69.4,Acquisition,13,44.81,No
LA103170,Banaskantha,929,726,203,839,105,3,16,0,12,66.7,Acquisition,24,21.85,Yes
LA103171,Bhavnagar,962,601,361,1364,542,6,6,8,24,82.5,Acquisition,45,37.53,Yes
LA103172,Vadodara,1412,855,557,1653,784,7,8,0,30,77.3,Compensation,44,39.45,Yes
LA103173,Sabarkantha,676,449,227,732,301,4,8,22,16,81.6,Compensation,55,33.58,Yes
LA103174,Banaskantha,550,369,181,570,225,4,4,3,14,77.4,Acquisition,43,32.91,Yes
LA103175,Rajkot,1493,942,551,923,166,5,13,8,19,76.8,Acquisition,40,36.91,No
LA103176,Navsari,858,675,183,1162,241,6,4,40,17,82.7,Handover,4,21.33,No
LA103177,Patan,941,332,609,1047,274,5,15,0,10,75.1,Objection,31,64.72,No
LA103178,Rajkot,479,142,337,510,165,4,10,15,10,53.7,Notification,22,70.35,Yes
LA103179,Bhavnagar,362,329,33,375,54,2,7,13,8,83.4,Acquisition,12,9.12,No
LA103180,Valsad,296,60,236,267,43,3,10,5,6,49.2,Objection,42,79.73,Yes
LA103181,Morbi,374,166,208,291,117,2,9,11,7,61.5,Notification,58,55.61,Yes
LA103182,Navsari,333,240,93,410,99,0,5,10,6,78.0,Acquisition,36,27.93,No
LA103183,Jamnagar,1133,799,334,1143,446,3,14,20,22,82.6,Acquisition,7,29.48,No
LA103184,Surat,134,75,59,78,34,5,9,15,4,76.5,Compensation,18,44.03,No
LA103185,Junagadh,963,664,299,876,267,4,6,22,12,76.7,Acquisition,22,31.05,No
LA103186,Ahmedabad,1427,1098,329,1977,352,7,6,16,24,80.4,Handover,6,23.06,No
LA103187,Patan,1160,792,368,1028,347,4,10,147,16,85.6,Acquisition,4,31.72,Yes
LA103188,Panchmahal,634,381,253,584,157,8,6,0,12,68.9,Acquisition,16,39.91,No
LA103189,Sabarkantha,136,115,21,151,24,4,8,48,9,86.9,Handover,25,15.44,No
LA103190,Anand,1260,919,341,1602,801,9,4,28,15,74.5,Acquisition,2,27.06,Yes
LA103191,Amreli,54,43,11,62,25,3,7,40,4,86.8,Handover,21,20.37,No
LA103192,Navsari,1038,729,309,1365,478,7,7,24,16,66.3,Compensation,26,29.77,Yes
LA103193,Banaskantha,1023,763,260,668,194,6,8,0,10,85.5,Handover,42,25.42,No
LA103194,Rajkot,328,76,252,453,126,3,9,21,9,47.9,Notification,15,76.83,Yes
LA103195,Gandhinagar,1123,771,352,1531,704,11,9,21,23,82.5,Acquisition,4,31.34,Yes
LA103196,Banaskantha,304,192,112,309,23,5,9,8,4,64.5,Acquisition,22,36.84,Yes
LA103197,Jamnagar,377,209,168,419,140,1,7,2,11,76.5,Acquisition,86,44.56,Yes
LA103198,Mehsana,1228,665,563,911,322,6,12,40,10,87.7,Acquisition,22,45.85,Yes
LA103199,Morbi,1470,1236,234,1401,653,7,11,30,29,90.4,Acquisition,9,15.92,Yes
LA103200,Navsari,434,269,165,318,36,5,7,79,5,78.5,Acquisition,11,38.02,No
LA103201,Anand,1386,1358,28,790,20,6,7,28,12,87.8,Handover,43,2.02,No
LA103202,Sabarkantha,1375,989,386,1970,1207,4,3,0,21,81.0,Acquisition,22,28.07,No
LA103203,Mehsana,1166,950,216,913,271,5,7,8,17,80.9,Acquisition,60,18.52,No
LA103204,Amreli,253,195,58,274,108,3,7,0,16,92.5,Acquisition,6,22.92,No
LA103205,Bhavnagar,484,357,127,397,77,2,5,22,8,79.7,Handover,19,26.24,No
LA103206,Sabarkantha,1033,749,284,913,373,4,10,18,15,80.6,Compensation,17,27.49,No
LA103207,Valsad,1499,1213,286,1361,260,3,7,15,25,79.1,Acquisition,25,19.08,Yes
LA103208,Jamnagar,1231,694,537,1048,354,2,9,7,17,67.5,Compensation,8,43.62,Yes
LA103209,Vadodara,659,505,154,740,350,6,15,37,12,92.5,Acquisition,25,23.37,Yes
LA103210,Vadodara,391,244,147,553,153,2,9,10,13,65.3,Objection,45,37.6,No
LA103211,Rajkot,1443,897,546,1350,283,5,8,53,21,81.1,Compensation,0,37.84,Yes
LA103212,Mehsana,450,252,198,642,314,4,10,0,8,76.3,Compensation,5,44.0,Yes
LA103213,Morbi,546,419,127,628,173,1,7,0,9,88.3,Acquisition,16,23.26,No
LA103214,Navsari,1449,969,480,1589,580,3,9,84,18,81.8,Acquisition,8,33.13,Yes
LA103215,Junagadh,864,651,213,660,7,9,6,28,16,86.4,Handover,33,24.65,No
LA103216,Morbi,433,202,231,263,114,3,8,30,7,66.5,Objection,35,53.35,Yes
LA103217,Panchmahal,57,49,8,75,20,1,5,0,2,85.3,Handover,1,14.04,No
LA103218,Gandhinagar,673,508,165,718,103,2,7,15,11,76.6,Acquisition,0,24.52,No
LA103219,Navsari,1480,895,585,1366,233,5,12,12,21,65.4,Acquisition,32,39.53,No
LA103220,Navsari,677,506,171,867,148,5,9,11,16,79.4,Compensation,1,25.26,No
LA103221,Banaskantha,1065,624,441,883,112,10,7,5,19,88.2,Acquisition,20,41.41,No
LA103222,Bharuch,417,317,100,523,114,3,6,104,7,86.2,Acquisition,40,23.98,Yes
LA103223,Patan,1175,799,376,993,129,7,16,42,16,72.0,Objection,0,32.0,No
LA103224,Kheda,1175,994,181,1620,107,9,11,31,16,82.8,Handover,9,15.4,Yes
LA103225,Panchmahal,932,545,387,737,206,1,10,42,11,73.0,Compensation,19,41.52,No
LA103226,Bhavnagar,1169,946,223,788,93,3,10,59,12,79.8,Handover,25,19.08,No
LA103227,Patan,889,457,432,1047,410,3,16,77,16,61.9,Compensation,2,48.59,Yes
LA103228,Vadodara,598,72,526,417,54,6,8,17,9,52.3,Notification,25,87.96,No
LA103229,Bharuch,1120,720,400,1573,466,6,8,0,32,77.4,Acquisition,32,35.71,Yes
LA103230,Junagadh,1261,841,420,1438,366,2,12,9,17,86.4,Handover,0,33.31,No
LA103231,Valsad,1270,490,780,962,551,3,13,10,16,58.6,Objection,6,61.42,Yes
LA103232,Anand,359,270,89,265,84,2,12,12,13,76.9,Handover,8,24.79,No
LA103233,Mehsana,1031,757,274,1424,327,7,7,48,18,82.1,Acquisition,18,26.58,No
LA103234,Valsad,56,33,23,61,36,5,5,39,6,76.2,Compensation,55,41.07,Yes
LA103235,Morbi,879,638,241,1190,280,2,10,12,19,90.3,Acquisition,16,27.42,No
LA103236,Surat,878,526,352,570,202,3,11,12,9,68.5,Compensation,16,40.09,No
LA103237,Bhavnagar,577,425,152,798,19,8,7,11,12,86.7,Handover,13,26.34,No
LA103238,Sabarkantha,1492,941,551,1519,181,3,10,17,14,69.0,Acquisition,6,36.93,Yes
LA103239,Amreli,1331,807,524,1533,112,8,9,25,27,80.7,Acquisition,2,39.37,No
LA103240,Junagadh,106,72,34,94,35,3,9,5,4,83.6,Acquisition,37,32.08,No
LA103241,Gandhinagar,353,173,180,213,66,3,11,0,2,72.7,Compensation,49,50.99,No
LA103242,Bhavnagar,351,79,272,496,291,5,8,33,5,43.4,Notification,56,77.49,Yes
LA103243,Junagadh,1352,1273,79,1954,251,9,11,25,20,83.9,Handover,56,5.84,Yes
LA103244,Banaskantha,802,395,407,704,222,4,9,4,9,69.5,Objection,42,50.75,No
LA103245,Bharuch,1107,605,502,1549,131,4,11,21,24,72.0,Compensation,32,45.35,No
LA103246,Bhavnagar,1225,568,657,859,27,3,9,53,14,67.6,Compensation,28,53.63,Yes
LA103247,Ahmedabad,1163,907,256,802,135,5,8,4,15,90.7,Handover,5,22.01,No
LA103248,Junagadh,179,121,58,110,33,6,8,8,9,80.0,Compensation,1,32.4,Yes
LA103249,Surat,253,210,43,228,50,3,8,13,11,82.5,Handover,18,17.0,No
LA103250,Anand,623,396,227,372,147,4,10,29,9,79.5,Acquisition,74,36.44,Yes
LA103251,Jamnagar,540,300,240,489,291,6,7,0,12,67.5,Compensation,29,44.44,No
LA103252,Bhavnagar,1134,519,615,765,300,4,11,16,9,76.7,Compensation,0,54.23,No
LA103253,Kheda,276,150,126,333,104,4,10,3,8,75.3,Compensation,69,45.65,No
LA103254,Surat,589,512,77,766,66,5,6,18,13,87.3,Acquisition,56,13.07,Yes
LA103255,Jamnagar,393,254,139,459,53,6,3,43,6,84.6,Acquisition,19,35.37,No
LA103256,Panchmahal,324,265,59,237,78,4,9,14,8,85.5,Acquisition,12,18.21,No
LA103257,Sabarkantha,300,213,87,372,46,7,9,3,7,91.1,Acquisition,2,29.0,No
LA103258,Mehsana,333,234,99,258,86,4,7,5,8,83.4,Acquisition,31,29.73,No
LA103259,Mehsana,868,569,299,1071,233,5,4,14,22,62.0,Acquisition,15,34.45,Yes
LA103260,Amreli,644,461,183,683,324,3,12,1,11,76.3,Acquisition,58,28.42,Yes
LA103261,Morbi,681,221,460,599,134,6,9,0,15,65.2,Objection,15,67.55,Yes
LA103262,Bhavnagar,745,631,114,466,279,3,8,45,5,65.7,Acquisition,8,15.3,Yes
LA103263,Ahmedabad,1125,658,467,1457,156,7,8,16,18,80.7,Acquisition,17,41.51,No
LA103264,Gandhinagar,1300,938,362,1814,311,5,8,25,25,66.6,Acquisition,11,27.85,Yes
LA103265,Morbi,813,628,185,934,211,6,11,45,21,92.4,Handover,0,22.76,No
LA103266,Bhavnagar,981,297,684,1391,235,7,17,23,20,56.6,Objection,33,69.72,Yes
LA103267,Vadodara,1121,453,668,1559,469,7,11,78,30,58.8,Objection,2,59.59,Yes
LA103268,Kheda,1051,480,571,762,445,4,11,59,9,65.4,Compensation,33,54.33,Yes
LA103269,Navsari,244,181,63,295,35,2,6,58,6,90.4,Handover,5,25.82,No
LA103270,Mehsana,1476,871,605,1276,332,3,6,48,13,71.1,Acquisition,61,40.99,Yes
LA103271,Amreli,289,204,85,286,94,9,6,39,7,78.0,Handover,51,29.41,Yes
LA103272,Rajkot,647,526,121,447,160,4,11,34,6,79.1,Acquisition,17,18.7,No
LA103273,Anand,996,634,362,1422,546,6,11,16,23,73.9,Acquisition,0,36.35,Yes
LA103274,Morbi,635,315,320,764,390,4,14,10,8,62.4,Compensation,0,50.39,No
LA103275,Valsad,402,143,259,318,20,1,9,0,7,56.9,Notification,13,64.43,No
LA103276,Navsari,1389,997,392,1228,74,3,9,17,12,85.9,Acquisition,0,28.22,No
LA103277,Valsad,153,114,39,142,102,3,5,1,5,90.7,Handover,61,25.49,No
LA103278,Valsad,406,221,185,496,180,8,9,12,12,80.0,Acquisition,14,45.57,Yes
LA103279,Ahmedabad,1490,1200,290,2061,372,8,4,24,18,68.0,Acquisition,0,19.46,No
LA103280,Kheda,1108,324,784,930,64,7,7,66,19,42.2,Notification,0,70.76,Yes
LA103281,Sabarkantha,176,134,42,172,86,4,5,60,3,84.8,Acquisition,2,23.86,No
LA103282,Banaskantha,1144,810,334,1240,486,5,3,36,21,71.3,Objection,6,29.2,No
LA103283,Amreli,1456,314,1142,1316,357,11,16,4,22,61.0,Notification,51,78.43,Yes
LA103284,Rajkot,191,187,4,192,85,2,10,72,3,90.4,Handover,35,2.09,Yes
LA103285,Panchmahal,650,301,349,419,165,6,12,5,6,67.9,Objection,7,53.69,No
LA103286,Morbi,729,499,230,511,312,5,5,31,14,88.4,Acquisition,7,31.55,Yes
LA103287,Vadodara,240,146,94,219,25,4,9,38,6,78.1,Acquisition,30,39.17,Yes
LA103288,Bhavnagar,341,309,32,468,164,3,7,6,8,91.5,Handover,56,9.38,No
LA103289,Sabarkantha,302,250,52,261,114,4,6,68,4,73.8,Handover,29,17.22,No
LA103290,Amreli,318,257,61,246,67,2,8,11,10,76.6,Handover,0,19.18,No
LA103291,Anand,635,391,244,774,257,3,6,51,11,78.4,Compensation,0,38.43,Yes
LA103292,Banaskantha,723,362,361,1015,461,2,5,8,15,79.9,Compensation,28,49.93,No
LA103293,Panchmahal,395,213,182,380,295,6,6,36,7,70.7,Compensation,9,46.08,Yes
LA103294,Ahmedabad,469,294,175,262,82,3,7,56,10,80.9,Acquisition,56,37.31,No
LA103295,Banaskantha,328,124,204,384,135,4,7,10,14,67.2,Objection,13,62.2,Yes
LA103296,Bharuch,1205,1048,157,1113,371,2,11,0,16,91.9,Handover,47,13.03,No
LA103297,Anand,357,136,221,413,291,4,7,3,6,52.4,Objection,57,61.9,Yes
LA103298,Gandhinagar,1366,839,527,1093,542,5,12,0,15,69.3,Compensation,46,38.58,Yes
LA103299,Mehsana,831,453,378,459,129,5,12,54,16,60.9,Compensation,6,45.49,No
LA103300,Panchmahal,1214,699,515,1044,172,3,13,2,12,64.1,Acquisition,0,42.42,No
LA103301,Surat,973,318,655,1152,448,5,13,59,10,48.2,Objection,0,67.32,Yes
LA103302,Junagadh,436,372,64,394,90,3,12,0,10,80.7,Acquisition,56,14.68,No
LA103303,Rajkot,922,565,357,689,134,7,5,0,10,78.2,Compensation,12,38.72,No
LA103304,Sabarkantha,447,303,144,433,135,2,5,74,13,85.5,Acquisition,52,32.21,Yes
LA103305,Mehsana,222,172,50,272,130,0,13,9,4,90.5,Handover,26,22.52,No
LA103306,Mehsana,419,336,83,275,10,0,5,3,4,86.1,Handover,25,19.81,No
LA103307,Gandhinagar,449,377,72,526,108,3,8,63,6,88.2,Acquisition,0,16.04,No
LA103308,Vadodara,245,143,102,282,82,1,7,18,12,74.2,Compensation,83,41.63,Yes
LA103309,Panchmahal,84,45,39,74,12,3,9,20,4,69.8,Objection,26,46.43,No
LA103310,Ahmedabad,1419,1209,210,2020,709,11,2,46,25,83.7,Acquisition,1,14.8,Yes
LA103311,Vadodara,794,476,318,1076,142,6,7,109,21,84.5,Acquisition,38,40.05,Yes
LA103312,Amreli,633,620,13,528,201,2,5,32,8,87.0,Handover,1,2.05,No
LA103313,Sabarkantha,1399,741,658,809,340,6,10,0,23,68.9,Compensation,4,47.03,Yes
LA103314,Navsari,376,269,107,311,187,4,6,36,12,85.0,Acquisition,18,28.46,No
LA103315,Banaskantha,634,313,321,466,102,1,17,40,8,59.5,Objection,0,50.63,Yes
LA103316,Junagadh,1278,848,430,1332,213,8,12,0,16,73.5,Acquisition,5,33.65,No
LA103317,Bharuch,967,656,311,1331,283,3,7,53,20,85.7,Acquisition,6,32.16,Yes
LA103318,Anand,629,446,183,839,487,3,14,43,13,79.4,Acquisition,20,29.09,Yes
LA103319,Bharuch,421,154,267,347,139,2,12,26,8,59.6,Objection,11,63.42,Yes
LA103320,Rajkot,100,45,55,94,36,5,7,29,4,64.3,Objection,23,55.0,No
LA103321,Anand,173,87,86,101,5,3,6,24,5,78.1,Compensation,13,49.71,No
LA103322,Bhavnagar,284,167,117,295,124,3,6,22,9,70.2,Compensation,0,41.2,Yes
LA103323,Banaskantha,1191,707,484,723,331,3,12,45,9,73.6,Compensation,32,40.64,No
LA103324,Patan,977,601,376,1363,408,7,16,59,32,92.4,Handover,9,38.49,Yes
LA103325,Rajkot,678,399,279,902,564,8,6,71,19,77.7,Acquisition,17,41.15,Yes
LA103326,Jamnagar,1185,808,377,880,277,7,5,10,18,80.3,Handover,5,31.81,Yes
LA103327,Bharuch,283,239,44,334,95,4,11,13,9,87.2,Handover,0,15.55,Yes
LA103328,Rajkot,356,176,180,378,90,5,11,0,7,74.5,Compensation,81,50.56,No
LA103329,Bhavnagar,619,365,254,787,258,4,13,22,17,74.4,Compensation,30,41.03,Yes
LA103330,Mehsana,1381,797,584,1351,402,11,5,14,19,80.5,Compensation,0,42.29,Yes
LA103331,Kheda,941,748,193,680,172,7,8,28,11,83.8,Handover,10,20.51,Yes
LA103332,Mehsana,1284,720,564,1446,839,5,12,48,20,75.1,Compensation,9,43.93,Yes
LA103333,Vadodara,410,295,115,255,132,3,12,41,5,78.7,Acquisition,2,28.05,No
LA103334,Jamnagar,1281,695,586,1379,785,9,13,15,14,70.6,Objection,48,45.75,Yes
LA103335,Ahmedabad,155,68,87,115,37,3,11,2,4,73.3,Compensation,18,56.13,No
LA103336,Patan,380,277,103,443,37,3,7,50,7,85.0,Handover,31,27.11,No
LA103337,Navsari,808,578,230,1047,611,5,11,20,15,94.0,Acquisition,30,28.47,Yes
LA103338,Vadodara,123,91,32,80,8,2,5,29,6,75.0,Handover,43,26.02,No
LA103339,Surat,1295,1269,26,1179,527,4,6,17,19,90.9,Handover,34,2.01,No
LA103340,Vadodara,1308,905,403,1583,213,6,5,59,16,75.1,Acquisition,15,30.81,No
LA103341,Gandhinagar,835,462,373,582,322,7,8,4,10,74.2,Compensation,74,44.67,No
LA103342,Panchmahal,493,299,194,523,166,4,7,2,7,73.0,Compensation,24,39.35,Yes
LA103343,Junagadh,193,162,31,223,57,4,7,25,7,91.8,Acquisition,3,16.06,Yes
LA103344,Vadodara,948,838,110,824,111,3,8,77,15,88.6,Acquisition,8,11.6,No
LA103345,Sabarkantha,830,530,300,1078,348,4,7,9,29,77.8,Compensation,0,36.14,Yes
LA103346,Surat,1152,972,180,1163,372,9,6,37,17,91.1,Handover,26,15.62,No
LA103347,Vadodara,924,275,649,1030,155,7,10,33,13,60.3,Objection,8,70.24,No
LA103348,Mehsana,236,107,129,160,62,5,9,4,6,56.9,Objection,44,54.66,Yes
LA103349,Gandhinagar,226,113,113,129,44,5,7,23,2,71.1,Objection,18,50.0,Yes
LA103350,Rajkot,1182,942,240,704,302,9,8,1,16,90.2,Handover,14,20.3,No
LA103351,Mehsana,280,162,118,382,110,4,7,0,6,80.1,Compensation,0,42.14,Yes
LA103352,Bhavnagar,1411,814,597,1897,647,11,6,12,31,66.7,Objection,14,42.31,Yes
LA103353,Bharuch,203,131,72,259,96,2,11,24,8,70.9,Compensation,15,35.47,Yes
LA103354,Valsad,1106,718,388,807,101,0,11,17,16,79.2,Compensation,30,35.08,Yes
LA103355,Valsad,1465,354,1111,1499,532,4,14,2,23,47.7,Compensation,85,75.84,Yes
LA103356,Mehsana,690,532,158,874,362,3,7,65,11,82.9,Acquisition,5,22.9,No
LA103357,Junagadh,132,94,38,153,74,1,6,30,1,68.9,Compensation,0,28.79,No
LA103358,Panchmahal,1322,1269,53,865,209,4,5,28,12,87.9,Handover,6,4.01,No
LA103359,Kheda,321,259,62,435,177,6,11,117,9,87.8,Acquisition,18,19.31,No
LA103360,Vadodara,815,461,354,566,333,5,8,9,16,66.9,Acquisition,44,43.44,Yes
LA103361,Surat,1478,708,770,1041,100,4,7,65,16,73.5,Objection,3,52.1,Yes
LA103362,Vadodara,1130,976,154,1538,430,4,6,26,22,84.7,Handover,20,13.63,No
LA103363,Panchmahal,117,52,65,115,32,3,3,48,6,79.3,Compensation,17,55.56,Yes
LA103364,Amreli,1240,1104,136,1098,174,5,5,30,14,88.2,Acquisition,17,10.97,No
LA103365,Banaskantha,283,207,76,297,88,2,8,11,11,84.4,Acquisition,79,26.86,No
LA103366,Surat,1137,519,618,1630,682,6,7,65,30,81.7,Compensation,12,54.35,Yes
LA103367,Surat,951,524,427,625,127,6,11,19,16,65.0,Compensation,10,44.9,No
LA103368,Kheda,467,223,244,575,235,3,13,3,15,62.8,Compensation,18,52.25,Yes
LA103369,Amreli,664,202,462,565,236,0,11,15,10,49.6,Notification,62,69.58,Yes
LA103370,Anand,220,143,77,144,77,3,10,18,3,79.6,Compensation,0,35.0,No
LA103371,Panchmahal,1481,1113,368,1377,390,3,5,0,20,86.6,Handover,11,24.85,No
LA103372,Sabarkantha,395,301,94,412,266,3,5,0,8,87.6,Acquisition,38,23.8,Yes
LA103373,Bharuch,497,198,299,365,39,2,6,13,10,67.7,Compensation,6,60.16,Yes
LA103374,Gandhinagar,779,606,173,713,220,2,4,29,17,85.2,Handover,3,22.21,No
LA103375,Patan,1025,609,416,1150,232,4,6,10,12,75.5,Acquisition,37,40.59,Yes
LA103376,Rajkot,783,749,34,837,405,7,7,51,8,90.7,Acquisition,38,4.34,No
LA103377,Bharuch,782,587,195,939,38,4,4,25,24,78.5,Acquisition,86,24.94,Yes
LA103378,Panchmahal,895,534,361,1166,590,7,4,11,19,63.4,Compensation,0,40.34,Yes
LA103379,Bharuch,1294,1207,87,1188,259,1,5,45,17,86.0,Handover,78,6.72,Yes
LA103380,Morbi,623,536,87,580,109,4,9,5,10,89.7,Handover,0,13.96,No
LA103381,Valsad,1257,646,611,1253,781,5,7,63,14,66.0,Compensation,2,48.61,Yes
LA103382,Patan,1191,485,706,1262,683,6,11,17,22,78.3,Objection,3,59.28,Yes
LA103383,Kheda,1444,968,476,935,153,5,14,56,11,76.8,Acquisition,14,32.96,No
LA103384,Mehsana,1374,1236,138,1142,463,9,6,31,16,84.1,Acquisition,44,10.04,No
LA103385,Morbi,1208,947,261,851,139,6,9,10,13,81.2,Handover,16,21.61,No
LA103386,Bharuch,407,265,142,365,103,3,4,83,7,81.9,Handover,21,34.89,Yes
LA103387,Anand,1173,893,280,1673,508,5,7,37,27,86.8,Acquisition,1,23.87,No
LA103388,Bharuch,1118,580,538,1201,313,5,7,0,22,70.2,Compensation,50,48.12,Yes
LA103389,Bharuch,470,388,82,440,87,9,9,0,12,90.3,Handover,16,17.45,No
LA103390,Sabarkantha,1033,608,425,1094,675,7,9,37,19,76.2,Compensation,12,41.14,Yes
LA103391,Patan,417,353,64,480,149,4,8,54,9,81.9,Acquisition,37,15.35,No
LA103392,Junagadh,809,506,303,762,236,5,9,31,12,73.8,Acquisition,43,37.45,No
LA103393,Vadodara,1206,714,492,1149,328,6,11,99,28,69.5,Compensation,14,40.8,Yes
LA103394,Navsari,323,176,147,382,60,1,10,8,5,75.1,Compensation,69,45.51,Yes
LA103395,Sabarkantha,538,286,252,325,102,4,6,41,8,70.1,Compensation,40,46.84,No
LA103396,Junagadh,1203,239,964,1246,157,10,9,3,19,46.4,Notification,4,80.13,Yes
LA103397,Kheda,708,566,142,738,337,7,10,17,9,77.8,Acquisition,35,20.06,No
LA103398,Morbi,1443,874,569,1776,361,8,15,51,21,77.8,Compensation,2,39.43,No
LA103399,Ahmedabad,61,42,19,87,52,1,6,19,1,78.6,Acquisition,8,31.15,No
LA103400,Patan,1097,721,376,1389,403,4,12,20,18,92.0,Acquisition,31,34.28,No
LA103401,Anand,1231,670,561,1235,296,6,12,17,17,78.7,Acquisition,12,45.57,Yes
LA103402,Ahmedabad,1381,1012,369,970,136,6,18,0,17,87.0,Acquisition,30,26.72,No
LA103403,Jamnagar,277,170,107,299,104,5,11,0,8,76.6,Compensation,0,38.63,Yes
LA103404,Kheda,1478,865,613,1923,1010,7,8,13,22,69.0,Acquisition,4,41.47,Yes
LA103405,Surat,619,607,12,860,218,7,10,5,13,91.2,Handover,47,1.94,No
LA103406,Junagadh,560,125,435,724,559,6,5,26,16,56.6,Notification,0,77.68,Yes
LA103407,Banaskantha,565,456,109,407,63,6,2,88,6,82.5,Handover,5,19.29,No
LA103408,Amreli,976,851,125,1163,78,5,6,0,11,92.9,Acquisition,34,12.81,No
LA103409,Valsad,1006,583,423,1350,137,7,7,12,21,76.3,Handover,0,42.05,No
LA103410,Junagadh,737,544,193,857,499,10,6,92,23,89.1,Handover,102,26.19,Yes
LA103411,Panchmahal,153,109,44,179,124,10,12,0,8,72.4,Handover,0,28.76,No
LA103412,Ahmedabad,1481,812,669,1481,433,7,12,0,27,68.4,Acquisition,19,45.17,Yes
LA103413,Sabarkantha,372,295,77,418,225,6,8,36,11,93.1,Handover,0,20.7,No
LA103414,Bhavnagar,186,126,60,152,50,3,12,13,2,89.1,Acquisition,20,32.26,No
LA103415,Valsad,916,348,568,577,366,3,6,17,8,60.1,Objection,111,62.01,Yes
LA103416,Panchmahal,648,271,377,839,515,4,11,10,15,67.0,Compensation,39,58.18,Yes
LA103417,Vadodara,943,757,186,1319,433,5,8,10,22,83.0,Acquisition,42,19.72,No
LA103418,Panchmahal,1320,949,371,1744,278,6,13,4,17,90.6,Acquisition,16,28.11,Yes
LA103419,Jamnagar,191,135,56,162,115,3,8,6,3,93.2,Handover,16,29.32,Yes
LA103420,Navsari,462,328,134,293,101,2,7,46,7,81.0,Handover,0,29.0,No
LA103421,Amreli,799,490,309,641,301,8,9,87,13,81.2,Compensation,22,38.67,Yes
LA103422,Banaskantha,1193,1090,103,1561,90,5,5,29,25,87.1,Acquisition,0,8.63,Yes
LA103423,Anand,921,525,396,1050,186,6,12,83,19,69.4,Compensation,42,43.0,Yes
LA103424,Gandhinagar,605,453,152,859,125,6,12,45,20,84.3,Compensation,33,25.12,No
LA103425,Sabarkantha,935,696,239,803,30,6,12,23,18,83.9,Handover,71,25.56,No
LA103426,Amreli,1471,657,814,1539,291,6,9,32,24,53.3,Objection,12,55.34,Yes
LA103427,Amreli,746,411,335,941,102,3,8,30,22,61.6,Compensation,99,44.91,Yes
LA103428,Banaskantha,1332,1091,241,1013,263,7,6,9,24,92.3,Handover,15,18.09,Yes
LA103429,Anand,1181,802,379,1674,1023,5,10,0,23,89.1,Acquisition,0,32.09,No
LA103430,Mehsana,487,300,187,527,63,5,8,14,13,75.4,Compensation,192,38.4,Yes
LA103431,Rajkot,412,340,72,230,47,5,7,6,3,92.7,Handover,7,17.48,No
LA103432,Anand,1167,748,419,668,90,4,19,0,15,91.2,Compensation,4,35.9,Yes
LA103433,Bhavnagar,351,123,228,472,78,2,14,40,9,68.9,Compensation,8,64.96,No
LA103434,Anand,538,231,307,608,41,3,7,45,15,68.1,Acquisition,4,57.06,Yes
LA103435,Sabarkantha,391,206,185,484,151,3,13,3,12,83.6,Acquisition,26,47.31,No
LA103436,Ahmedabad,929,419,510,1166,423,3,9,63,17,63.4,Compensation,5,54.9,Yes
LA103437,Gandhinagar,476,313,163,442,229,3,5,13,12,84.8,Acquisition,30,34.24,No
LA103438,Anand,1005,823,182,1275,169,6,7,0,19,91.8,Handover,0,18.11,No
LA103439,Kheda,1406,992,414,1960,710,10,12,55,31,75.7,Acquisition,9,29.45,Yes
LA103440,Valsad,1253,691,562,883,77,8,9,24,14,65.5,Objection,34,44.85,No
LA103441,Bhavnagar,1425,924,501,1764,541,4,10,17,24,73.0,Compensation,21,35.16,Yes
LA103442,Morbi,85,67,18,70,12,8,8,15,3,81.2,Handover,5,21.18,No
LA103443,Junagadh,710,301,409,596,62,5,11,28,5,59.4,Objection,35,57.61,No
LA103444,Panchmahal,369,139,230,340,35,1,5,40,10,76.0,Compensation,12,62.33,No
LA103445,Valsad,1381,807,574,1833,146,5,11,27,24,87.1,Compensation,39,41.56,No
LA103446,Patan,1082,629,453,617,373,5,8,25,15,66.3,Acquisition,28,41.87,Yes
LA103447,Surat,514,398,116,483,178,5,10,100,8,86.7,Acquisition,103,22.57,Yes
LA103448,Amreli,867,648,219,1007,42,3,9,13,16,79.7,Acquisition,10,25.26,No
LA103449,Kheda,928,881,47,603,166,5,9,11,10,78.5,Handover,27,5.06,No
LA103450,Bhavnagar,769,658,111,971,232,7,8,117,18,93.9,Acquisition,2,14.43,No
LA103451,Kheda,738,566,172,1032,252,4,8,35,8,88.7,Acquisition,12,23.31,No
LA103452,Anand,130,104,26,82,40,5,7,5,7,87.7,Handover,9,20.0,No
LA103453,Mehsana,706,213,493,485,164,6,10,28,14,56.2,Objection,46,69.83,Yes
LA103454,Morbi,555,381,174,792,24,3,5,34,11,73.5,Compensation,27,31.35,No
LA103455,Jamnagar,1237,634,603,901,385,4,14,28,8,66.1,Compensation,0,48.75,No
LA103456,Jamnagar,1305,704,601,810,454,4,7,45,14,51.6,Compensation,33,46.05,Yes
LA103457,Patan,1138,562,576,1601,481,8,7,26,27,77.5,Objection,18,50.62,Yes
LA103458,Amreli,94,65,29,127,15,6,4,47,7,81.0,Acquisition,9,30.85,No
LA103459,Junagadh,1270,386,884,1448,624,10,11,11,30,51.2,Notification,13,69.61,Yes
LA103460,Rajkot,625,330,295,654,43,3,14,57,13,75.7,Compensation,54,47.2,No
LA103461,Kheda,654,517,137,901,89,2,5,12,8,84.3,Acquisition,1,20.95,No
LA103462,Vadodara,1421,617,804,1620,377,10,11,77,24,60.3,Objection,35,56.58,Yes
LA103463,Rajkot,1308,1088,220,1494,440,4,7,9,18,81.6,Acquisition,6,16.82,Yes
LA103464,Sabarkantha,123,71,52,161,42,4,5,24,12,75.2,Compensation,0,42.28,No
LA103465,Mehsana,572,309,263,651,236,6,11,0,15,70.7,Compensation,0,45.98,Yes
LA103466,Gandhinagar,1137,735,402,1141,134,3,11,0,25,58.4,Objection,2,35.36,Yes
LA103467,Rajkot,831,400,431,749,105,3,4,0,16,74.1,Compensation,9,51.87,No
LA103468,Surat,423,215,208,424,73,1,9,22,8,71.4,Acquisition,38,49.17,No
LA103469,Morbi,811,235,576,827,392,6,16,62,12,72.5,Compensation,51,71.02,Yes
LA103470,Vadodara,1307,798,509,1143,414,7,8,17,17,77.6,Acquisition,13,38.94,Yes
LA103471,Ahmedabad,373,265,108,356,180,2,7,11,9,76.3,Acquisition,0,28.95,No
LA103472,Anand,1132,834,298,1440,743,3,9,9,24,81.3,Acquisition,23,26.33,Yes
LA103473,Anand,1116,842,274,1032,175,10,11,44,24,85.4,Handover,0,24.55,No
LA103474,Gandhinagar,1335,804,531,765,228,5,9,0,19,80.8,Acquisition,45,39.78,Yes
LA103475,Bharuch,482,269,213,388,131,9,9,83,10,70.4,Compensation,11,44.19,Yes
LA103476,Valsad,363,230,133,275,34,0,8,36,12,79.3,Acquisition,36,36.64,Yes
LA103477,Panchmahal,844,448,396,1067,437,6,11,29,13,66.3,Compensation,15,46.92,Yes
LA103478,Vadodara,820,581,239,783,360,8,5,15,9,80.9,Acquisition,11,29.15,Yes
LA103479,Navsari,644,361,283,517,119,4,3,19,9,72.1,Acquisition,28,43.94,No
LA103480,Jamnagar,1180,507,673,1510,813,8,8,9,26,56.8,Compensation,18,57.03,Yes
LA103481,Amreli,1209,971,238,686,249,5,5,17,11,92.0,Handover,20,19.69,Yes
LA103482,Anand,406,275,131,287,41,3,8,17,11,85.8,Acquisition,10,32.27,No
LA103483,Bharuch,1204,985,219,1558,349,1,11,25,20,91.8,Handover,25,18.19,No
LA103484,Banaskantha,384,229,155,402,238,2,11,88,11,83.8,Compensation,0,40.36,No
LA103485,Ahmedabad,641,393,248,799,388,4,8,27,11,72.1,Compensation,28,38.69,No
LA103486,Rajkot,89,49,40,116,14,4,8,52,12,78.1,Acquisition,1,44.94,No
LA103487,Rajkot,543,332,211,759,117,5,8,36,13,73.9,Acquisition,14,38.86,No
LA103488,Jamnagar,1440,1188,252,874,135,7,7,22,12,88.9,Acquisition,0,17.5,No
LA103489,Junagadh,692,345,347,878,279,3,13,0,10,71.8,Compensation,8,50.14,No
LA103490,Morbi,1080,813,267,1283,198,2,10,32,10,77.1,Acquisition,9,24.72,No
LA103491,Banaskantha,206,181,25,152,60,6,5,2,2,81.5,Handover,37,12.14,No
LA103492,Mehsana,972,576,396,1350,220,9,10,3,17,77.8,Acquisition,5,40.74,Yes
LA103493,Rajkot,589,367,222,538,94,4,8,0,13,76.0,Acquisition,16,37.69,No
LA103494,Rajkot,1129,621,508,1523,501,2,12,18,17,56.9,Compensation,27,45.0,Yes
LA103495,Valsad,1396,674,722,1528,500,5,11,0,28,78.3,Acquisition,0,51.72,No
LA103496,Surat,821,410,411,841,176,3,7,23,17,63.0,Compensation,0,50.06,Yes
LA103497,Rajkot,199,96,103,138,40,3,4,19,8,64.4,Objection,4,51.76,Yes
LA103498,Gandhinagar,740,445,295,1016,111,2,5,15,9,64.4,Compensation,0,39.86,No
LA103499,Junagadh,228,98,130,240,31,4,9,4,6,59.3,Objection,1,57.02,No
LA103500,Patan,702,551,151,390,124,2,10,5,7,85.3,Handover,68,21.51,No
LA103501,Valsad,138,77,61,78,29,3,11,2,6,76.2,Objection,67,44.2,No
LA103502,Gandhinagar,979,818,161,1224,292,7,5,23,18,85.4,Acquisition,60,16.45,No
LA103503,Surat,500,147,353,348,115,1,12,1,12,54.9,Objection,9,70.6,Yes
LA103504,Rajkot,342,250,92,372,263,1,5,21,7,76.6,Acquisition,2,26.9,No
LA103505,Rajkot,75,42,33,87,34,5,8,6,7,68.5,Acquisition,43,44.0,No
LA103506,Amreli,1338,528,810,1072,153,7,7,39,12,75.3,Compensation,4,60.54,No
LA103507,Bharuch,1264,810,454,1343,176,3,7,31,23,75.7,Acquisition,14,35.92,Yes
LA103508,Junagadh,1227,850,377,940,299,8,13,0,10,75.5,Compensation,6,30.73,No
LA103509,Surat,134,63,71,188,83,2,8,34,7,71.6,Objection,16,52.99,No
LA103510,Anand,557,338,219,738,159,9,5,0,17,81.0,Compensation,34,39.32,Yes
LA103511,Amreli,1459,1131,328,1181,541,5,9,6,15,87.8,Acquisition,28,22.48,Yes
LA103512,Bhavnagar,889,611,278,912,360,3,9,70,15,85.2,Handover,70,31.27,No
LA103513,Vadodara,236,132,104,236,167,4,9,0,5,65.7,Compensation,25,44.07,Yes
LA103514,Banaskantha,254,177,77,359,55,3,11,25,8,83.3,Acquisition,34,30.31,Yes
LA103515,Mehsana,431,192,239,390,49,3,8,53,5,70.6,Objection,26,55.45,No
LA103516,Bharuch,1460,1431,29,1542,494,6,8,36,25,86.2,Handover,16,1.99,Yes
LA103517,Surat,296,221,75,410,249,4,8,37,7,89.2,Handover,9,25.34,No
LA103518,Mehsana,1360,985,375,947,253,4,10,19,22,82.8,Acquisition,0,27.57,No
LA103519,Jamnagar,1033,955,78,1080,283,7,6,0,15,86.0,Handover,1,7.55,No
LA103520,Amreli,1387,1180,207,895,162,5,10,10,12,87.6,Acquisition,3,14.92,No
LA103521,Kheda,1248,883,365,1380,690,7,14,60,22,77.4,Acquisition,46,29.25,Yes
LA103522,Rajkot,531,291,240,467,93,3,8,15,9,58.2,Compensation,0,45.2,No
LA103523,Rajkot,1251,895,356,1778,733,6,12,21,21,78.1,Acquisition,15,28.46,Yes
LA103524,Bhavnagar,295,247,48,273,145,3,6,32,8,89.2,Acquisition,1,16.27,No
LA103525,Ahmedabad,472,286,186,317,118,3,8,34,6,67.9,Compensation,10,39.41,Yes
LA103526,Morbi,357,167,190,464,107,5,9,49,11,62.1,Objection,19,53.22,Yes
LA103527,Navsari,243,184,59,313,163,5,4,25,6,77.1,Acquisition,15,24.28,Yes
LA103528,Ahmedabad,180,142,38,212,99,2,7,20,5,83.9,Handover,1,21.11,No
LA103529,Morbi,321,154,167,393,99,2,9,70,8,82.7,Compensation,0,52.02,No
LA103530,Ahmedabad,224,168,56,177,15,7,8,19,8,78.6,Acquisition,14,25.0,No
LA103531,Jamnagar,601,326,275,678,211,0,10,61,22,74.5,Compensation,0,45.76,Yes
LA103532,Morbi,153,128,25,89,18,4,2,49,6,92.1,Handover,0,16.34,No
LA103533,Ahmedabad,138,28,110,100,35,1,8,22,2,51.7,Objection,0,79.71,No
LA103534,Morbi,1486,784,702,2064,597,3,14,47,36,71.3,Objection,35,47.24,Yes
LA103535,Banaskantha,177,126,51,215,95,6,7,45,7,86.0,Acquisition,21,28.81,Yes
LA103536,Morbi,157,125,32,119,21,2,2,5,4,85.5,Acquisition,18,20.38,No
LA103537,Ahmedabad,93,45,48,60,11,3,9,4,3,67.2,Objection,72,51.61,No
LA103538,Mehsana,242,135,107,340,100,4,14,0,5,88.7,Acquisition,24,44.21,No
LA103539,Valsad,816,468,348,531,131,5,7,16,10,74.6,Compensation,24,42.65,No
LA103540,Vadodara,1250,673,577,977,329,7,11,99,20,70.4,Compensation,2,46.16,Yes
LA103541,Patan,1116,854,262,797,209,6,5,3,9,81.9,Acquisition,22,23.48,No
LA103542,Navsari,891,609,282,496,252,7,7,38,11,78.8,Compensation,43,31.65,Yes
LA103543,Amreli,173,106,67,144,11,6,4,13,10,80.6,Compensation,27,38.73,No
LA103544,Anand,1173,857,316,1674,643,11,4,7,23,82.0,Acquisition,49,26.94,Yes
LA103545,Anand,104,84,20,89,33,5,3,16,3,75.1,Compensation,1,19.23,No
LA103546,Patan,965,877,88,969,374,4,9,15,20,90.1,Handover,7,9.12,No
LA103547,Gandhinagar,643,256,387,785,215,5,6,84,17,71.5,Compensation,16,60.19,Yes
LA103548,Valsad,1330,1171,159,1391,503,5,8,0,27,75.6,Handover,7,11.95,No
LA103549,Bhavnagar,496,269,227,605,272,2,5,20,13,56.4,Compensation,107,45.77,Yes
LA103550,Vadodara,976,889,87,1118,181,5,9,89,14,86.5,Handover,22,8.91,No
LA103551,Mehsana,688,194,494,755,285,10,5,26,7,57.4,Objection,0,71.8,Yes
LA103552,Banaskantha,807,472,335,916,223,7,9,7,17,75.0,Compensation,26,41.51,Yes
LA103553,Amreli,1412,869,543,1792,698,7,11,36,25,68.6,Objection,0,38.46,Yes
LA103554,Patan,1084,718,366,1289,592,8,9,20,22,88.5,Acquisition,0,33.76,Yes
LA103555,Patan,651,392,259,822,297,5,13,11,15,67.9,Objection,71,39.78,Yes
LA103556,Panchmahal,699,611,88,476,153,3,4,25,11,82.7,Handover,18,12.59,No
LA103557,Valsad,1072,664,408,1243,332,5,5,0,27,77.4,Handover,21,38.06,Yes
LA103558,Bharuch,552,494,58,670,118,3,6,0,11,84.0,Handover,7,10.51,No
LA103559,Anand,293,181,112,240,133,3,4,69,8,67.9,Compensation,9,38.23,No
LA103560,Banaskantha,728,366,362,973,626,3,6,41,12,80.7,Compensation,3,49.73,No
LA103561,Ahmedabad,148,71,77,122,12,3,5,3,10,69.7,Compensation,1,52.03,No
LA103562,Surat,296,178,118,228,34,3,6,72,4,62.4,Objection,17,39.86,No
LA103563,Rajkot,660,395,265,878,348,4,12,142,16,81.8,Acquisition,0,40.15,Yes
LA103564,Valsad,1205,1002,203,931,169,2,9,18,12,83.9,Handover,38,16.85,No
LA103565,Mehsana,1183,837,346,1093,404,7,9,12,17,76.8,Acquisition,0,29.25,No
LA103566,Jamnagar,428,277,151,377,171,5,7,31,7,74.1,Acquisition,13,35.28,No
LA103567,Surat,662,389,273,899,79,6,14,21,16,76.7,Compensation,31,41.24,Yes
LA103568,Panchmahal,272,167,105,261,185,4,6,20,6,71.2,Compensation,36,38.6,Yes
LA103569,Sabarkantha,1145,1068,77,1345,498,5,4,27,25,87.6,Handover,0,6.72,No
LA103570,Jamnagar,407,251,156,515,68,3,11,0,14,77.6,Compensation,2,38.33,No
LA103571,Patan,1210,774,436,1349,280,11,9,40,23,70.6,Acquisition,0,36.03,Yes
LA103572,Banaskantha,1271,790,481,1779,300,10,8,11,29,56.2,Compensation,4,37.84,Yes
LA103573,Navsari,1049,663,386,1335,191,8,6,20,19,73.1,Compensation,46,36.8,Yes
LA103574,Navsari,529,358,171,481,175,2,4,5,8,84.1,Acquisition,1,32.33,No
LA103575,Junagadh,1432,790,642,2013,656,7,16,9,30,72.7,Compensation,8,44.83,Yes
LA103576,Gandhinagar,1045,323,722,1068,215,6,8,44,18,65.0,Compensation,0,69.09,Yes
LA103577,Jamnagar,987,594,393,563,177,4,9,63,18,83.8,Compensation,32,39.82,Yes
LA103578,Anand,1292,810,482,1013,347,4,8,29,12,71.9,Acquisition,0,37.31,No
LA103579,Valsad,1329,1219,110,1475,463,6,5,7,23,92.7,Acquisition,26,8.28,No
LA103580,Mehsana,162,113,49,112,23,3,5,20,5,85.3,Acquisition,0,30.25,No
LA103581,Gandhinagar,1329,1089,240,1430,295,3,9,14,17,83.9,Handover,45,18.06,No
LA103582,Mehsana,1160,875,285,1016,303,6,14,21,18,78.5,Acquisition,0,24.57,No
LA103583,Patan,349,136,213,360,49,3,5,26,10,60.5,Objection,44,61.03,Yes
LA103584,Anand,496,360,136,274,49,2,7,12,4,89.5,Compensation,33,27.42,No
LA103585,Panchmahal,1142,470,672,1500,125,6,11,36,20,67.6,Objection,0,58.84,Yes
LA103586,Panchmahal,364,209,155,319,163,4,11,0,3,63.5,Objection,0,42.58,Yes
LA103587,Patan,706,481,225,477,129,8,9,9,11,79.9,Objection,7,31.87,No
LA103588,Junagadh,1049,847,202,990,502,6,8,63,20,83.4,Handover,3,19.26,Yes
LA103589,Surat,993,445,548,981,101,7,6,23,14,59.2,Objection,0,55.19,Yes
LA103590,Anand,1370,933,437,1539,384,8,14,54,27,88.6,Acquisition,2,31.9,No
LA103591,Ahmedabad,211,165,46,216,77,2,7,42,7,82.0,Acquisition,50,21.8,No
LA103592,Anand,478,220,258,282,120,1,5,22,6,77.9,Objection,4,53.97,Yes
LA103593,Navsari,1479,841,638,1974,722,8,10,26,24,72.8,Compensation,9,43.14,Yes
LA103594,Sabarkantha,875,476,399,841,193,3,8,0,11,74.5,Acquisition,17,45.6,No
LA103595,Morbi,410,271,139,254,59,1,8,29,3,64.1,Compensation,0,33.9,Yes
LA103596,Vadodara,470,350,120,585,312,2,9,26,15,69.7,Compensation,33,25.53,No
LA103597,Sabarkantha,542,368,174,620,173,3,5,4,9,75.9,Acquisition,9,32.1,Yes
LA103598,Bharuch,854,382,472,969,596,0,9,0,19,63.9,Objection,75,55.27,Yes
LA103599,Patan,462,321,141,432,122,6,5,28,12,65.5,Compensation,36,30.52,Yes
LA103600,Jamnagar,952,499,453,875,180,3,8,0,11,72.0,Compensation,20,47.58,No
LA103601,Mehsana,696,331,365,719,229,8,9,4,12,73.9,Compensation,6,52.44,Yes
LA103602,Morbi,935,539,396,557,187,3,9,0,11,88.6,Compensation,10,42.35,No
LA103603,Gandhinagar,275,175,100,225,6,9,7,22,9,75.0,Handover,17,36.36,No
LA103604,Surat,954,289,665,1373,279,5,12,151,18,61.1,Objection,27,69.71,Yes
LA103605,Rajkot,1391,1306,85,1594,246,6,8,16,15,90.6,Handover,7,6.11,No
LA103606,Junagadh,246,167,79,228,46,7,12,53,12,85.0,Acquisition,10,32.11,No
LA103607,Rajkot,525,270,255,394,44,2,9,72,11,76.5,Compensation,14,48.57,No
LA103608,Jamnagar,1056,702,354,1289,537,10,9,4,23,68.3,Acquisition,89,33.52,Yes
LA103609,Vadodara,945,737,208,741,198,4,6,69,14,81.0,Acquisition,40,22.01,Yes
LA103610,Vadodara,1029,837,192,716,118,5,12,17,12,76.9,Handover,0,18.66,Yes
LA103611,Panchmahal,861,369,492,593,186,3,8,30,11,72.4,Objection,50,57.14,No
LA103612,Rajkot,1040,364,676,1255,169,4,6,0,17,67.2,Objection,43,65.0,Yes
LA103613,Vadodara,934,884,50,1054,654,4,4,46,17,90.0,Handover,28,5.35,No
LA103614,Jamnagar,157,21,136,96,13,3,5,13,6,55.6,Notification,0,86.62,Yes
LA103615,Rajkot,1140,349,791,745,15,4,10,3,13,56.8,Objection,37,69.39,No
LA103616,Gandhinagar,698,389,309,782,113,5,12,77,11,68.1,Compensation,17,44.27,Yes
LA103617,Amreli,124,60,64,132,22,1,6,0,4,74.0,Compensation,66,51.61,No
LA103618,Vadodara,643,421,222,751,22,7,11,11,14,75.7,Acquisition,0,34.53,No
LA103619,Amreli,681,331,350,484,243,2,7,0,7,72.7,Compensation,90,51.4,No
LA103620,Mehsana,175,116,59,211,108,4,7,1,5,66.6,Compensation,29,33.71,No
LA103621,Navsari,1495,967,528,2082,926,9,18,0,26,70.3,Acquisition,26,35.32,Yes
LA103622,Rajkot,372,252,120,406,134,1,9,121,11,77.1,Compensation,27,32.26,Yes
LA103623,Anand,529,245,284,384,35,4,5,53,7,63.3,Compensation,11,53.69,Yes
LA103624,Kheda,689,428,261,800,211,4,9,1,10,84.0,Compensation,8,37.88,No
LA103625,Amreli,1257,926,331,1079,335,7,7,7,24,86.3,Acquisition,10,26.33,No
LA103626,Junagadh,1127,562,565,670,228,3,10,59,9,74.6,Acquisition,0,50.13,Yes
LA103627,Bharuch,1168,1015,153,960,481,5,11,10,15,79.6,Acquisition,27,13.1,Yes
LA103628,Morbi,393,181,212,536,102,1,3,36,13,57.0,Objection,14,53.94,No
LA103629,Mehsana,1276,516,760,1174,558,2,15,0,12,62.6,Objection,0,59.56,No
LA103630,Anand,1253,1047,206,1664,720,7,10,28,23,79.8,Acquisition,1,16.44,No
LA103631,Mehsana,723,485,238,729,94,5,8,4,11,79.4,Acquisition,53,32.92,No
LA103632,Anand,841,761,80,854,263,3,9,12,8,87.6,Acquisition,23,9.51,No
LA103633,Bharuch,103,94,9,57,13,4,4,38,9,88.7,Handover,24,8.74,No
LA103634,Anand,1153,523,630,1295,439,6,11,5,17,55.2,Objection,35,54.64,Yes
LA103635,Navsari,1444,729,715,934,601,4,14,11,18,75.5,Compensation,48,49.52,No
LA103636,Surat,735,339,396,721,107,6,9,13,11,65.2,Compensation,16,53.88,Yes
LA103637,Ahmedabad,834,568,266,654,180,4,4,2,9,47.2,Compensation,10,31.89,No
LA103638,Vadodara,774,483,291,699,63,2,8,14,20,79.8,Acquisition,33,37.6,No
LA103639,Sabarkantha,169,98,71,175,48,2,5,0,5,73.0,Acquisition,7,42.01,No
LA103640,Bharuch,949,700,249,534,216,5,7,60,11,89.5,Handover,14,26.24,No
LA103641,Anand,1096,815,281,884,308,3,8,49,18,94.3,Handover,0,25.64,No
LA103642,Junagadh,1396,1115,281,2011,981,7,12,13,35,84.3,Handover,0,20.13,Yes
LA103643,Junagadh,1399,738,661,842,201,5,9,30,15,78.2,Acquisition,52,47.25,No
LA103644,Jamnagar,763,317,446,639,86,3,8,29,12,63.3,Objection,4,58.45,No
LA103645,Junagadh,1441,1187,254,1209,379,5,9,11,24,90.2,Acquisition,5,17.63,Yes
LA103646,Amreli,817,450,367,728,300,1,14,48,14,70.3,Acquisition,36,44.92,Yes
LA103647,Bharuch,981,510,471,1144,181,3,14,25,18,63.7,Compensation,41,48.01,Yes
LA103648,Banaskantha,923,729,194,713,254,2,6,5,10,90.2,Handover,6,21.02,No
LA103649,Bhavnagar,1499,967,532,1445,433,5,7,84,23,87.4,Acquisition,0,35.49,Yes
LA103650,Navsari,1120,953,167,1266,492,3,7,36,14,82.1,Handover,99,14.91,Yes
LA103651,Mehsana,224,181,43,188,59,2,3,57,11,81.0,Acquisition,45,19.2,No
LA103652,Vadodara,154,96,58,216,4,6,8,6,1,83.5,Acquisition,0,37.66,No
LA103653,Anand,644,374,270,922,263,4,9,0,19,66.5,Compensation,4,41.93,Yes
LA103654,Anand,798,464,334,525,184,4,8,0,8,75.4,Acquisition,0,41.85,No
LA103655,Junagadh,1020,647,373,877,504,9,6,139,16,65.8,Acquisition,18,36.57,Yes
LA103656,Kheda,748,674,74,551,336,5,3,39,12,92.2,Handover,17,9.89,No
LA103657,Kheda,796,681,115,572,277,4,8,18,18,84.4,Acquisition,36,14.45,No
LA103658,Ahmedabad,1387,683,704,1376,284,4,16,6,31,71.4,Acquisition,7,50.76,Yes
LA103659,Bharuch,535,317,218,566,208,4,12,0,15,84.2,Compensation,0,40.75,Yes
LA103660,Gandhinagar,766,450,316,715,280,6,8,4,8,88.4,Compensation,0,41.25,No
LA103661,Morbi,858,728,130,682,236,3,13,30,18,70.8,Acquisition,7,15.15,Yes
LA103662,Amreli,729,538,191,584,259,4,8,3,9,76.9,Acquisition,4,26.2,No
LA103663,Gandhinagar,1454,1234,220,2098,379,5,8,33,22,83.9,Handover,10,15.13,Yes
LA103664,Patan,1446,713,733,1997,670,4,8,21,24,75.9,Compensation,35,50.69,Yes
LA103665,Rajkot,794,658,136,491,74,5,9,0,13,87.7,Handover,0,17.13,No
LA103666,Amreli,703,302,401,802,268,6,9,25,14,72.7,Compensation,31,57.04,Yes
LA103667,Bhavnagar,904,782,122,869,444,8,10,11,12,92.6,Compensation,3,13.5,Yes
LA103668,Mehsana,312,207,105,365,169,1,7,25,10,78.2,Acquisition,0,33.65,No
LA103669,Vadodara,668,522,146,726,193,1,3,15,9,91.9,Acquisition,17,21.86,No
LA103670,Morbi,364,270,94,492,12,5,9,29,3,90.4,Handover,5,25.82,No
LA103671,Surat,259,247,12,158,63,4,5,26,1,94.1,Handover,42,4.63,No
LA103672,Sabarkantha,188,124,64,163,35,5,6,16,8,82.8,Acquisition,27,34.04,Yes
LA103673,Morbi,901,773,128,1295,924,10,9,1,15,83.8,Acquisition,25,14.21,No
LA103674,Ahmedabad,50,40,10,36,23,0,9,48,3,91.9,Acquisition,25,20.0,Yes
LA103675,Vadodara,987,408,579,656,47,2,17,92,7,52.1,Objection,39,58.66,Yes
LA103676,Bharuch,676,454,222,815,365,2,11,62,12,74.1,Acquisition,16,32.84,Yes
LA103677,Rajkot,581,376,205,726,298,4,14,55,15,72.7,Compensation,17,35.28,Yes
LA103678,Mehsana,1166,843,323,1347,526,9,6,5,17,81.7,Acquisition,17,27.7,Yes
LA103679,Sabarkantha,831,654,177,1038,121,3,5,24,19,70.0,Acquisition,56,21.3,No
LA103680,Vadodara,1114,877,237,1308,221,4,8,0,17,79.4,Acquisition,13,21.27,Yes
LA103681,Sabarkantha,1079,191,888,725,80,7,13,23,12,57.3,Notification,37,82.3,Yes
LA103682,Sabarkantha,96,37,59,105,24,2,12,62,9,54.7,Objection,37,61.46,Yes
LA103683,Junagadh,362,334,28,452,41,8,6,31,10,88.4,Handover,6,7.73,Yes
LA103684,Vadodara,877,531,346,1166,202,5,13,36,19,80.5,Acquisition,15,39.45,Yes
LA103685,Gandhinagar,1465,784,681,1130,381,8,13,48,18,66.6,Objection,27,46.48,Yes
LA103686,Valsad,273,211,62,181,89,2,9,1,2,87.6,Handover,0,22.71,No
LA103687,Sabarkantha,203,188,15,254,18,2,8,14,8,87.7,Acquisition,1,7.39,No
LA103688,Sabarkantha,1415,715,700,1105,373,5,11,22,11,73.5,Compensation,16,49.47,Yes
LA103689,Bharuch,1452,890,562,840,119,3,6,8,9,82.0,Compensation,3,38.71,No
LA103690,Vadodara,292,138,154,377,33,5,14,0,5,56.4,Objection,31,52.74,No
LA103691,Morbi,632,468,164,635,357,1,2,23,9,82.2,Acquisition,21,25.95,No
LA103692,Vadodara,959,641,318,809,144,0,8,3,15,74.0,Compensation,5,33.16,No
LA103693,Anand,333,261,72,187,38,4,9,24,7,86.3,Acquisition,19,21.62,No
LA103694,Bharuch,523,282,241,304,113,3,13,3,13,68.1,Compensation,22,46.08,Yes
LA103695,Surat,623,381,242,787,145,4,12,16,14,68.5,Compensation,27,38.84,No
LA103696,Valsad,980,519,461,971,70,2,11,26,11,64.2,Compensation,0,47.04,No
LA103697,Navsari,497,341,156,340,118,5,6,29,14,82.8,Acquisition,16,31.39,No
LA103698,Morbi,648,370,278,565,168,1,10,0,16,70.5,Compensation,10,42.9,Yes
LA103699,Surat,470,242,228,328,39,3,4,20,3,69.8,Compensation,18,48.51,No
LA103700,Morbi,1152,518,634,751,289,4,6,11,12,65.3,Acquisition,10,55.03,Yes
LA103701,Mehsana,272,229,43,217,53,2,11,37,5,89.7,Acquisition,2,15.81,No
LA103702,Morbi,384,184,200,401,105,4,6,7,8,73.4,Compensation,24,52.08,Yes
LA103703,Panchmahal,412,312,100,304,39,3,10,6,6,80.7,Acquisition,28,24.27,No
LA103704,Ahmedabad,1364,702,662,1172,536,7,10,23,16,67.2,Compensation,4,48.53,Yes
LA103705,Amreli,1420,912,508,1392,727,12,6,15,27,77.4,Acquisition,3,35.77,Yes
LA103706,Jamnagar,775,404,371,719,149,3,8,48,9,67.0,Compensation,13,47.87,No
LA103707,Anand,276,213,63,184,74,2,7,9,6,83.6,Acquisition,33,22.83,No
LA103708,Junagadh,1147,989,158,671,275,3,7,48,9,83.0,Handover,29,13.78,No
LA103709,Vadodara,764,566,198,445,244,5,4,46,12,69.0,Acquisition,66,25.92,Yes
LA103710,Gandhinagar,1282,984,298,1109,273,3,6,41,15,78.3,Handover,43,23.24,No
LA103711,Patan,572,289,283,685,372,4,10,24,12,63.1,Objection,17,49.48,No
LA103712,Sabarkantha,1499,1180,319,1002,148,5,15,32,17,82.4,Handover,86,21.28,Yes
LA103713,Kheda,1220,135,1085,1535,650,6,10,41,15,46.3,Notification,9,88.93,Yes
LA103714,Vadodara,374,311,63,447,152,2,11,16,7,88.1,Handover,0,16.84,No
LA103715,Morbi,1102,695,407,610,127,3,7,10,14,71.8,Compensation,0,36.93,No
LA103716,Ahmedabad,466,301,165,268,48,2,7,41,10,90.9,Handover,34,35.41,No
LA103717,Surat,557,393,164,404,48,10,11,6,9,87.5,Acquisition,6,29.44,No
LA103718,Sabarkantha,413,319,94,248,44,4,9,29,9,85.9,Acquisition,0,22.76,No
LA103719,Rajkot,1039,786,253,1068,181,3,4,44,11,83.4,Handover,30,24.35,No
LA103720,Bharuch,431,292,139,252,60,6,6,54,8,71.0,Acquisition,80,32.25,No
LA103721,Jamnagar,976,911,65,1242,160,4,12,32,18,87.8,Acquisition,7,6.66,No
LA103722,Anand,895,580,315,889,131,3,13,20,16,78.3,Acquisition,20,35.2,Yes
LA103723,Panchmahal,1139,486,653,1373,444,6,14,13,18,67.1,Objection,19,57.33,Yes
LA103724,Rajkot,1491,1010,481,1827,370,5,9,10,38,72.1,Acquisition,16,32.26,No
LA103725,Vadodara,62,52,10,62,7,2,5,10,8,82.9,Handover,11,16.13,No
LA103726,Panchmahal,1486,1072,414,2055,174,2,6,3,32,72.1,Acquisition,51,27.86,Yes
LA103727,Morbi,208,157,51,300,190,1,6,35,10,82.3,Acquisition,12,24.52,No
LA103728,Navsari,814,675,139,711,209,5,4,38,17,75.2,Acquisition,0,17.08,Yes
LA103729,Amreli,544,431,113,361,37,7,2,85,10,92.7,Handover,29,20.77,No
LA103730,Mehsana,977,957,20,857,161,4,6,43,11,94.2,Handover,33,2.05,No
LA103731,Valsad,1097,561,536,824,168,8,6,36,14,75.1,Compensation,24,48.86,No
LA103732,Patan,1297,498,799,1333,201,9,11,113,14,73.5,Compensation,6,61.6,Yes
LA103733,Gandhinagar,633,456,177,564,283,4,5,2,11,94.3,Handover,63,27.96,No
LA103734,Panchmahal,1403,944,459,1378,863,6,7,30,25,84.5,Acquisition,9,32.72,Yes
LA103735,Patan,517,322,195,639,174,6,10,42,10,74.6,Compensation,24,37.72,No
LA103736,Kheda,345,162,183,275,133,5,8,27,10,69.2,Compensation,9,53.04,Yes
LA103737,Amreli,600,409,191,620,435,3,8,0,9,78.8,Handover,77,31.83,No
LA103738,Panchmahal,816,397,419,695,139,6,7,12,15,56.3,Objection,0,51.35,No
LA103739,Navsari,1019,722,297,1280,215,5,6,39,24,79.3,Acquisition,20,29.15,No
LA103740,Sabarkantha,1258,840,418,1416,603,8,13,36,14,80.0,Acquisition,37,33.23,Yes
LA103741,Anand,376,320,56,210,62,2,4,14,7,84.5,Handover,18,14.89,No
LA103742,Amreli,489,305,184,559,97,4,8,26,6,82.1,Acquisition,12,37.63,No
LA103743,Bhavnagar,1412,922,490,993,300,2,8,26,21,79.6,Compensation,25,34.7,Yes
LA103744,Ahmedabad,688,346,342,827,109,9,12,28,12,68.7,Compensation,1,49.71,No
LA103745,Morbi,400,204,196,424,124,3,3,27,11,58.3,Compensation,84,49.0,Yes
LA103746,Bhavnagar,1480,1023,457,1349,455,4,10,50,23,84.8,Acquisition,18,30.88,Yes
LA103747,Patan,701,322,379,823,169,3,14,0,21,56.1,Compensation,29,54.07,Yes
LA103748,Surat,1479,844,635,1954,295,6,6,11,31,62.4,Compensation,31,42.93,No
LA103749,Anand,1383,1031,352,1730,584,3,7,52,24,90.5,Handover,4,25.45,No
LA103750,Kheda,1364,632,732,1420,467,6,8,24,24,74.7,Compensation,22,53.67,No
LA103751,Banaskantha,894,586,308,1073,288,6,7,33,16,79.7,Compensation,0,34.45,No
LA103752,Junagadh,1208,528,680,1114,361,1,10,17,20,64.9,Compensation,112,56.29,Yes
LA103753,Ahmedabad,1443,1056,387,1818,301,8,11,84,31,90.5,Handover,37,26.82,Yes
LA103754,Panchmahal,440,248,192,570,99,6,9,0,15,91.9,Acquisition,33,43.64,No
LA103755,Morbi,104,63,41,70,25,3,4,18,4,87.7,Compensation,15,39.42,No
LA103756,Panchmahal,515,425,90,394,135,1,4,68,4,85.9,Acquisition,52,17.48,No
LA103757,Morbi,974,590,384,772,60,1,6,7,15,81.7,Compensation,8,39.43,No
LA103758,Panchmahal,844,566,278,590,126,4,10,65,7,68.5,Acquisition,31,32.94,Yes
LA103759,Sabarkantha,166,86,80,150,51,1,5,25,4,71.5,Compensation,6,48.19,No
LA103760,Bhavnagar,863,634,229,625,107,7,14,43,17,80.4,Acquisition,6,26.54,No
LA103761,Bhavnagar,303,219,84,329,85,5,8,51,10,86.2,Handover,27,27.72,No
LA103762,Rajkot,783,459,324,502,73,3,4,12,10,65.3,Acquisition,26,41.38,No
LA103763,Bharuch,885,439,446,702,262,4,7,6,15,65.4,Compensation,0,50.4,Yes
LA103764,Valsad,973,634,339,1118,398,5,7,19,21,75.3,Acquisition,27,34.84,Yes
LA103765,Rajkot,648,460,188,589,42,3,10,9,6,71.4,Compensation,19,29.01,No
LA103766,Sabarkantha,642,558,84,597,158,0,2,31,16,92.8,Acquisition,0,13.08,No
LA103767,Bharuch,1034,629,405,1311,365,6,9,36,19,79.6,Acquisition,4,39.17,Yes
LA103768,Vadodara,1137,490,647,1633,438,7,17,0,25,74.2,Acquisition,12,56.9,Yes
LA103769,Gandhinagar,1222,751,471,1294,533,11,8,17,21,74.9,Compensation,0,38.54,Yes
LA103770,Vadodara,533,367,166,331,53,5,7,1,5,76.7,Acquisition,65,31.14,No
LA103771,Jamnagar,665,362,303,427,95,2,4,20,10,66.1,Compensation,0,45.56,No
LA103772,Bhavnagar,529,286,243,752,228,2,8,9,14,75.2,Compensation,0,45.94,Yes
LA103773,Ahmedabad,815,643,172,946,187,4,10,60,15,88.5,Acquisition,20,21.1,Yes
LA103774,Gandhinagar,234,168,66,287,72,3,6,3,7,77.4,Acquisition,28,28.21,No
LA103775,Valsad,674,596,78,781,297,2,7,17,10,85.8,Handover,0,11.57,No
LA103776,Rajkot,323,134,189,230,16,2,7,8,4,57.7,Objection,15,58.51,No
LA103777,Rajkot,822,806,16,784,230,5,14,0,12,93.1,Handover,8,1.95,No
LA103778,Gandhinagar,1284,851,433,1628,176,5,8,52,29,65.0,Compensation,19,33.72,Yes
LA103779,Panchmahal,1479,842,637,1967,536,3,8,13,36,68.2,Acquisition,15,43.07,Yes
LA103780,Navsari,697,408,289,532,214,2,6,34,8,68.8,Acquisition,6,41.46,No
LA103781,Valsad,131,110,21,142,27,1,11,23,7,81.7,Acquisition,0,16.03,No
LA103782,Anand,380,215,165,263,101,4,3,37,6,78.3,Compensation,7,43.42,No
LA103783,Sabarkantha,202,83,119,285,20,5,8,14,9,62.4,Objection,0,58.91,No
LA103784,Jamnagar,1151,784,367,894,126,7,7,2,12,91.8,Compensation,1,31.89,No
LA103785,Mehsana,1478,1069,409,1779,316,7,13,27,28,86.2,Handover,80,27.67,Yes
LA103786,Mehsana,853,257,596,647,70,5,10,0,6,53.1,Objection,52,69.87,Yes
LA103787,Mehsana,306,224,82,338,101,3,8,2,7,87.8,Handover,8,26.8,No
LA103788,Amreli,80,53,27,91,33,2,9,42,8,79.1,Compensation,23,33.75,No
LA103789,Anand,1466,723,743,1240,840,6,14,48,24,75.4,Compensation,14,50.68,Yes
LA103790,Banaskantha,509,371,138,655,171,7,7,16,10,71.8,Acquisition,19,27.11,Yes
LA103791,Anand,212,158,54,286,125,3,5,6,7,74.8,Acquisition,5,25.47,No
LA103792,Amreli,306,242,64,404,66,6,10,37,6,94.3,Handover,20,20.92,No
LA103793,Kheda,420,354,66,356,47,1,9,2,7,81.3,Acquisition,28,15.71,No
LA103794,Panchmahal,1001,690,311,1221,550,5,4,13,25,77.2,Compensation,12,31.07,No
LA103795,Kheda,1343,932,411,1415,400,7,14,0,18,71.1,Acquisition,47,30.6,Yes
LA103796,Amreli,449,259,190,486,273,5,11,15,11,82.8,Compensation,4,42.32,No
LA103797,Bharuch,1047,730,317,1026,615,2,11,21,24,84.5,Compensation,60,30.28,Yes
LA103798,Banaskantha,144,129,15,157,15,5,8,13,5,93.8,Handover,48,10.42,No
LA103799,Jamnagar,64,35,29,43,17,3,11,10,3,68.6,Compensation,0,45.31,Yes
LA103800,Bhavnagar,129,52,77,118,49,0,6,30,5,56.0,Objection,45,59.69,Yes
LA103801,Bhavnagar,1389,746,643,986,157,5,15,12,17,67.8,Compensation,24,46.29,Yes
LA103802,Bhavnagar,894,574,320,717,292,3,13,38,13,73.0,Compensation,7,35.79,No
LA103803,Valsad,1218,777,441,810,77,8,15,0,11,75.0,Compensation,49,36.21,No
LA103804,Banaskantha,81,65,16,60,26,1,12,21,13,76.5,Acquisition,52,19.75,Yes
LA103805,Mehsana,82,58,24,103,17,3,9,33,5,91.6,Handover,6,29.27,Yes
LA103806,Anand,1281,1005,276,1338,184,4,8,10,22,88.6,Acquisition,12,21.55,No
LA103807,Valsad,198,168,30,113,17,0,7,54,5,88.9,Handover,5,15.15,Yes
LA103808,Sabarkantha,275,155,120,346,123,3,1,26,11,80.7,Compensation,2,43.64,Yes
LA103809,Panchmahal,802,364,438,1098,193,6,17,8,19,62.3,Compensation,1,54.61,No
LA103810,Patan,930,456,474,1248,266,1,12,5,16,60.9,Compensation,0,50.97,No
LA103811,Surat,382,342,40,493,260,4,4,12,9,85.9,Handover,29,10.47,No
LA103812,Bhavnagar,695,429,266,1003,269,2,13,26,12,72.9,Compensation,57,38.27,No
LA103813,Sabarkantha,1029,664,365,1109,47,7,8,8,15,69.8,Compensation,46,35.47,No
LA103814,Patan,692,524,168,980,432,3,6,44,19,79.4,Acquisition,19,24.28,Yes
LA103815,Patan,605,145,460,849,60,6,5,37,16,64.8,Objection,13,76.03,Yes
LA103816,Rajkot,154,67,87,128,24,2,2,36,11,56.9,Objection,14,56.49,Yes
LA103817,Junagadh,705,515,190,936,160,3,11,4,18,88.5,Handover,0,26.95,No
LA103818,Navsari,1214,1095,119,1534,806,7,13,0,33,86.4,Handover,20,9.8,No
LA103819,Ahmedabad,959,551,408,1197,433,5,7,19,18,63.8,Compensation,7,42.54,Yes
LA103820,Sabarkantha,1345,1091,254,1825,1172,12,12,14,18,83.9,Acquisition,1,18.88,No
LA103821,Morbi,233,193,40,209,48,2,6,7,7,88.6,Acquisition,0,17.17,No
LA103822,Ahmedabad,65,31,34,59,23,2,3,39,2,60.5,Compensation,22,52.31,No
LA103823,Navsari,845,741,104,952,443,2,9,38,14,90.2,Handover,57,12.31,Yes
LA103824,Surat,309,229,80,375,148,3,7,6,11,85.7,Acquisition,45,25.89,No
LA103825,Patan,911,550,361,1222,136,4,12,29,20,61.2,Compensation,19,39.63,No
LA103826,Amreli,1361,697,664,1821,218,6,17,2,29,74.3,Objection,99,48.79,Yes
LA103827,Bhavnagar,539,368,171,646,56,1,7,0,12,70.7,Compensation,23,31.73,No
LA103828,Ahmedabad,847,620,227,1195,341,8,8,0,20,88.0,Acquisition,0,26.8,No
LA103829,Valsad,1039,675,364,738,495,5,9,0,16,70.9,Acquisition,54,35.03,Yes
LA103830,Navsari,267,181,86,375,159,4,9,44,7,94.2,Handover,0,32.21,No
LA103831,Navsari,1352,1082,270,822,410,1,9,4,16,88.4,Handover,27,19.97,Yes
LA103832,Panchmahal,344,230,114,361,37,4,2,16,7,80.1,Compensation,26,33.14,No
LA103833,Morbi,1222,548,674,771,370,4,13,16,22,59.1,Objection,38,55.16,Yes
LA103834,Sabarkantha,1007,531,476,1069,287,8,10,83,18,82.1,Compensation,23,47.27,Yes
LA103835,Junagadh,254,194,60,229,63,4,12,27,4,87.3,Handover,16,23.62,Yes
LA103836,Sabarkantha,1101,624,477,686,236,6,6,50,12,68.3,Acquisition,60,43.32,Yes
LA103837,Junagadh,335,221,114,380,108,4,9,8,5,94.3,Handover,8,34.03,No
LA103838,Bharuch,919,506,413,1110,126,4,7,0,10,78.6,Compensation,33,44.94,No
LA103839,Morbi,1442,930,512,1019,283,3,6,29,23,75.2,Acquisition,56,35.51,Yes
LA103840,Rajkot,1433,955,478,1684,293,2,5,25,23,74.9,Acquisition,13,33.36,No
LA103841,Valsad,1314,665,649,934,105,3,8,26,10,64.4,Compensation,60,49.39,No
LA103842,Mehsana,766,463,303,516,302,2,7,6,10,72.5,Acquisition,0,39.56,Yes
LA103843,Ahmedabad,861,534,327,588,199,3,13,41,8,74.2,Objection,13,37.98,Yes
LA103844,Banaskantha,485,296,189,528,195,5,11,22,7,78.5,Compensation,0,38.97,No
LA103845,Gandhinagar,1386,886,500,1734,1101,5,13,34,20,77.8,Acquisition,14,36.08,Yes
LA103846,Panchmahal,742,479,263,807,80,6,10,29,25,89.6,Compensation,22,35.44,Yes
LA103847,Bhavnagar,1169,769,400,1494,773,5,5,0,19,83.2,Acquisition,32,34.22,Yes
LA103848,Mehsana,571,274,297,618,143,4,10,39,14,61.9,Compensation,0,52.01,No
LA103849,Vadodara,1124,843,281,1425,544,4,12,17,23,75.0,Acquisition,17,25.0,No
LA103850,Amreli,375,255,120,536,110,8,7,58,8,80.9,Handover,13,32.0,Yes
LA103851,Panchmahal,1114,660,454,1005,706,6,8,1,9,53.0,Compensation,43,40.75,Yes
LA103852,Jamnagar,116,95,21,79,25,1,12,27,4,74.6,Acquisition,27,18.1,Yes
LA103853,Banaskantha,202,141,61,136,64,1,8,31,5,81.1,Acquisition,22,30.2,Yes
LA103854,Kheda,561,290,271,610,473,4,10,93,7,68.7,Compensation,0,48.31,Yes
LA103855,Jamnagar,749,734,15,781,319,5,7,69,8,88.2,Handover,3,2.0,No
LA103856,Jamnagar,1082,569,513,775,67,8,16,11,11,59.0,Acquisition,19,47.41,No
LA103857,Gandhinagar,570,367,203,766,377,7,8,16,17,72.6,Handover,21,35.61,Yes
LA103858,Bhavnagar,76,50,26,107,58,2,9,28,7,84.4,Acquisition,2,34.21,No
LA103859,Surat,522,287,235,406,120,6,7,22,14,71.9,Compensation,53,45.02,Yes
LA103860,Navsari,687,355,332,506,34,2,7,21,10,74.1,Compensation,24,48.33,No
LA103861,Anand,838,658,180,622,86,5,9,0,10,75.9,Acquisition,4,21.48,No
LA103862,Jamnagar,984,840,144,884,100,7,12,9,8,91.2,Handover,26,14.63,No
LA103863,Morbi,409,181,228,539,255,5,9,0,12,61.0,Objection,0,55.75,Yes
LA103864,Banaskantha,935,614,321,1016,344,7,6,7,13,82.1,Compensation,7,34.33,No
LA103865,Anand,966,312,654,590,69,2,7,17,7,56.3,Objection,0,67.7,No
LA103866,Jamnagar,1176,589,587,1147,86,8,5,77,13,64.1,Compensation,0,49.91,Yes
LA103867,Sabarkantha,807,604,203,509,134,0,5,0,8,84.6,Acquisition,0,25.15,No
LA103868,Bhavnagar,1226,617,609,1123,199,8,8,46,15,84.5,Acquisition,0,49.67,Yes
LA103869,Rajkot,371,162,209,339,189,2,9,61,9,66.5,Objection,28,56.33,Yes
LA103870,Jamnagar,1082,671,411,1226,501,2,9,0,22,80.6,Handover,6,37.99,No
LA103871,Mehsana,116,81,35,121,93,0,7,99,5,71.7,Acquisition,15,30.17,Yes
LA103872,Sabarkantha,199,114,85,266,166,1,11,51,8,75.0,Compensation,32,42.71,Yes
LA103873,Junagadh,1304,603,701,736,145,2,10,84,13,76.4,Acquisition,13,53.76,Yes
LA103874,Bhavnagar,739,400,339,921,197,3,10,22,12,77.2,Acquisition,0,45.87,Yes
LA103875,Ahmedabad,950,931,19,542,364,2,7,3,9,91.7,Acquisition,11,2.0,No
LA103876,Rajkot,925,642,283,762,201,1,6,29,18,84.6,Acquisition,14,30.59,No
LA103877,Surat,1058,337,721,1420,144,7,16,5,17,56.3,Objection,23,68.15,Yes
LA103878,Banaskantha,406,117,289,476,159,2,5,0,10,59.4,Notification,28,71.18,Yes
LA103879,Patan,308,209,99,217,132,2,10,60,7,79.4,Compensation,41,32.14,Yes
LA103880,Rajkot,111,73,38,110,15,2,6,68,1,76.3,Acquisition,29,34.23,No
LA103881,Patan,1304,638,666,1564,603,4,7,39,18,58.4,Objection,14,51.07,Yes
LA103882,Junagadh,374,348,26,521,192,5,6,23,11,77.9,Handover,10,6.95,No
LA103883,Navsari,884,495,389,991,54,3,11,2,13,80.2,Acquisition,8,44.0,No
LA103884,Surat,710,483,227,406,141,6,9,70,11,83.3,Acquisition,31,31.97,Yes
LA103885,Banaskantha,285,166,119,285,23,4,8,63,14,68.2,Compensation,14,41.75,Yes
LA103886,Bharuch,650,427,223,447,138,2,4,5,10,81.8,Acquisition,0,34.31,No
LA103887,Bharuch,170,43,127,101,26,4,8,48,8,59.7,Objection,8,74.71,No
LA103888,Valsad,306,146,160,333,199,4,4,12,9,56.7,Objection,14,52.29,Yes
LA103889,Junagadh,252,135,117,315,42,4,12,30,5,72.5,Compensation,25,46.43,No
LA103890,Banaskantha,1246,849,397,726,220,1,11,24,10,89.7,Acquisition,35,31.86,No
LA103891,Bhavnagar,873,458,415,1096,517,4,10,3,21,73.8,Objection,37,47.54,Yes
LA103892,Valsad,1393,1310,83,1652,144,1,10,34,25,89.5,Acquisition,21,5.96,No
LA103893,Jamnagar,682,486,196,837,320,4,10,33,10,71.0,Acquisition,10,28.74,Yes
LA103894,Patan,342,131,211,263,58,2,11,9,9,62.6,Objection,17,61.7,Yes
LA103895,Mehsana,933,452,481,844,469,6,10,26,16,77.8,Compensation,60,51.55,Yes
LA103896,Amreli,1398,656,742,920,144,2,10,0,17,52.4,Objection,6,53.08,No
LA103897,Bhavnagar,822,514,308,629,109,5,8,6,10,56.0,Objection,9,37.47,No
LA103898,Morbi,75,70,5,62,3,3,13,18,4,81.5,Acquisition,42,6.67,No
LA103899,Vadodara,490,246,244,410,50,3,9,0,14,76.6,Acquisition,0,49.8,No
LA103900,Amreli,1392,900,492,985,573,7,12,41,17,64.4,Compensation,28,35.34,Yes
LA103901,Anand,802,393,409,577,35,3,9,41,11,62.6,Objection,38,51.0,Yes
LA103902,Anand,1431,622,809,1948,813,9,8,57,37,75.1,Compensation,33,56.53,Yes
LA103903,Rajkot,788,545,243,989,14,5,11,71,14,88.8,Acquisition,0,30.84,No
LA103904,Valsad,67,35,32,58,22,1,9,21,6,72.0,Compensation,41,47.76,Yes
LA103905,Vadodara,1316,1136,180,1846,836,3,6,26,26,92.3,Acquisition,34,13.68,Yes
LA103906,Anand,1157,779,378,885,25,1,15,16,7,91.8,Acquisition,0,32.67,No
LA103907,Bhavnagar,1087,806,281,996,195,4,7,6,14,76.9,Acquisition,20,25.85,No
LA103908,Patan,1457,909,548,1868,78,4,10,12,17,70.4,Compensation,5,37.61,No
LA103909,Anand,334,232,102,317,49,5,6,56,12,71.8,Compensation,0,30.54,No
LA103910,Jamnagar,1364,754,610,1038,295,8,15,40,14,74.3,Compensation,4,44.72,No
LA103911,Gandhinagar,387,169,218,341,63,2,9,55,10,54.0,Compensation,16,56.33,Yes
LA103912,Kheda,1458,897,561,1459,539,7,20,48,14,83.4,Acquisition,35,38.48,Yes
LA103913,Patan,327,195,132,363,49,6,6,15,9,65.9,Compensation,8,40.37,Yes
LA103914,Anand,848,567,281,776,341,2,9,22,15,81.0,Acquisition,19,33.14,Yes
LA103915,Anand,1195,939,256,1121,376,5,7,16,18,90.8,Handover,28,21.42,No
LA103916,Jamnagar,163,108,55,128,4,2,8,16,7,78.5,Acquisition,5,33.74,No
LA103917,Amreli,146,51,95,151,112,2,6,42,5,65.7,Objection,12,65.07,Yes
LA103918,Patan,1283,1082,201,959,406,7,5,38,17,83.9,Acquisition,0,15.67,No
LA103919,Anand,137,103,34,182,43,2,8,15,2,85.8,Acquisition,4,24.82,No
LA103920,Surat,940,712,228,1149,435,5,7,7,11,76.0,Acquisition,38,24.26,No
LA103921,Vadodara,1411,1241,170,1297,494,4,13,48,17,87.9,Handover,11,12.05,Yes
LA103922,Anand,941,665,276,1150,295,7,8,42,15,89.8,Acquisition,49,29.33,Yes
LA103923,Kheda,747,379,368,416,96,4,6,68,6,66.6,Objection,50,49.26,No
LA103924,Anand,655,157,498,563,208,1,14,24,6,53.8,Objection,0,76.03,Yes
LA103925,Junagadh,975,742,233,923,181,8,11,59,18,76.1,Acquisition,2,23.9,Yes
LA103926,Navsari,879,523,356,855,386,8,15,45,19,69.1,Compensation,14,40.5,Yes
LA103927,Gandhinagar,778,566,212,952,276,4,4,0,12,82.4,Acquisition,32,27.25,No
LA103928,Navsari,272,189,83,385,53,4,6,0,9,83.6,Acquisition,35,30.51,No
LA103929,Junagadh,1011,431,580,902,128,4,8,21,22,65.5,Compensation,96,57.37,No
LA103930,Junagadh,1123,831,292,972,426,4,6,43,9,73.6,Acquisition,3,26.0,No
LA103931,Anand,1078,940,138,1185,470,4,4,0,15,79.1,Handover,0,12.8,No
LA103932,Morbi,158,124,34,127,37,2,8,36,6,77.6,Handover,22,21.52,No
LA103933,Gandhinagar,1069,583,486,724,360,6,10,8,16,69.1,Acquisition,97,45.46,Yes
LA103934,Surat,1108,586,522,1568,274,6,11,40,22,62.5,Compensation,29,47.11,No
LA103935,Patan,316,218,98,404,154,2,14,0,6,71.0,Compensation,33,31.01,Yes
LA103936,Vadodara,1281,591,690,1810,591,4,6,10,25,59.0,Objection,0,53.86,Yes
LA103937,Junagadh,810,726,84,604,251,0,6,54,8,81.9,Handover,18,10.37,No
LA103938,Anand,735,294,441,416,83,0,13,27,12,42.8,Objection,8,60.0,No
LA103939,Gandhinagar,1098,1076,22,1036,116,5,4,18,12,88.0,Acquisition,28,2.0,No
LA103940,Vadodara,789,538,251,1097,625,0,3,0,20,78.3,Acquisition,0,31.81,No
LA103941,Mehsana,840,416,424,567,152,10,11,68,7,85.1,Acquisition,6,50.48,Yes
LA103942,Amreli,503,416,87,330,160,4,3,29,4,92.7,Acquisition,0,17.3,No
LA103943,Valsad,1396,1043,353,854,210,2,5,62,20,89.5,Acquisition,27,25.29,Yes
LA103944,Surat,1456,1164,292,1803,515,6,12,4,33,89.2,Handover,15,20.05,No
LA103945,Amreli,239,225,14,301,80,3,7,5,5,87.5,Handover,58,5.86,No
LA103946,Jamnagar,1113,687,426,1309,148,5,11,86,22,79.1,Acquisition,0,38.27,Yes
LA103947,Amreli,83,55,28,50,14,5,7,76,5,86.1,Acquisition,23,33.73,Yes
LA103948,Panchmahal,585,242,343,703,340,7,9,33,10,61.5,Objection,27,58.63,Yes
LA103949,Gandhinagar,1457,1198,259,1390,331,3,6,17,21,73.2,Acquisition,92,17.78,Yes
LA103950,Mehsana,303,187,116,210,41,7,13,13,7,78.4,Acquisition,10,38.28,No
LA103951,Patan,597,447,150,487,222,5,7,35,13,83.8,Acquisition,37,25.13,Yes
LA103952,Rajkot,368,251,117,368,24,5,7,7,9,63.1,Acquisition,70,31.79,Yes
LA103953,Rajkot,1106,904,202,936,290,5,5,0,18,86.4,Handover,21,18.26,Yes
LA103954,Ahmedabad,723,232,491,1029,428,3,8,14,17,67.6,Objection,3,67.91,Yes
LA103955,Mehsana,910,421,489,889,255,7,10,81,16,64.4,Compensation,65,53.74,Yes
LA103956,Mehsana,1417,868,549,1254,484,10,17,26,15,79.7,Compensation,24,38.74,Yes
LA103957,Surat,806,446,360,932,561,3,8,6,18,84.2,Acquisition,0,44.67,Yes
LA103958,Valsad,1115,663,452,1266,159,4,10,13,19,76.4,Compensation,20,40.54,No
LA103959,Anand,192,71,121,106,45,6,8,0,3,76.6,Compensation,0,63.02,No
LA103960,Rajkot,362,228,134,401,41,4,7,30,7,72.3,Acquisition,37,37.02,No
LA103961,Bharuch,1423,1123,300,1095,297,3,7,21,20,89.8,Acquisition,39,21.08,No
LA103962,Junagadh,1297,339,958,1151,92,5,12,4,21,48.1,Notification,8,73.86,Yes
LA103963,Junagadh,1002,459,543,1188,167,12,14,3,21,76.1,Acquisition,45,54.19,Yes
LA103964,Panchmahal,598,490,108,629,375,7,12,11,10,79.8,Acquisition,41,18.06,Yes
LA103965,Valsad,339,190,149,299,61,4,7,0,4,74.1,Acquisition,24,43.95,No
LA103966,Mehsana,1285,943,342,900,515,5,5,41,9,74.8,Handover,28,26.61,Yes
LA103967,Banaskantha,1189,865,324,1195,402,6,6,29,10,85.4,Acquisition,18,27.25,No
LA103968,Banaskantha,400,336,64,335,38,1,5,25,3,81.2,Acquisition,0,16.0,No
LA103969,Jamnagar,905,675,230,1241,678,8,7,66,18,80.6,Acquisition,5,25.41,Yes
LA103970,Morbi,947,629,318,976,291,8,4,74,16,77.4,Acquisition,39,33.58,Yes
LA103971,Gandhinagar,742,326,416,986,594,6,9,0,23,65.6,Objection,29,56.06,Yes
LA103972,Morbi,1394,1286,108,1256,424,6,6,5,13,90.2,Handover,0,7.75,No
LA103973,Bhavnagar,230,128,102,298,157,3,4,22,4,70.3,Compensation,2,44.35,No
LA103974,Anand,424,250,174,255,111,3,8,23,11,79.1,Acquisition,15,41.04,No
LA103975,Anand,187,145,42,153,35,5,5,37,9,89.9,Handover,7,22.46,No
LA103976,Bharuch,1055,685,370,654,84,6,9,28,20,77.5,Acquisition,28,35.07,Yes
LA103977,Mehsana,984,821,163,569,75,4,9,0,13,86.0,Acquisition,3,16.57,No
LA103978,Jamnagar,1482,713,769,2041,843,6,13,18,21,78.9,Compensation,34,51.89,Yes
LA103979,Ahmedabad,836,772,64,999,683,5,6,43,15,80.3,Handover,35,7.66,Yes
LA103980,Junagadh,268,152,116,298,72,1,4,43,7,65.4,Objection,68,43.28,Yes
LA103981,Valsad,704,242,462,725,85,3,11,33,13,49.3,Notification,3,65.62,Yes
LA103982,Surat,178,60,118,189,71,2,7,0,5,44.4,Objection,19,66.29,No
LA103983,Navsari,1023,515,508,1151,320,7,15,32,19,77.7,Compensation,26,49.66,Yes
LA103984,Panchmahal,1028,603,425,1330,678,10,11,75,20,70.2,Compensation,50,41.34,Yes
LA103985,Surat,1294,721,573,1407,882,8,13,2,18,62.7,Compensation,1,44.28,Yes
LA103986,Junagadh,542,371,171,663,360,5,12,7,13,83.0,Acquisition,3,31.55,No
LA103987,Gandhinagar,499,418,81,401,153,0,6,18,10,89.6,Handover,10,16.23,No
LA103988,Anand,153,129,24,219,22,4,7,33,9,87.3,Acquisition,26,15.69,Yes
LA103989,Anand,652,372,280,377,53,0,8,53,15,76.5,Compensation,36,42.94,Yes
LA103990,Junagadh,739,469,270,664,193,8,6,4,10,64.3,Objection,21,36.54,No
LA103991,Patan,1144,746,398,1537,372,7,6,33,18,77.9,Compensation,19,34.79,No
LA103992,Valsad,1143,1052,91,814,238,10,7,35,8,84.4,Handover,48,7.96,No
LA103993,Morbi,253,232,21,171,90,8,10,13,6,89.4,Handover,23,8.3,Yes
LA103994,Rajkot,463,345,118,407,16,6,6,0,5,82.1,Acquisition,0,25.49,No
LA103995,Valsad,792,447,345,741,483,4,8,28,21,76.7,Compensation,22,43.56,No
LA103996,Rajkot,536,288,248,745,117,6,12,5,10,67.9,Compensation,6,46.27,No
LA103997,Ahmedabad,87,76,11,113,31,4,4,25,4,88.8,Handover,23,12.64,Yes
LA103998,Panchmahal,1277,796,481,1236,407,3,3,0,22,79.8,Compensation,14,37.67,Yes
LA103999,Ahmedabad,1111,798,313,1584,423,8,9,96,26,79.4,Handover,70,28.17,Yes
LA104000,Sabarkantha,804,592,212,907,605,7,14,3,16,80.0,Acquisition,0,26.37,Yes
LA104001,Sabarkantha,510,225,285,682,357,5,7,8,17,59.1,Compensation,1,55.88,No
LA104002,Anand,1272,805,467,981,319,4,4,45,21,83.1,Acquisition,0,36.71,Yes
LA104003,Ahmedabad,101,88,13,100,16,4,8,20,5,82.8,Acquisition,12,12.87,No
LA104004,Panchmahal,697,584,113,402,193,2,6,24,6,90.0,Acquisition,26,16.21,No
LA104005,Banaskantha,1212,873,339,676,445,4,7,6,18,86.3,Acquisition,1,27.97,No
LA104006,Panchmahal,1432,258,1174,1697,799,5,15,5,22,41.4,Notification,42,81.98,Yes
LA104007,Anand,414,370,44,272,108,1,7,19,5,91.2,Handover,59,10.63,Yes
LA104008,Banaskantha,994,754,240,1037,84,5,11,18,24,87.7,Acquisition,11,24.14,No
LA104009,Panchmahal,325,264,61,382,157,5,11,44,8,83.0,Handover,11,18.77,No
LA104010,Anand,218,121,97,126,32,5,11,1,5,77.0,Acquisition,11,44.5,Yes
LA104011,Vadodara,562,440,122,536,168,4,8,19,13,86.6,Handover,49,21.71,Yes
LA104012,Ahmedabad,1334,858,476,1555,600,5,9,1,16,80.9,Acquisition,30,35.68,Yes
LA104013,Vadodara,1050,853,197,1418,552,3,10,43,17,76.1,Acquisition,0,18.76,No
LA104014,Morbi,759,647,112,622,86,1,8,17,14,92.3,Acquisition,9,14.76,No
LA104015,Navsari,460,311,149,656,166,6,11,8,12,88.7,Handover,4,32.39,No
LA104016,Bhavnagar,255,179,76,334,56,4,9,0,8,73.4,Acquisition,75,29.8,No
LA104017,Valsad,442,351,91,502,192,4,9,3,8,79.1,Compensation,34,20.59,No
LA104018,Valsad,271,96,175,245,113,6,9,0,3,53.1,Objection,0,64.58,Yes
LA104019,Amreli,321,159,162,382,120,3,6,57,9,70.5,Compensation,35,50.47,Yes
LA104020,Valsad,1047,364,683,1345,638,12,11,2,22,69.6,Objection,39,65.23,Yes
LA104021,Morbi,242,194,48,199,53,2,4,11,4,81.1,Acquisition,8,19.83,No
LA104022,Anand,118,53,65,170,109,3,10,3,6,74.7,Acquisition,0,55.08,Yes
LA104023,Amreli,836,541,295,1143,631,5,7,6,14,77.3,Compensation,48,35.29,Yes
LA104024,Jamnagar,465,253,212,459,262,3,5,4,11,83.2,Compensation,30,45.59,No
LA104025,Kheda,709,695,14,851,266,6,8,0,10,93.6,Handover,141,1.97,No
LA104026,Amreli,252,175,77,257,81,1,9,21,8,69.1,Compensation,9,30.56,Yes
LA104027,Jamnagar,354,244,110,437,162,2,4,52,8,78.0,Compensation,26,31.07,No
LA104028,Valsad,690,537,153,893,186,6,8,1,18,79.3,Handover,52,22.17,Yes
LA104029,Ahmedabad,1051,740,311,600,119,8,5,6,10,83.3,Compensation,4,29.59,No
LA104030,Anand,651,376,275,404,109,3,5,13,7,78.0,Compensation,16,42.24,No
LA104031,Jamnagar,836,408,428,713,224,3,5,33,17,77.7,Compensation,2,51.2,Yes
LA104032,Sabarkantha,807,646,161,1110,221,6,7,44,16,83.6,Acquisition,12,19.95,No
LA104033,Panchmahal,440,139,301,400,206,3,7,25,11,55.9,Notification,6,68.41,Yes
LA104034,Navsari,455,415,40,614,158,4,7,50,13,77.9,Compensation,13,8.79,No
LA104035,Jamnagar,667,261,406,644,121,8,11,33,9,63.7,Objection,66,60.87,Yes
LA104036,Patan,96,80,16,78,35,2,9,10,9,85.0,Acquisition,24,16.67,No
LA104037,Junagadh,1044,697,347,1420,702,1,5,0,18,67.1,Objection,0,33.24,Yes
LA104038,Morbi,941,378,563,992,86,4,11,21,12,66.7,Objection,73,59.83,Yes
LA104039,Banaskantha,494,305,189,432,172,7,8,10,8,78.2,Acquisition,30,38.26,No
LA104040,Mehsana,592,300,292,349,49,3,10,25,7,66.1,Acquisition,56,49.32,No
LA104041,Bharuch,526,444,82,342,98,4,4,23,8,63.0,Acquisition,75,15.59,No
LA104042,Kheda,995,371,624,672,89,4,9,24,13,54.0,Objection,85,62.71,Yes
LA104043,Kheda,1152,658,494,1012,546,10,15,9,9,80.3,Acquisition,19,42.88,Yes
LA104044,Bhavnagar,207,168,39,227,45,9,4,33,9,87.5,Handover,38,18.84,No
LA104045,Amreli,649,472,177,537,290,0,11,68,11,93.8,Handover,0,27.27,No
LA104046,Anand,69,36,33,42,19,3,11,28,7,65.5,Compensation,31,47.83,Yes
LA104047,Patan,706,487,219,557,62,2,11,52,8,84.9,Handover,0,31.02,No
LA104048,Sabarkantha,410,251,159,376,181,4,6,39,19,69.0,Acquisition,28,38.78,Yes
LA104049,Banaskantha,537,199,338,775,80,2,14,17,10,56.7,Objection,5,62.94,No
LA104050,Surat,712,427,285,643,283,6,14,19,13,78.9,Compensation,28,40.03,Yes
LA104051,Patan,519,467,52,327,125,3,4,1,6,90.1,Handover,27,10.02,No
LA104052,Surat,621,290,331,666,80,3,6,28,17,57.8,Objection,9,53.3,Yes
LA104053,Vadodara,1159,733,426,1597,185,11,4,52,25,75.3,Acquisition,51,36.76,Yes
LA104054,Navsari,1225,453,772,1541,640,0,9,0,25,69.1,Compensation,7,63.02,Yes
LA104055,Sabarkantha,58,44,14,76,8,7,8,5,4,80.7,Acquisition,36,24.14,No
LA104056,Sabarkantha,598,432,166,828,249,3,7,12,16,88.1,Acquisition,44,27.76,Yes
LA104057,Navsari,1278,849,429,1435,249,3,6,5,17,75.9,Acquisition,24,33.57,No
LA104058,Bhavnagar,819,395,424,1184,500,5,9,1,24,78.7,Compensation,64,51.77,Yes
LA104059,Junagadh,347,228,119,201,12,3,5,2,10,75.3,Compensation,9,34.29,No
LA104060,Valsad,911,680,231,1186,129,5,9,52,25,84.2,Acquisition,12,25.36,No
LA104061,Amreli,260,199,61,344,63,2,7,6,9,89.7,Handover,21,23.46,No
LA104062,Jamnagar,81,26,55,111,46,3,11,23,8,54.9,Objection,16,67.9,No
LA104063,Banaskantha,967,531,436,948,274,7,9,23,11,57.2,Compensation,48,45.09,Yes
LA104064,Patan,797,410,387,1003,432,7,8,22,18,71.6,Objection,22,48.56,No
LA104065,Amreli,1147,1008,139,832,611,4,12,34,17,89.7,Acquisition,0,12.12,Yes
LA104066,Valsad,550,493,57,601,157,6,4,71,7,90.1,Handover,52,10.36,No
LA104067,Junagadh,1289,834,455,1125,270,3,7,34,17,84.5,Acquisition,32,35.3,Yes
LA104068,Mehsana,661,290,371,718,468,5,7,47,14,51.0,Objection,15,56.13,Yes
LA104069,Panchmahal,1120,683,437,1297,668,5,5,59,23,77.4,Compensation,22,39.02,Yes
LA104070,Jamnagar,195,148,47,168,16,2,9,24,1,81.4,Acquisition,26,24.1,No
LA104071,Jamnagar,190,104,86,141,60,3,7,5,8,76.5,Acquisition,46,45.26,Yes
LA104072,Rajkot,1185,888,297,995,381,6,9,12,11,87.3,Handover,0,25.06,No
LA104073,Rajkot,1260,637,623,1446,614,9,12,28,22,63.2,Objection,74,49.44,Yes
LA104074,Jamnagar,1417,800,617,1643,77,7,9,7,29,69.6,Compensation,0,43.54,Yes
LA104075,Ahmedabad,521,159,362,634,262,3,16,18,6,42.1,Objection,17,69.48,Yes
LA104076,Jamnagar,82,29,53,54,21,5,7,0,5,57.6,Notification,0,64.63,No
LA104077,Banaskantha,1471,898,573,1893,515,7,9,0,23,78.6,Acquisition,36,38.95,Yes
LA104078,Jamnagar,922,776,146,1078,116,6,9,57,20,88.1,Acquisition,6,15.84,Yes
LA104079,Patan,408,282,126,236,35,4,5,31,11,84.7,Acquisition,2,30.88,No
LA104080,Junagadh,1158,787,371,987,99,3,11,55,19,84.4,Acquisition,45,32.04,Yes
LA104081,Surat,1361,795,566,1320,605,5,12,4,23,78.8,Acquisition,18,41.59,Yes
LA104082,Anand,463,224,239,405,46,5,13,22,10,66.1,Compensation,78,51.62,Yes
LA104083,Panchmahal,1166,638,528,765,301,4,10,1,15,77.1,Acquisition,50,45.28,Yes
LA104084,Amreli,1192,1007,185,878,284,6,11,108,10,88.3,Handover,92,15.52,Yes
LA104085,Vadodara,777,578,199,445,96,3,10,54,9,89.8,Acquisition,0,25.61,No
LA104086,Ahmedabad,967,531,436,613,186,8,10,13,14,77.8,Compensation,78,45.09,No
LA104087,Rajkot,441,327,114,348,30,3,6,0,4,87.3,Handover,26,25.85,No
LA104088,Anand,1398,748,650,1801,116,6,10,27,30,79.4,Compensation,12,46.49,Yes
LA104089,Panchmahal,1476,799,677,1511,322,8,10,0,16,75.0,Acquisition,0,45.87,Yes
LA104090,Patan,1473,1066,407,1373,434,7,15,31,16,71.5,Compensation,46,27.63,Yes
LA104091,Bhavnagar,1119,638,481,1282,510,4,6,27,18,79.8,Compensation,4,42.98,Yes
LA104092,Jamnagar,111,79,32,115,26,4,7,0,7,84.2,Acquisition,0,28.83,No
LA104093,Patan,581,569,12,388,103,1,12,31,9,88.6,Acquisition,27,2.07,No
LA104094,Bharuch,695,543,152,522,28,5,4,32,12,86.9,Handover,51,21.87,No
LA104095,Gandhinagar,1442,992,450,1082,341,6,12,5,18,85.3,Compensation,15,31.21,No
LA104096,Mehsana,843,392,451,919,167,4,15,16,16,78.4,Compensation,88,53.5,Yes
LA104097,Amreli,827,651,176,798,538,5,7,43,12,88.2,Handover,74,21.28,Yes
LA104098,Anand,262,144,118,235,59,3,8,29,11,75.1,Compensation,0,45.04,Yes
LA104099,Navsari,1201,875,326,1262,784,4,10,37,17,79.2,Handover,5,27.14,Yes
LA104100,Anand,537,177,360,764,159,9,8,27,18,54.0,Objection,13,67.04,Yes
LA104101,Panchmahal,183,129,54,152,55,4,9,0,6,79.6,Acquisition,26,29.51,No
LA104102,Mehsana,1483,1251,232,1510,156,5,6,18,30,81.6,Handover,72,15.64,No
LA104103,Kheda,325,230,95,319,52,4,9,21,8,76.2,Compensation,17,29.23,Yes
LA104104,Anand,73,33,40,87,25,4,8,37,9,71.6,Compensation,26,54.79,No
LA104105,Rajkot,162,110,52,196,104,5,5,41,7,79.0,Acquisition,47,32.1,No
LA104106,Jamnagar,706,575,131,852,158,11,6,30,11,83.4,Acquisition,5,18.56,Yes
LA104107,Anand,199,36,163,146,37,2,11,23,6,48.2,Notification,5,81.91,Yes
LA104108,Sabarkantha,1272,1083,189,1214,364,5,11,5,16,80.1,Handover,67,14.86,Yes
LA104109,Vadodara,793,464,329,1015,387,4,5,10,15,69.9,Compensation,0,41.49,Yes
LA104110,Surat,519,414,105,464,139,0,9,6,11,85.3,Acquisition,23,20.23,No
LA104111,Amreli,54,37,17,78,12,4,9,0,3,82.9,Acquisition,26,31.48,No
LA104112,Ahmedabad,746,505,241,655,350,4,9,35,8,79.2,Compensation,9,32.31,No
LA104113,Mehsana,269,90,179,268,5,7,6,33,7,56.5,Objection,7,66.54,No
LA104114,Jamnagar,1469,1323,146,1435,1076,5,5,9,28,85.9,Handover,25,9.94,Yes
LA104115,Patan,472,320,152,444,132,4,6,55,12,63.3,Acquisition,7,32.2,Yes
LA104116,Rajkot,739,668,71,969,634,7,4,26,11,80.7,Acquisition,24,9.61,Yes
LA104117,Vadodara,77,41,36,53,17,3,6,13,5,83.0,Acquisition,82,46.75,Yes
LA104118,Ahmedabad,239,162,77,254,144,2,6,29,7,76.7,Acquisition,39,32.22,No
LA104119,Bhavnagar,351,302,49,388,272,4,10,7,10,92.4,Handover,0,13.96,No
LA104120,Surat,125,78,47,165,46,0,7,32,9,81.2,Compensation,69,37.6,No
LA104121,Amreli,1103,890,213,1211,517,3,3,22,19,88.1,Handover,70,19.31,Yes
LA104122,Gandhinagar,1421,590,831,2009,927,4,7,31,33,68.8,Compensation,17,58.48,Yes
LA104123,Ahmedabad,1479,1279,200,1974,437,6,10,15,31,83.3,Handover,42,13.52,No
LA104124,Amreli,435,128,307,376,169,4,9,0,7,58.6,Objection,16,70.57,Yes
LA104125,Rajkot,1194,494,700,1581,523,5,10,14,17,53.2,Objection,0,58.63,Yes
LA104126,Rajkot,781,595,186,1103,747,1,8,116,23,80.1,Handover,40,23.82,Yes
LA104127,Surat,116,65,51,91,35,4,12,32,5,74.1,Compensation,11,43.97,Yes
LA104128,Bharuch,181,137,44,199,40,3,8,36,5,74.4,Acquisition,14,24.31,Yes
LA104129,Anand,844,353,491,678,208,6,10,18,17,72.6,Compensation,16,58.18,Yes
LA104130,Navsari,664,306,358,753,495,2,9,8,13,60.1,Objection,3,53.92,No
LA104131,Sabarkantha,62,39,23,39,5,1,3,31,7,90.3,Acquisition,31,37.1,Yes
LA104132,Kheda,1399,720,679,1694,478,8,10,26,19,71.8,Compensation,9,48.53,Yes
LA104133,Ahmedabad,1109,789,320,1029,46,5,6,27,20,87.3,Acquisition,10,28.85,Yes
LA104134,Rajkot,779,592,187,840,179,7,5,22,14,92.3,Acquisition,15,24.01,No
LA104135,Valsad,1482,1284,198,850,36,2,3,81,23,85.3,Handover,0,13.36,No
LA104136,Valsad,1459,866,593,1716,221,3,14,82,16,82.7,Acquisition,61,40.64,Yes
LA104137,Junagadh,1463,891,572,1458,724,6,13,17,21,87.6,Acquisition,86,39.1,Yes
LA104138,Amreli,425,315,110,473,131,3,8,67,12,89.5,Handover,4,25.88,Yes
LA104139,Patan,1328,1082,246,1108,230,4,5,63,17,91.2,Acquisition,19,18.52,Yes
LA104140,Navsari,782,622,160,533,84,3,12,25,18,85.8,Acquisition,0,20.46,No
LA104141,Amreli,1103,1019,84,1039,246,4,8,11,19,91.6,Handover,33,7.62,No
LA104142,Bharuch,1297,619,678,1815,509,3,15,0,25,81.0,Compensation,25,52.27,No
LA104143,Mehsana,286,190,96,216,111,2,12,24,5,62.9,Acquisition,0,33.57,No
LA104144,Banaskantha,700,342,358,811,436,3,11,7,12,69.8,Objection,0,51.14,Yes
LA104145,Morbi,237,174,63,141,68,3,7,5,3,87.4,Compensation,0,26.58,No
LA104146,Jamnagar,455,313,142,544,118,3,8,48,8,80.3,Acquisition,13,31.21,No
LA104147,Vadodara,650,346,304,497,178,5,18,18,11,86.2,Handover,0,46.77,No
LA104148,Surat,1291,304,987,1235,335,7,10,22,19,43.2,Objection,2,76.45,Yes
LA104149,Bhavnagar,1301,1145,156,1146,185,4,8,4,23,89.1,Handover,0,11.99,No
LA104150,Mehsana,615,386,229,401,119,7,13,2,7,69.3,Compensation,5,37.24,No
LA104151,Bhavnagar,527,375,152,454,158,5,8,42,7,87.4,Acquisition,11,28.84,No
LA104152,Jamnagar,820,507,313,709,78,6,12,46,16,72.3,Compensation,31,38.17,No
LA104153,Sabarkantha,1373,724,649,1400,651,7,13,58,24,61.7,Objection,65,47.27,Yes
LA104154,Mehsana,1466,805,661,2089,672,8,11,36,30,70.3,Compensation,0,45.09,Yes
LA104155,Morbi,379,246,133,369,113,5,6,2,5,72.5,Acquisition,27,35.09,Yes
LA104156,Surat,320,179,141,439,204,1,12,25,8,76.1,Acquisition,59,44.06,Yes
LA104157,Kheda,1075,509,566,1038,469,1,14,0,10,69.6,Compensation,50,52.65,Yes
LA104158,Anand,487,369,118,315,135,8,11,19,7,89.7,Handover,62,24.23,Yes
LA104159,Anand,339,152,187,257,90,6,8,39,6,80.7,Compensation,53,55.16,Yes
LA104160,Banaskantha,95,64,31,87,64,4,6,0,9,73.3,Handover,10,32.63,No
LA104161,Anand,635,287,348,535,191,2,8,38,14,58.2,Objection,83,54.8,Yes
LA104162,Anand,618,376,242,821,381,4,9,21,15,75.3,Acquisition,11,39.16,Yes
LA104163,Panchmahal,866,432,434,1005,406,5,10,34,17,56.0,Compensation,0,50.12,Yes
LA104164,Ahmedabad,340,146,194,364,197,3,8,10,11,53.4,Compensation,89,57.06,Yes
LA104165,Anand,1086,993,93,1077,43,10,9,11,20,91.6,Acquisition,5,8.56,No
LA104166,Jamnagar,1036,877,159,940,197,4,9,61,11,80.7,Acquisition,19,15.35,Yes
LA104167,Amreli,720,438,282,793,22,6,3,1,22,70.3,Compensation,2,39.17,No
LA104168,Rajkot,313,219,94,207,88,5,13,29,7,88.4,Acquisition,4,30.03,No
LA104169,Sabarkantha,785,597,188,547,166,5,10,77,3,80.6,Acquisition,42,23.95,Yes
LA104170,Sabarkantha,1029,426,603,847,21,3,9,15,9,62.1,Compensation,0,58.6,Yes
LA104171,Amreli,590,405,185,415,169,6,9,15,9,87.5,Acquisition,47,31.36,Yes
LA104172,Rajkot,432,174,258,501,91,2,4,9,12,57.2,Compensation,14,59.72,No
LA104173,Patan,784,544,240,449,45,4,8,98,10,70.5,Handover,18,30.61,Yes
LA104174,Bhavnagar,565,371,194,392,293,6,6,20,10,70.8,Acquisition,14,34.34,Yes
LA104175,Bhavnagar,631,486,145,860,70,8,6,55,20,80.0,Acquisition,48,22.98,Yes
LA104176,Ahmedabad,556,359,197,805,357,1,7,26,14,75.6,Acquisition,19,35.43,Yes
LA104177,Jamnagar,490,209,281,485,111,4,7,2,8,51.5,Objection,23,57.35,No
LA104178,Surat,1090,913,177,1085,20,7,4,28,21,88.8,Acquisition,0,16.24,No
LA104179,Bhavnagar,717,366,351,893,249,1,12,35,17,70.7,Compensation,5,48.95,No
LA104180,Gandhinagar,726,520,206,423,208,6,11,16,4,77.8,Acquisition,29,28.37,Yes
LA104181,Mehsana,997,753,244,932,322,4,10,23,13,86.8,Acquisition,10,24.47,No
LA104182,Anand,574,373,201,367,64,0,10,80,9,80.8,Compensation,10,35.02,Yes
LA104183,Mehsana,196,110,86,179,20,4,10,17,5,72.4,Compensation,20,43.88,No
LA104184,Panchmahal,1287,970,317,1847,343,6,8,12,29,91.7,Acquisition,13,24.63,No
LA104185,Bhavnagar,130,61,69,160,6,3,6,88,9,63.2,Compensation,18,53.08,Yes
LA104186,Banaskantha,879,376,503,1263,544,3,15,38,16,56.9,Objection,10,57.22,Yes
LA104187,Vadodara,435,284,151,531,138,5,7,0,8,71.4,Acquisition,0,34.71,No
LA104188,Panchmahal,360,307,53,395,90,4,13,46,9,81.9,Acquisition,0,14.72,No
LA104189,Patan,110,85,25,135,95,1,3,74,5,83.0,Handover,32,22.73,Yes
LA104190,Jamnagar,1356,1081,275,1550,493,9,8,38,16,89.5,Acquisition,16,20.28,No
LA104191,Sabarkantha,672,318,354,650,401,4,8,6,15,79.3,Compensation,13,52.68,No
LA104192,Sabarkantha,547,536,11,445,194,6,8,21,6,85.4,Acquisition,8,2.01,No
LA104193,Bhavnagar,1125,667,458,1145,690,3,5,8,22,78.4,Compensation,22,40.71,Yes
LA104194,Bharuch,106,49,57,83,24,5,5,42,10,66.3,Acquisition,56,53.77,No
LA104195,Patan,869,674,195,859,216,6,4,66,13,77.1,Acquisition,0,22.44,No
LA104196,Surat,767,161,606,523,27,5,13,0,8,47.0,Objection,5,79.01,Yes
LA104197,Mehsana,853,595,258,903,177,1,6,86,19,78.1,Acquisition,9,30.25,Yes
LA104198,Surat,229,124,105,177,7,1,7,40,6,71.4,Acquisition,29,45.85,No
LA104199,Rajkot,1432,651,781,1166,127,5,11,25,23,61.6,Compensation,41,54.54,Yes
LA104200,Gandhinagar,396,273,123,396,106,7,5,3,4,80.2,Handover,1,31.06,No
LA104201,Junagadh,1034,392,642,720,45,5,14,46,11,63.3,Objection,70,62.09,Yes
LA104202,Rajkot,1134,801,333,1606,449,5,11,34,21,83.4,Acquisition,6,29.37,No
LA104203,Morbi,549,239,310,523,87,2,10,31,5,48.1,Notification,9,56.47,No
LA104204,Navsari,239,166,73,207,96,5,10,25,4,81.8,Acquisition,12,30.54,No
LA104205,Vadodara,480,424,56,277,32,1,15,9,9,66.4,Acquisition,20,11.67,No
LA104206,Amreli,1220,898,322,1597,551,6,8,37,24,84.2,Handover,18,26.39,No
LA104207,Junagadh,1365,798,567,1520,618,6,15,53,20,82.1,Acquisition,13,41.54,Yes
LA104208,Panchmahal,1409,802,607,1303,428,5,8,45,21,74.5,Compensation,0,43.08,Yes
LA104209,Rajkot,378,151,227,291,159,3,11,11,7,71.8,Objection,14,60.05,No
LA104210,Jamnagar,930,651,279,1135,401,7,9,0,19,71.9,Handover,17,30.0,No
LA104211,Valsad,269,207,62,377,194,3,7,10,6,73.4,Acquisition,21,23.05,Yes
LA104212,Vadodara,1080,556,524,964,295,6,8,36,11,57.1,Compensation,10,48.52,No
LA104213,Valsad,653,358,295,438,85,4,10,10,12,75.5,Acquisition,13,45.18,No
LA104214,Panchmahal,1085,616,469,703,259,4,10,31,12,77.6,Acquisition,0,43.23,No
LA104215,Mehsana,1044,569,475,580,154,3,10,2,9,60.8,Objection,11,45.5,No
LA104216,Banaskantha,1490,674,816,1817,261,7,5,37,20,63.8,Compensation,5,54.77,Yes
LA104217,Anand,759,410,349,1088,600,4,12,30,22,75.0,Compensation,0,45.98,Yes
LA104218,Gandhinagar,545,302,243,787,224,2,11,0,7,77.3,Objection,1,44.59,No
LA104219,Gandhinagar,814,601,213,1022,161,4,5,11,13,68.1,Compensation,24,26.17,No
LA104220,Panchmahal,286,164,122,199,91,0,14,26,3,74.5,Acquisition,3,42.66,No
LA104221,Surat,212,175,37,303,150,5,5,21,5,85.7,Handover,74,17.45,Yes
LA104222,Banaskantha,803,477,326,679,276,4,9,15,11,67.0,Compensation,41,40.6,Yes
LA104223,Bharuch,1247,800,447,1060,443,2,7,8,11,84.1,Compensation,17,35.85,No
LA104224,Panchmahal,823,648,175,962,261,3,9,16,17,89.3,Acquisition,0,21.26,No
LA104225,Patan,1184,377,807,703,407,8,11,15,12,56.0,Objection,58,68.16,Yes
LA104226,Bharuch,308,285,23,398,118,2,3,34,5,89.0,Handover,19,7.47,No
LA104227,Ahmedabad,702,357,345,1016,267,7,5,9,20,72.5,Objection,26,49.15,Yes
LA104228,Bhavnagar,939,734,205,1171,318,2,6,72,14,85.8,Handover,14,21.83,Yes
LA104229,Bharuch,554,251,303,694,95,3,15,44,12,63.6,Notification,0,54.69,No
LA104230,Bhavnagar,70,31,39,63,10,3,6,7,2,66.4,Compensation,2,55.71,No
LA104231,Amreli,156,124,32,95,37,3,7,9,4,80.8,Handover,20,20.51,No
LA104232,Kheda,1396,1033,363,1764,617,8,9,64,26,90.1,Acquisition,26,26.0,Yes
LA104233,Jamnagar,928,466,462,1009,202,6,9,48,14,80.3,Compensation,2,49.78,Yes
LA104234,Navsari,433,244,189,593,300,3,4,0,9,65.4,Compensation,17,43.65,No
LA104235,Gandhinagar,425,251,174,278,35,3,7,53,6,78.1,Acquisition,46,40.94,No
LA104236,Gandhinagar,107,89,18,88,25,1,3,41,8,92.2,Acquisition,25,16.82,No
LA104237,Patan,1420,1027,393,1242,298,1,9,0,16,76.0,Acquisition,59,27.68,Yes
LA104238,Amreli,207,150,57,241,59,4,11,18,5,80.6,Acquisition,33,27.54,No
LA104239,Panchmahal,1151,972,179,1449,784,3,13,47,18,86.8,Handover,2,15.55,No
LA104240,Ahmedabad,398,155,243,563,187,6,8,8,11,65.2,Compensation,3,61.06,Yes
LA104241,Gandhinagar,536,492,44,437,180,5,11,26,9,90.6,Handover,19,8.21,No
LA104242,Anand,447,228,219,444,230,4,13,32,14,67.1,Compensation,31,48.99,Yes
LA104243,Valsad,1246,337,909,718,566,3,9,4,11,55.5,Objection,15,72.95,Yes
LA104244,Ahmedabad,97,40,57,75,7,5,8,9,5,77.7,Objection,0,58.76,No
LA104245,Sabarkantha,561,375,186,497,24,4,8,67,11,81.6,Acquisition,29,33.16,No
LA104246,Gandhinagar,455,289,166,493,203,3,8,0,8,82.9,Compensation,32,36.48,Yes
LA104247,Panchmahal,446,327,119,434,58,7,8,21,8,91.8,Handover,42,26.68,No
LA104248,Vadodara,329,263,66,289,106,4,11,12,5,87.7,Acquisition,5,20.06,No
LA104249,Kheda,1373,1265,108,1526,433,4,1,13,19,86.2,Handover,0,7.87,No
LA104250,Navsari,599,378,221,776,178,4,14,35,15,83.7,Acquisition,31,36.89,Yes
LA104251,Ahmedabad,656,348,308,503,123,2,6,4,12,65.4,Compensation,23,46.95,Yes
LA104252,Patan,608,308,300,522,97,5,9,126,14,69.2,Compensation,45,49.34,Yes
LA104253,Amreli,1472,899,573,1743,1165,4,9,13,18,82.6,Compensation,0,38.93,Yes
LA104254,Bhavnagar,541,392,149,676,152,12,6,0,13,93.2,Acquisition,48,27.54,No
LA104255,Junagadh,545,346,199,705,75,7,8,22,10,60.8,Compensation,6,36.51,No
LA104256,Ahmedabad,525,360,165,388,146,1,10,0,7,80.2,Acquisition,12,31.43,No
LA104257,Sabarkantha,524,270,254,543,23,1,7,12,7,66.5,Compensation,12,48.47,No
LA104258,Navsari,180,105,75,245,84,2,8,0,6,77.2,Compensation,6,41.67,No
LA104259,Sabarkantha,926,436,490,836,102,5,8,16,11,60.1,Objection,13,52.92,No
LA104260,Ahmedabad,86,57,29,81,37,2,8,10,2,84.5,Acquisition,0,33.72,No
LA104261,Jamnagar,377,339,38,542,145,2,5,45,13,82.3,Acquisition,19,10.08,No
LA104262,Kheda,343,238,105,224,20,5,11,32,5,78.9,Acquisition,27,30.61,No
LA104263,Gandhinagar,472,307,165,559,226,3,8,17,13,75.9,Acquisition,39,34.96,No
LA104264,Bhavnagar,1147,774,373,1508,679,12,11,22,26,78.3,Compensation,20,32.52,Yes
LA104265,Rajkot,919,804,115,630,200,4,9,4,5,85.7,Handover,0,12.51,No
LA104266,Junagadh,1487,1171,316,1774,712,3,8,60,20,89.9,Acquisition,10,21.25,No
LA104267,Jamnagar,559,308,251,544,137,4,8,8,10,72.5,Compensation,5,44.9,No
LA104268,Ahmedabad,1397,676,721,1841,1193,7,6,0,22,60.5,Compensation,16,51.61,Yes
LA104269,Amreli,115,74,41,157,132,1,11,49,5,69.6,Compensation,37,35.65,Yes
LA104270,Patan,781,473,308,1043,477,9,12,20,13,62.3,Compensation,1,39.44,Yes
LA104271,Sabarkantha,1209,925,284,735,230,3,9,20,15,85.7,Acquisition,25,23.49,Yes
LA104272,Mehsana,821,672,149,1011,86,2,11,25,10,90.5,Acquisition,26,18.15,No
LA104273,Kheda,1404,778,626,1937,21,8,3,76,24,59.3,Objection,24,44.59,Yes
LA104274,Amreli,506,172,334,561,27,5,11,60,9,73.7,Compensation,20,66.01,No
LA104275,Amreli,98,42,56,107,35,2,7,63,6,56.1,Objection,4,57.14,Yes
LA104276,Amreli,1172,877,295,692,294,8,7,63,17,91.5,Acquisition,0,25.17,Yes
LA104277,Jamnagar,148,63,85,195,47,5,12,71,3,56.3,Objection,33,57.43,Yes
LA104278,Gandhinagar,1159,911,248,686,378,4,7,55,13,86.3,Handover,136,21.4,Yes
LA104279,Valsad,1114,934,180,927,110,8,8,35,19,83.0,Acquisition,6,16.16,No
LA104280,Kheda,1275,298,977,1764,331,5,19,2,26,51.7,Notification,11,76.63,No
LA104281,Rajkot,744,337,407,1045,371,7,18,27,23,65.7,Objection,2,54.7,Yes
LA104282,Mehsana,1349,668,681,1946,361,5,15,44,29,71.1,Acquisition,59,50.48,Yes
LA104283,Junagadh,296,160,136,290,120,5,5,0,7,72.8,Acquisition,13,45.95,No
LA104284,Kheda,680,378,302,483,90,6,10,17,9,81.0,Acquisition,10,44.41,Yes
LA104285,Morbi,226,194,32,224,56,3,8,65,5,76.7,Handover,31,14.16,No
LA104286,Panchmahal,1162,748,414,746,161,5,9,0,16,68.6,Acquisition,0,35.63,Yes
LA104287,Jamnagar,1086,581,505,1450,173,9,14,0,25,73.7,Compensation,25,46.5,Yes
LA104288,Panchmahal,1220,741,479,1286,264,3,11,40,19,73.1,Acquisition,3,39.26,Yes
LA104289,Morbi,1159,708,451,1059,345,3,16,27,21,77.5,Compensation,17,38.91,No
LA104290,Jamnagar,497,322,175,309,86,4,6,0,6,75.5,Acquisition,0,35.21,No
LA104291,Valsad,148,32,116,135,25,3,10,22,3,44.5,Notification,5,78.38,No
LA104292,Bharuch,1398,746,652,1859,636,9,11,47,21,80.4,Acquisition,0,46.64,Yes
LA104293,Navsari,765,466,299,905,288,4,10,87,15,78.6,Compensation,78,39.08,Yes
LA104294,Morbi,186,143,43,116,42,4,7,9,14,75.6,Acquisition,0,23.12,No
LA104295,Surat,1395,845,550,968,280,6,17,68,15,86.7,Compensation,68,39.43,Yes
LA104296,Junagadh,1492,1135,357,1347,505,3,6,0,27,77.2,Acquisition,60,23.93,Yes
LA104297,Ahmedabad,696,550,146,446,143,4,2,17,10,84.8,Acquisition,58,20.98,No
LA104298,Surat,1167,796,371,1623,339,5,10,23,28,83.7,Acquisition,12,31.79,No
LA104299,Amreli,102,82,20,116,57,2,4,26,15,84.2,Acquisition,39,19.61,No
LA104300,Surat,185,136,49,118,37,5,7,49,4,83.1,Handover,59,26.49,Yes
LA104301,Gandhinagar,451,276,175,568,131,3,8,0,8,93.3,Compensation,7,38.8,No
LA104302,Mehsana,1002,732,270,883,662,2,7,24,20,88.2,Acquisition,15,26.95,Yes
LA104303,Valsad,243,110,133,187,35,2,9,34,8,62.7,Compensation,53,54.73,No
LA104304,Morbi,99,84,15,105,69,5,8,2,3,82.4,Acquisition,0,15.15,No
LA104305,Gandhinagar,1020,731,289,573,89,2,14,31,12,86.9,Acquisition,27,28.33,No
LA104306,Bharuch,1167,537,630,1131,275,5,13,10,12,61.7,Compensation,5,53.98,No
LA104307,Jamnagar,1122,353,769,1469,353,8,17,78,21,57.1,Objection,25,68.54,Yes
LA104308,Jamnagar,1209,747,462,1675,285,3,8,12,22,74.8,Compensation,5,38.21,Yes
LA104309,Anand,1214,635,579,1042,342,3,13,36,17,76.4,Compensation,19,47.69,Yes
LA104310,Mehsana,924,679,245,1042,221,4,6,30,11,75.0,Acquisition,3,26.52,No
LA104311,Amreli,803,545,258,606,151,2,7,79,12,83.6,Compensation,35,32.13,No
LA104312,Vadodara,1293,665,628,1363,454,10,9,23,12,75.6,Compensation,97,48.57,Yes
LA104313,Mehsana,554,517,37,431,342,6,5,175,8,91.8,Handover,0,6.68,Yes
LA104314,Sabarkantha,192,49,143,204,15,2,7,6,12,53.2,Notification,1,74.48,No
LA104315,Valsad,1141,768,373,804,109,3,8,95,11,76.9,Compensation,43,32.69,Yes
LA104316,Sabarkantha,450,265,185,629,86,5,5,9,10,85.2,Compensation,5,41.11,Yes
LA104317,Ahmedabad,1470,1250,220,1982,772,9,7,46,26,92.8,Acquisition,19,14.97,Yes
LA104318,Rajkot,650,487,163,555,144,3,11,0,12,76.5,Acquisition,9,25.08,Yes
LA104319,Mehsana,1285,715,570,1605,618,8,7,21,27,74.5,Compensation,12,44.36,Yes
LA104320,Surat,111,52,59,71,9,3,10,22,5,71.3,Compensation,0,53.15,No
LA104321,Kheda,1006,684,322,1224,361,7,8,6,21,90.4,Acquisition,0,32.01,No
LA104322,Amreli,700,465,235,563,252,1,10,23,8,79.0,Acquisition,36,33.57,No
LA104323,Junagadh,721,535,186,485,71,5,5,24,8,67.9,Acquisition,21,25.8,No
LA104324,Surat,434,332,102,504,329,2,9,71,7,77.9,Acquisition,11,23.5,No
LA104325,Rajkot,1459,1347,112,1419,173,3,7,17,16,91.4,Acquisition,3,7.68,No
LA104326,Junagadh,619,385,234,636,292,2,9,6,8,84.4,Acquisition,52,37.8,Yes
LA104327,Ahmedabad,1284,857,427,1308,290,9,4,4,17,68.7,Compensation,38,33.26,Yes
LA104328,Panchmahal,666,514,152,402,181,4,4,49,7,79.3,Acquisition,91,22.82,Yes
LA104329,Patan,120,69,51,72,15,4,12,41,3,67.5,Objection,38,42.5,No
LA104330,Patan,1326,847,479,1447,386,7,9,30,17,81.9,Compensation,15,36.12,Yes
LA104331,Amreli,318,284,34,353,129,5,7,20,5,90.4,Handover,0,10.69,No
LA104332,Rajkot,442,270,172,262,53,3,10,38,8,79.8,Acquisition,21,38.91,No
LA104333,Gandhinagar,1299,922,377,1157,122,1,9,2,12,76.6,Acquisition,24,29.02,No
LA104334,Rajkot,1346,1014,332,1483,178,7,6,17,15,90.1,Handover,21,24.67,No
LA104335,Valsad,1380,839,541,1575,60,6,15,12,22,82.3,Acquisition,28,39.2,Yes
LA104336,Jamnagar,668,400,268,865,186,2,5,0,10,76.2,Acquisition,14,40.12,No
LA104337,Amreli,1148,1037,111,1066,352,6,4,8,18,82.3,Acquisition,0,9.67,No
LA104338,Rajkot,525,80,445,548,99,2,10,27,7,42.2,Objection,23,84.76,Yes
LA104339,Morbi,1124,989,135,1203,342,5,16,7,21,89.1,Handover,2,12.01,No
LA104340,Banaskantha,779,488,291,647,362,6,11,41,7,67.3,Compensation,8,37.36,Yes
LA104341,Gandhinagar,125,95,30,75,5,1,5,0,3,89.1,Acquisition,13,24.0,No
LA104342,Anand,656,486,170,363,144,2,14,61,9,90.5,Acquisition,103,25.91,Yes
LA104343,Bharuch,728,397,331,948,176,5,8,14,20,79.0,Compensation,5,45.47,Yes
LA104344,Banaskantha,423,335,88,309,42,2,6,11,5,78.4,Acquisition,83,20.8,Yes
LA104345,Bharuch,593,268,325,663,186,5,10,19,12,69.9,Compensation,52,54.81,Yes
LA104346,Mehsana,779,279,500,833,398,5,14,0,26,76.0,Compensation,6,64.18,Yes
LA104347,Banaskantha,122,70,52,111,38,4,3,46,6,67.3,Compensation,72,42.62,Yes
LA104348,Rajkot,270,134,136,351,32,1,7,26,14,75.4,Acquisition,72,50.37,Yes
LA104349,Patan,1162,771,391,1369,387,9,11,40,16,79.4,Acquisition,44,33.65,Yes
LA104350,Sabarkantha,560,323,237,319,88,1,9,57,9,82.8,Acquisition,37,42.32,Yes
LA104351,Patan,932,433,499,1164,473,0,12,22,25,65.5,Compensation,28,53.54,Yes
LA104352,Surat,870,449,421,875,410,6,4,27,13,64.2,Compensation,70,48.39,Yes
LA104353,Jamnagar,849,439,410,732,129,2,6,5,8,62.5,Compensation,62,48.29,Yes
LA104354,Kheda,649,567,82,782,260,6,6,0,13,85.4,Handover,29,12.63,No
LA104355,Vadodara,751,577,174,877,216,4,7,28,14,88.0,Acquisition,38,23.17,No
LA104356,Patan,1245,815,430,1033,258,2,13,11,19,76.6,Handover,3,34.54,No
LA104357,Surat,1450,1040,410,2080,326,16,6,64,31,85.5,Acquisition,156,28.28,Yes
LA104358,Kheda,422,361,61,478,177,4,10,29,9,87.5,Handover,0,14.45,Yes
LA104359,Vadodara,1021,561,460,1118,149,0,8,23,12,78.3,Compensation,0,45.05,No
LA104360,Panchmahal,1457,991,466,893,139,3,11,9,15,83.9,Acquisition,22,31.98,Yes
LA104361,Mehsana,61,49,12,49,25,4,7,19,3,90.8,Handover,10,19.67,No
LA104362,Anand,1188,776,412,1131,453,3,18,0,16,85.7,Compensation,41,34.68,No
LA104363,Sabarkantha,770,526,244,861,293,3,9,8,13,67.4,Acquisition,23,31.69,Yes
LA104364,Ahmedabad,1453,792,661,1470,473,5,12,21,22,64.6,Objection,36,45.49,Yes
LA104365,Patan,889,581,308,1099,493,6,8,67,10,88.7,Compensation,9,34.65,Yes
LA104366,Panchmahal,1266,1036,230,995,348,3,10,9,11,88.8,Acquisition,0,18.17,No
LA104367,Banaskantha,290,144,146,343,69,5,8,35,5,51.1,Objection,9,50.34,Yes
LA104368,Navsari,256,153,103,329,107,6,7,74,7,79.0,Compensation,6,40.23,Yes
LA104369,Amreli,1394,1237,157,1727,620,6,9,25,33,86.4,Handover,26,11.26,No
LA104370,Panchmahal,813,498,315,1011,301,6,7,32,20,71.4,Acquisition,9,38.75,Yes
LA104371,Bhavnagar,860,700,160,1161,145,7,3,20,17,90.3,Handover,17,18.6,No
LA104372,Bhavnagar,296,244,52,185,67,5,10,31,5,82.2,Handover,39,17.57,No
LA104373,Sabarkantha,378,305,73,445,221,4,4,8,15,89.6,Handover,48,19.31,No
LA104374,Surat,1237,979,258,1759,435,6,12,4,21,86.5,Acquisition,12,20.86,No
LA104375,Vadodara,490,330,160,522,369,5,9,27,14,78.4,Acquisition,0,32.65,No
LA104376,Anand,897,557,340,669,71,2,5,55,10,90.5,Compensation,26,37.9,No
LA104377,Valsad,509,181,328,737,244,7,7,0,14,46.5,Objection,0,64.44,Yes
LA104378,Surat,432,339,93,306,64,3,6,0,4,87.2,Handover,7,21.53,No
LA104379,Anand,290,198,92,247,91,2,10,0,2,83.5,Acquisition,0,31.72,No
LA104380,Junagadh,1398,720,678,985,172,3,7,45,11,88.1,Acquisition,12,48.5,No
LA104381,Rajkot,1414,1084,330,1369,497,9,5,38,15,82.1,Handover,14,23.34,Yes
LA104382,Morbi,217,137,80,201,103,4,9,43,5,83.2,Acquisition,56,36.87,No
LA104383,Panchmahal,562,237,325,558,117,5,11,0,14,66.5,Compensation,44,57.83,No
LA104384,Valsad,868,450,418,1202,518,9,6,43,21,76.3,Compensation,58,48.16,Yes
LA104385,Rajkot,606,260,346,594,54,8,8,9,11,74.8,Compensation,8,57.1,No
LA104386,Panchmahal,1096,533,563,1110,284,5,5,52,15,57.9,Compensation,20,51.37,Yes
LA104387,Surat,427,418,9,576,72,4,5,0,15,90.0,Handover,12,2.11,No
LA104388,Ahmedabad,135,97,38,174,59,4,5,16,4,89.0,Acquisition,0,28.15,No
LA104389,Patan,538,409,129,412,73,6,5,47,14,79.7,Acquisition,21,23.98,No
LA104390,Junagadh,917,382,535,515,292,3,14,1,11,56.6,Objection,32,58.34,No
LA104391,Valsad,312,198,114,348,64,3,12,31,9,73.2,Acquisition,25,36.54,No
LA104392,Surat,1233,801,432,1616,529,4,6,64,18,77.7,Compensation,38,35.04,Yes
LA104393,Vadodara,67,35,32,70,13,1,10,0,8,58.0,Compensation,8,47.76,No
LA104394,Gandhinagar,147,74,73,109,44,3,8,15,4,75.0,Compensation,0,49.66,No
LA104395,Gandhinagar,788,518,270,959,209,6,7,34,14,76.9,Compensation,39,34.26,No
LA104396,Banaskantha,793,735,58,914,348,6,6,15,17,92.1,Handover,73,7.31,No
LA104397,Rajkot,477,399,78,505,29,2,9,6,6,87.8,Acquisition,1,16.35,No
LA104398,Surat,425,170,255,564,71,2,5,22,9,51.2,Objection,7,60.0,No
LA104399,Patan,151,128,23,190,98,2,6,2,9,94.4,Handover,78,15.23,No
LA104400,Sabarkantha,1011,698,313,1164,179,8,9,0,16,84.1,Acquisition,11,30.96,No
LA104401,Junagadh,599,333,266,688,154,6,12,8,12,71.8,Acquisition,90,44.41,Yes
LA104402,Bhavnagar,222,123,99,254,94,1,12,0,8,82.6,Objection,6,44.59,No
LA104403,Kheda,630,392,238,644,169,2,6,4,11,70.0,Acquisition,48,37.78,No
LA104404,Jamnagar,1409,752,657,1363,268,4,11,2,20,54.0,Compensation,7,46.63,Yes
LA104405,Patan,429,219,210,510,110,6,9,0,9,61.6,Compensation,1,48.95,No
LA104406,Vadodara,1348,695,653,1482,235,6,6,28,15,64.7,Compensation,52,48.44,Yes
LA104407,Panchmahal,425,331,94,421,253,2,9,95,11,83.4,Acquisition,0,22.12,Yes
LA104408,Sabarkantha,319,67,252,212,58,3,16,73,11,56.3,Notification,71,79.0,Yes
LA104409,Bhavnagar,428,285,143,506,112,3,11,3,8,83.3,Acquisition,0,33.41,No
LA104410,Bharuch,519,384,135,587,113,0,13,0,7,86.1,Handover,21,26.01,No
LA104411,Jamnagar,225,117,108,193,162,4,11,0,9,80.8,Compensation,10,48.0,No
LA104412,Banaskantha,902,572,330,785,189,7,8,14,12,74.2,Compensation,0,36.59,Yes
LA104413,Anand,533,203,330,412,127,1,13,54,6,69.5,Acquisition,43,61.91,Yes
LA104414,Kheda,1091,756,335,1545,368,6,7,0,32,74.7,Compensation,6,30.71,Yes
LA104415,Junagadh,762,589,173,1009,159,7,8,30,23,86.3,Acquisition,4,22.7,No
LA104416,Bhavnagar,692,482,210,730,313,6,14,48,14,83.2,Acquisition,10,30.35,No
LA104417,Junagadh,733,604,129,668,357,5,7,47,14,86.1,Handover,50,17.6,Yes
LA104418,Patan,276,234,42,335,110,3,7,108,5,94.0,Handover,24,15.22,No
LA104419,Patan,1084,721,363,1111,371,7,14,26,15,74.2,Acquisition,22,33.49,Yes
LA104420,Bharuch,201,111,90,287,61,4,8,40,9,65.8,Compensation,70,44.78,Yes
LA104421,Amreli,1096,745,351,657,94,3,6,22,16,87.7,Handover,0,32.03,No
LA104422,Gandhinagar,1500,1177,323,871,370,1,11,36,16,75.1,Compensation,5,21.53,Yes
LA104423,Kheda,1158,759,399,1230,229,9,9,5,31,66.2,Compensation,11,34.46,Yes
LA104424,Anand,710,493,217,520,122,4,4,59,12,77.3,Compensation,3,30.56,No
LA104425,Morbi,506,358,148,554,95,3,6,0,10,81.0,Acquisition,76,29.25,No
LA104426,Banaskantha,1316,1051,265,1649,520,6,7,16,29,83.9,Acquisition,3,20.14,No
LA104427,Navsari,423,233,190,285,153,2,6,4,11,56.6,Objection,43,44.92,Yes
LA104428,Sabarkantha,749,650,99,709,186,3,4,27,12,79.7,Acquisition,0,13.22,No
LA104429,Sabarkantha,1168,821,347,1366,152,10,13,0,19,86.9,Acquisition,15,29.71,No
LA104430,Navsari,1388,935,453,1805,630,3,10,46,35,69.7,Handover,17,32.64,Yes
LA104431,Navsari,1386,911,475,1381,276,3,8,0,14,78.6,Compensation,37,34.27,No
LA104432,Kheda,177,98,79,130,48,2,10,60,4,83.2,Compensation,73,44.63,Yes
LA104433,Banaskantha,1353,921,432,1457,316,8,12,7,20,72.3,Compensation,27,31.93,No
LA104434,Anand,215,153,62,206,38,1,9,77,3,69.2,Compensation,12,28.84,No
LA104435,Morbi,898,630,268,1118,504,5,10,85,17,72.9,Compensation,31,29.84,Yes
LA104436,Morbi,1398,805,593,1468,432,4,15,18,19,71.9,Compensation,0,42.42,Yes
LA104437,Rajkot,1000,575,425,801,44,5,14,15,16,66.7,Compensation,24,42.5,Yes
LA104438,Patan,1424,1230,194,1750,667,7,12,55,25,90.3,Handover,17,13.62,Yes
LA104439,Amreli,549,445,104,558,88,4,14,30,8,86.5,Handover,0,18.94,No
LA104440,Mehsana,506,422,84,359,125,5,11,158,8,82.7,Acquisition,37,16.6,Yes
LA104441,Ahmedabad,523,406,117,553,62,2,8,23,15,80.1,Acquisition,7,22.37,No
LA104442,Valsad,565,254,311,793,234,4,11,40,7,64.1,Objection,9,55.04,No
LA104443,Jamnagar,1040,606,434,1232,791,6,6,106,23,70.7,Acquisition,9,41.73,Yes
LA104444,Kheda,706,223,483,578,99,4,15,12,13,51.2,Objection,57,68.41,Yes
LA104445,Valsad,1120,644,476,1333,355,2,9,26,24,68.8,Compensation,26,42.5,Yes
LA104446,Rajkot,653,231,422,525,339,6,9,55,10,67.2,Objection,31,64.62,Yes
LA104447,Bharuch,496,460,36,515,116,6,12,29,8,84.9,Acquisition,10,7.26,No
LA104448,Bharuch,325,173,152,333,145,2,7,14,4,73.5,Acquisition,0,46.77,Yes
LA104449,Vadodara,849,571,278,656,340,6,8,47,12,83.9,Acquisition,13,32.74,No
LA104450,Sabarkantha,1353,758,595,1168,553,3,13,53,18,68.2,Compensation,9,43.98,Yes
LA104451,Amreli,1296,690,606,1812,321,4,10,6,29,79.0,Compensation,0,46.76,Yes
LA104452,Junagadh,417,224,193,323,189,3,9,40,10,69.9,Objection,3,46.28,Yes
LA104453,Anand,743,486,257,944,468,5,13,4,14,76.0,Acquisition,44,34.59,Yes
LA104454,Surat,1073,916,157,1235,111,7,7,116,24,80.7,Handover,0,14.63,Yes
LA104455,Valsad,938,775,163,966,258,3,8,33,13,92.0,Acquisition,12,17.38,No
LA104456,Kheda,147,105,42,99,56,2,7,23,6,86.6,Acquisition,0,28.57,Yes
LA104457,Sabarkantha,907,605,302,666,185,2,5,30,14,89.0,Acquisition,48,33.3,No
LA104458,Anand,106,93,13,75,15,3,7,10,5,78.4,Acquisition,97,12.26,No
LA104459,Mehsana,219,162,57,236,39,4,12,30,11,84.8,Compensation,25,26.03,No
LA104460,Navsari,998,559,439,1423,199,6,7,0,16,68.2,Compensation,69,43.99,Yes
LA104461,Anand,198,121,77,265,153,0,8,62,7,86.2,Handover,6,38.89,Yes
LA104462,Gandhinagar,541,391,150,310,171,5,6,12,7,79.0,Acquisition,11,27.73,No
LA104463,Patan,903,598,305,719,296,3,7,21,12,83.6,Acquisition,0,33.78,No
LA104464,Vadodara,1001,795,206,692,195,6,5,28,10,76.9,Acquisition,37,20.58,Yes
LA104465,Panchmahal,696,503,193,994,286,3,11,0,14,79.5,Acquisition,6,27.73,No
LA104466,Anand,186,112,74,142,62,3,5,24,5,71.5,Acquisition,78,39.78,No
LA104467,Bharuch,1209,561,648,884,103,6,11,35,17,72.2,Compensation,0,53.6,Yes
LA104468,Gandhinagar,1428,779,649,1583,676,6,9,8,33,68.5,Compensation,9,45.45,Yes
LA104469,Amreli,1339,868,471,1407,729,8,10,76,15,78.9,Acquisition,2,35.18,Yes
LA104470,Banaskantha,1136,751,385,856,430,4,13,66,12,77.0,Acquisition,56,33.89,Yes
LA104471,Panchmahal,633,358,275,730,320,5,8,30,10,87.4,Compensation,87,43.44,Yes
LA104472,Valsad,1321,440,881,842,249,5,12,35,15,56.5,Notification,39,66.69,Yes
LA104473,Vadodara,758,559,199,430,139,3,6,45,10,89.7,Compensation,44,26.25,Yes
LA104474,Amreli,248,102,146,155,43,2,3,0,5,50.8,Objection,16,58.87,No
LA104475,Surat,1284,293,991,1128,427,6,18,8,21,56.2,Objection,44,77.18,Yes
LA104476,Morbi,514,266,248,734,147,3,9,25,14,52.3,Compensation,30,48.25,Yes
LA104477,Banaskantha,1412,1174,238,1472,505,5,12,78,34,82.4,Acquisition,23,16.86,Yes
LA104478,Gandhinagar,584,113,471,718,270,7,7,93,13,44.5,Objection,57,80.65,Yes
LA104479,Navsari,1311,1072,239,1100,217,4,7,50,17,69.9,Handover,0,18.23,No
LA104480,Mehsana,829,600,229,993,218,5,3,16,14,81.7,Acquisition,1,27.62,Yes
LA104481,Bharuch,728,540,188,1033,194,7,8,41,12,86.5,Acquisition,28,25.82,No
LA104482,Navsari,480,260,220,419,105,2,7,98,4,61.8,Objection,17,45.83,Yes
LA104483,Navsari,1262,1077,185,1829,776,7,8,3,22,91.9,Handover,9,14.66,Yes
LA104484,Gandhinagar,137,81,56,154,50,6,8,32,9,70.5,Objection,20,40.88,Yes
LA104485,Sabarkantha,730,229,501,893,188,9,12,6,9,56.3,Objection,0,68.63,Yes
LA104486,Patan,585,377,208,455,120,2,6,47,6,80.6,Acquisition,2,35.56,No
LA104487,Morbi,838,644,194,946,83,7,8,126,15,84.7,Handover,27,23.15,Yes
LA104488,Vadodara,419,284,135,423,273,0,12,19,11,72.0,Compensation,11,32.22,Yes
LA104489,Jamnagar,1014,674,340,1431,369,6,8,9,17,65.3,Compensation,41,33.53,Yes
LA104490,Surat,609,369,240,831,343,5,7,28,11,77.3,Acquisition,37,39.41,Yes
LA104491,Gandhinagar,322,255,67,292,69,4,8,20,8,89.3,Handover,0,20.81,No
LA104492,Sabarkantha,335,196,139,470,169,4,5,28,9,77.1,Compensation,46,41.49,Yes
LA104493,Bharuch,1060,831,229,1427,535,5,7,42,19,79.4,Compensation,47,21.6,Yes
LA104494,Bhavnagar,430,305,125,465,158,1,5,17,12,85.4,Compensation,2,29.07,No
LA104495,Anand,495,316,179,309,64,3,11,14,9,81.4,Handover,96,36.16,No
LA104496,Gandhinagar,959,611,348,666,529,4,9,38,17,75.4,Acquisition,0,36.29,Yes
LA104497,Ahmedabad,528,274,254,327,87,5,11,0,6,80.5,Compensation,37,48.11,No
LA104498,Vadodara,613,412,201,397,23,5,6,0,13,74.2,Compensation,7,32.79,No
LA104499,Junagadh,404,287,117,577,188,3,4,29,7,85.6,Handover,28,28.96,No
LA104500,Kheda,551,530,21,408,312,3,7,16,12,80.4,Handover,45,3.81,No
LA104501,Navsari,1055,504,551,1236,287,8,13,25,13,67.0,Compensation,37,52.23,Yes
LA104502,Rajkot,824,512,312,925,145,6,7,35,18,77.0,Compensation,59,37.86,Yes
LA104503,Kheda,1497,1311,186,1674,329,8,7,0,19,88.5,Handover,19,12.42,No
LA104504,Bharuch,1169,738,431,860,214,0,4,23,10,68.3,Compensation,56,36.87,Yes
LA104505,Banaskantha,74,66,8,79,34,2,4,40,3,89.8,Acquisition,19,10.81,No
LA104506,Valsad,599,372,227,667,58,5,10,52,13,77.1,Acquisition,8,37.9,No
LA104507,Bharuch,470,275,195,500,182,4,5,14,12,81.6,Compensation,109,41.49,Yes
LA104508,Surat,902,868,34,647,275,6,5,24,16,81.3,Handover,21,3.77,Yes
LA104509,Kheda,435,352,83,522,118,4,8,10,3,87.0,Acquisition,2,19.08,Yes
LA104510,Sabarkantha,1451,1044,407,894,246,4,10,65,24,81.4,Acquisition,1,28.05,No
LA104511,Rajkot,484,394,90,524,304,2,10,17,13,84.7,Handover,24,18.6,No
LA104512,Jamnagar,807,392,415,761,359,2,12,39,12,74.0,Compensation,44,51.43,Yes
LA104513,Mehsana,228,138,90,177,40,2,10,52,11,77.4,Acquisition,1,39.47,No
LA104514,Morbi,1370,653,717,1749,698,5,15,22,29,70.8,Compensation,28,52.34,Yes
LA104515,Surat,1373,996,377,973,406,4,6,10,13,82.5,Acquisition,67,27.46,No
LA104516,Amreli,1201,745,456,1669,852,6,6,18,26,87.0,Acquisition,16,37.97,Yes
LA104517,Patan,560,357,203,754,229,4,10,37,10,69.9,Compensation,99,36.25,Yes
LA104518,Banaskantha,135,74,61,118,41,0,4,0,5,56.7,Objection,49,45.19,No
LA104519,Anand,1081,847,234,891,468,3,11,26,19,78.9,Handover,25,21.65,No
LA104520,Gandhinagar,672,545,127,453,135,3,9,0,10,87.8,Handover,79,18.9,No
LA104521,Morbi,1487,1232,255,2044,479,9,10,20,19,91.7,Handover,7,17.15,No
LA104522,Amreli,1063,581,482,1185,159,10,9,2,18,71.5,Acquisition,5,45.34,No
LA104523,Panchmahal,831,658,173,481,215,5,6,5,8,86.0,Handover,10,20.82,No
LA104524,Ahmedabad,1481,930,551,1496,350,9,9,69,21,76.1,Acquisition,21,37.2,Yes
LA104525,Banaskantha,1211,592,619,760,335,10,5,11,11,79.5,Compensation,6,51.11,Yes
LA104526,Mehsana,715,305,410,762,404,6,7,39,16,62.3,Objection,14,57.34,No
LA104527,Gandhinagar,77,50,27,78,21,2,8,0,0,70.1,Acquisition,13,35.06,No
LA104528,Amreli,184,82,102,115,17,5,6,23,6,68.5,Objection,43,55.43,No
LA104529,Kheda,693,309,384,890,249,5,7,11,11,69.0,Compensation,40,55.41,Yes
LA104530,Gandhinagar,865,337,528,680,436,2,8,14,16,55.1,Objection,3,61.04,Yes
LA104531,Patan,93,46,47,96,26,5,4,39,8,83.0,Compensation,38,50.54,Yes
LA104532,Ahmedabad,233,186,47,262,75,1,5,31,9,84.0,Compensation,44,20.17,Yes
LA104533,Banaskantha,1071,896,175,1517,765,3,7,74,30,88.3,Handover,17,16.34,Yes
LA104534,Patan,1140,948,192,1134,60,5,8,38,21,85.1,Handover,0,16.84,No
LA104535,Vadodara,93,52,41,128,19,5,10,55,8,66.7,Compensation,11,44.09,No
LA104536,Morbi,786,461,325,683,206,5,12,9,6,79.1,Acquisition,0,41.35,No
LA104537,Vadodara,167,73,94,221,54,3,6,12,5,69.1,Compensation,50,56.29,No
LA104538,Junagadh,1099,920,179,838,256,2,11,8,12,89.2,Handover,67,16.29,No
LA104539,Ahmedabad,1260,1084,176,1495,201,9,7,0,29,89.8,Handover,0,13.97,No
LA104540,Kheda,1311,496,815,826,228,4,13,9,15,62.5,Objection,52,62.17,Yes
LA104541,Gandhinagar,917,338,579,1318,588,8,13,4,19,62.8,Objection,0,63.14,Yes
LA104542,Valsad,962,596,366,1355,89,3,10,27,19,74.5,Compensation,115,38.05,Yes
LA104543,Mehsana,1394,1117,277,1322,333,5,10,31,20,89.7,Acquisition,29,19.87,No
LA104544,Panchmahal,938,754,184,958,103,7,9,22,14,82.7,Handover,52,19.62,No
LA104545,Junagadh,697,577,120,758,111,4,5,26,15,87.3,Compensation,2,17.22,No
LA104546,Amreli,1144,710,434,912,280,7,7,30,18,75.2,Acquisition,0,37.94,Yes
LA104547,Junagadh,907,610,297,1049,574,6,6,10,20,69.7,Acquisition,10,32.75,Yes
LA104548,Jamnagar,1272,875,397,1499,310,6,18,41,26,83.8,Acquisition,0,31.21,No
LA104549,Vadodara,811,474,337,829,473,6,5,30,10,74.0,Compensation,35,41.55,No
LA104550,Anand,1310,674,636,895,174,4,7,25,11,57.0,Objection,0,48.55,No
LA104551,Patan,115,94,21,158,60,0,6,18,10,83.5,Handover,19,18.26,No
LA104552,Amreli,102,59,43,67,19,5,4,36,7,61.7,Compensation,10,42.16,Yes
LA104553,Banaskantha,193,131,62,215,19,3,6,57,7,81.6,Acquisition,76,32.12,Yes
LA104554,Bhavnagar,857,359,498,551,213,7,8,7,12,55.3,Objection,0,58.11,Yes
LA104555,Sabarkantha,1078,678,400,735,486,0,4,24,12,83.1,Acquisition,0,37.11,Yes
LA104556,Patan,363,318,45,206,21,3,6,0,7,89.5,Acquisition,14,12.4,No
LA104557,Ahmedabad,275,151,124,241,51,4,5,39,9,73.3,Compensation,24,45.09,No
LA104558,Valsad,1298,485,813,1461,381,3,13,33,26,70.1,Compensation,2,62.63,Yes
LA104559,Bhavnagar,1139,705,434,1161,134,7,10,54,17,78.3,Compensation,15,38.1,Yes
LA104560,Rajkot,990,509,481,1146,184,3,13,0,16,72.5,Objection,15,48.59,Yes
LA104561,Morbi,758,320,438,877,325,0,10,3,13,81.0,Acquisition,0,57.78,Yes
LA104562,Ahmedabad,659,496,163,446,154,4,5,30,10,91.7,Handover,0,24.73,No
LA104563,Panchmahal,79,57,22,48,18,3,3,9,4,76.1,Acquisition,0,27.85,No
LA104564,Morbi,322,147,175,358,85,3,7,44,10,55.6,Objection,7,54.35,Yes
LA104565,Navsari,1351,957,394,1537,857,7,9,35,19,78.7,Acquisition,17,29.16,Yes
LA104566,Jamnagar,541,341,200,569,161,5,6,45,13,62.3,Acquisition,25,36.97,No
LA104567,Navsari,1072,516,556,827,386,2,5,20,13,67.0,Acquisition,7,51.87,Yes
LA104568,Anand,1071,500,571,1371,449,7,9,13,25,70.9,Objection,32,53.31,Yes
LA104569,Amreli,498,419,79,308,105,3,3,44,6,90.1,Acquisition,9,15.86,No
LA104570,Vadodara,346,244,102,387,223,2,6,15,11,78.9,Handover,14,29.48,Yes
LA104571,Sabarkantha,1053,590,463,693,143,4,8,0,9,80.5,Compensation,46,43.97,No
LA104572,Navsari,185,133,52,211,81,4,6,0,4,85.1,Acquisition,42,28.11,No
LA104573,Morbi,767,494,273,710,144,2,8,13,12,71.7,Compensation,17,35.59,No
LA104574,Rajkot,1338,852,486,1601,295,3,8,10,29,73.4,Compensation,3,36.32,No
LA104575,Junagadh,1082,586,496,646,313,5,11,11,9,60.5,Compensation,57,45.84,Yes
LA104576,Kheda,1158,710,448,1215,248,9,15,13,11,79.9,Acquisition,12,38.69,Yes
LA104577,Amreli,170,98,72,116,25,4,11,27,1,83.6,Compensation,85,42.35,Yes
LA104578,Junagadh,339,126,213,395,59,4,10,0,7,59.9,Compensation,0,62.83,Yes
LA104579,Navsari,449,356,93,295,121,4,9,19,7,82.3,Acquisition,22,20.71,No
LA104580,Bharuch,474,327,147,292,102,3,7,38,7,71.3,Compensation,25,31.01,No
LA104581,Bhavnagar,331,153,178,394,85,2,7,0,13,61.5,Objection,0,53.78,No
LA104582,Banaskantha,1460,1160,300,886,223,6,10,32,13,76.5,Acquisition,45,20.55,Yes
LA104583,Mehsana,289,185,104,217,15,6,9,37,4,77.8,Compensation,27,35.99,No
LA104584,Morbi,1077,642,435,1392,259,10,14,11,27,76.9,Acquisition,18,40.39,Yes
LA104585,Junagadh,901,590,311,1152,137,6,7,15,15,90.5,Acquisition,17,34.52,No
LA104586,Amreli,935,457,478,1233,418,6,14,26,25,63.1,Compensation,10,51.12,Yes
LA104587,Amreli,361,205,156,304,93,3,8,112,11,59.8,Compensation,2,43.21,Yes
LA104588,Junagadh,496,322,174,509,354,3,7,78,17,65.5,Compensation,9,35.08,Yes
LA104589,Amreli,930,809,121,1159,333,9,5,0,20,87.5,Acquisition,12,13.01,No
LA104590,Valsad,484,415,69,326,34,6,9,12,11,91.5,Acquisition,0,14.26,No
LA104591,Banaskantha,1057,598,459,1270,541,6,10,54,17,54.8,Objection,4,43.42,Yes
LA104592,Rajkot,107,69,38,68,32,1,6,55,4,85.6,Compensation,18,35.51,Yes
LA104593,Kheda,155,111,44,213,45,5,2,25,3,72.4,Acquisition,9,28.39,No
LA104594,Morbi,1107,561,546,1244,545,6,11,13,18,61.5,Objection,33,49.32,No
LA104595,Morbi,944,776,168,938,235,3,7,58,13,90.9,Handover,26,17.8,No
LA104596,Sabarkantha,112,64,48,110,23,4,13,21,3,83.3,Acquisition,0,42.86,No
LA104597,Navsari,1354,1050,304,966,161,5,3,6,20,85.5,Handover,7,22.45,No
LA104598,Patan,57,48,9,49,14,2,10,14,7,83.7,Handover,3,15.79,No
LA104599,Panchmahal,1436,811,625,1730,534,6,15,19,25,88.8,Acquisition,11,43.52,Yes
LA104600,Bhavnagar,1108,680,428,1149,412,4,14,9,20,66.5,Compensation,7,38.63,Yes
LA104601,Bhavnagar,1483,655,828,1522,731,6,17,0,20,79.0,Compensation,15,55.83,Yes
LA104602,Valsad,1426,547,879,1035,477,3,8,0,14,65.7,Objection,9,61.64,Yes
LA104603,Surat,504,274,230,590,476,6,8,7,14,68.3,Compensation,49,45.63,No
LA104604,Junagadh,1147,903,244,1036,342,11,5,66,14,75.2,Acquisition,24,21.27,Yes
LA104605,Jamnagar,356,191,165,254,11,5,10,28,5,68.0,Compensation,32,46.35,No
LA104606,Ahmedabad,734,445,289,1027,538,2,9,18,17,68.8,Acquisition,112,39.37,Yes
LA104607,Junagadh,398,101,297,400,51,11,10,28,11,49.3,Objection,3,74.62,Yes
LA104608,Surat,755,298,457,774,157,4,9,36,10,55.6,Compensation,23,60.53,Yes
LA104609,Gandhinagar,1315,634,681,1885,372,10,12,16,32,62.3,Compensation,71,51.79,Yes
LA104610,Panchmahal,682,369,313,600,135,6,8,98,10,52.3,Compensation,17,45.89,Yes
LA104611,Amreli,184,73,111,257,109,5,9,44,2,60.7,Objection,74,60.33,Yes
LA104612,Vadodara,521,323,198,612,14,5,11,16,16,80.5,Acquisition,8,38.0,No
LA104613,Amreli,1191,1036,155,1334,357,3,7,14,25,87.4,Acquisition,75,13.01,No
LA104614,Bhavnagar,807,586,221,614,322,5,9,31,17,86.4,Handover,3,27.39,No
LA104615,Mehsana,862,564,298,514,206,1,7,5,9,76.5,Acquisition,2,34.57,No
LA104616,Anand,675,382,293,637,144,6,13,55,9,65.5,Compensation,69,43.41,Yes
LA104617,Vadodara,474,309,165,265,181,3,7,31,5,83.2,Acquisition,29,34.81,Yes
LA104618,Bharuch,917,390,527,563,262,4,8,15,19,75.4,Objection,0,57.47,Yes
LA104619,Panchmahal,968,853,115,1051,110,7,9,30,16,88.4,Handover,2,11.88,No
LA104620,Sabarkantha,1353,757,596,1626,479,5,13,0,23,67.8,Acquisition,2,44.05,Yes
LA104621,Bhavnagar,946,470,476,663,167,2,10,8,7,74.8,Compensation,46,50.32,No
LA104622,Jamnagar,1493,1142,351,1805,55,4,3,34,27,80.5,Acquisition,0,23.51,No
LA104623,Kheda,1249,1103,146,1755,366,7,10,52,21,80.1,Acquisition,53,11.69,No
LA104624,Kheda,164,144,20,200,25,5,3,21,5,87.2,Handover,8,12.2,No
LA104625,Anand,619,538,81,778,199,4,8,0,18,78.1,Acquisition,13,13.09,Yes
LA104626,Amreli,608,332,276,718,250,5,4,13,9,78.8,Compensation,0,45.39,No
LA104627,Bhavnagar,54,28,26,41,10,2,8,0,4,63.5,Objection,28,48.15,No
LA104628,Surat,312,244,68,273,118,1,8,67,6,86.0,Handover,49,21.79,Yes
LA104629,Vadodara,1155,655,500,1622,478,6,13,0,23,70.6,Compensation,24,43.29,Yes
LA104630,Kheda,560,428,132,641,303,2,11,0,8,90.6,Acquisition,11,23.57,No
LA104631,Bharuch,264,103,161,333,110,3,11,63,15,80.5,Compensation,45,60.98,Yes
LA104632,Patan,467,338,129,664,109,8,8,40,9,68.4,Compensation,35,27.62,No
LA104633,Sabarkantha,448,117,331,340,53,2,10,37,8,56.3,Objection,25,73.88,Yes
LA104634,Anand,303,236,67,254,114,1,6,51,8,80.6,Handover,18,22.11,No
LA104635,Ahmedabad,196,135,61,222,8,6,7,32,10,80.6,Compensation,44,31.12,No
LA104636,Mehsana,1158,837,321,662,244,3,10,21,15,84.1,Acquisition,0,27.72,No
LA104637,Patan,1246,759,487,1326,634,4,12,56,24,75.3,Compensation,29,39.09,Yes
LA104638,Bharuch,770,646,124,984,284,4,8,2,15,92.6,Handover,27,16.1,No
LA104639,Jamnagar,943,774,169,1037,61,7,6,1,19,86.9,Acquisition,54,17.92,No
LA104640,Patan,1383,1242,141,1128,318,6,14,17,23,91.1,Handover,12,10.2,No
LA104641,Surat,1272,725,547,1529,467,6,10,27,20,71.0,Acquisition,20,43.0,Yes
LA104642,Anand,97,57,40,66,45,4,7,1,3,82.5,Acquisition,3,41.24,No
LA104643,Ahmedabad,1432,743,689,1941,979,5,14,23,41,76.5,Compensation,0,48.11,Yes
LA104644,Patan,147,93,54,94,27,3,12,0,7,66.2,Compensation,20,36.73,No
LA104645,Bharuch,88,43,45,117,21,1,9,12,4,64.5,Compensation,31,51.14,No
LA104646,Navsari,635,272,363,634,291,5,8,14,18,66.3,Compensation,0,57.17,Yes
LA104647,Amreli,1132,731,401,1059,326,5,11,0,18,83.5,Acquisition,14,35.42,Yes
LA104648,Kheda,166,85,81,166,61,3,11,11,5,65.4,Objection,8,48.8,Yes
LA104649,Sabarkantha,475,211,264,347,12,2,6,41,7,70.0,Compensation,80,55.58,No
LA104650,Ahmedabad,431,315,116,415,125,1,6,53,7,84.8,Acquisition,11,26.91,No
LA104651,Kheda,626,577,49,823,101,6,6,38,13,90.5,Handover,4,7.83,No
LA104652,Jamnagar,1480,601,879,1881,693,12,16,33,32,55.9,Objection,29,59.39,Yes
LA104653,Bhavnagar,530,303,227,369,269,2,10,5,10,86.2,Acquisition,41,42.83,Yes
LA104654,Kheda,353,272,81,408,113,7,10,0,12,80.2,Acquisition,9,22.95,No
LA104655,Rajkot,227,165,62,300,136,2,7,1,4,74.0,Acquisition,30,27.31,No
LA104656,Anand,337,242,95,434,101,4,4,0,9,72.6,Acquisition,19,28.19,No
LA104657,Surat,243,139,104,227,59,2,11,65,6,69.4,Compensation,12,42.8,Yes
LA104658,Banaskantha,882,864,18,523,155,4,6,49,11,92.1,Acquisition,14,2.04,No
LA104659,Junagadh,660,416,244,916,567,9,8,10,17,68.6,Compensation,26,36.97,Yes
LA104660,Gandhinagar,772,644,128,700,129,7,8,0,15,66.6,Acquisition,42,16.58,No
LA104661,Bharuch,1257,746,511,1100,245,7,14,4,21,59.6,Objection,0,40.65,Yes
LA104662,Morbi,892,816,76,1100,409,8,10,10,17,90.4,Handover,24,8.52,Yes
LA104663,Gandhinagar,275,181,94,217,38,5,11,26,4,83.6,Acquisition,0,34.18,No
LA104664,Bhavnagar,596,356,240,776,296,6,4,4,12,81.0,Acquisition,34,40.27,Yes
LA104665,Valsad,503,312,191,311,70,5,6,4,3,73.3,Compensation,27,37.97,No
LA104666,Valsad,1249,580,669,1520,484,9,10,2,26,61.9,Objection,29,53.56,Yes
LA104667,Navsari,495,322,173,703,494,7,7,0,11,82.1,Acquisition,7,34.95,No
LA104668,Kheda,251,164,87,363,83,1,12,4,9,78.8,Compensation,37,34.66,No
LA104669,Gandhinagar,1117,834,283,1543,438,9,6,36,22,87.8,Handover,28,25.34,No
LA104670,Sabarkantha,671,458,213,895,133,7,8,21,19,86.0,Acquisition,19,31.74,Yes
LA104671,Morbi,189,109,80,151,20,4,9,9,11,64.4,Objection,59,42.33,No
LA104672,Morbi,1050,751,299,1491,786,10,13,24,25,90.0,Handover,24,28.48,Yes
LA104673,Valsad,355,238,117,492,190,3,8,88,13,79.3,Acquisition,39,32.96,Yes
LA104674,Amreli,1309,767,542,1349,185,7,9,2,20,82.4,Compensation,48,41.41,Yes
LA104675,Amreli,1257,556,701,1146,711,5,8,42,23,57.2,Compensation,22,55.77,Yes
LA104676,Gandhinagar,586,353,233,380,120,6,8,2,9,70.9,Acquisition,0,39.76,No
LA104677,Mehsana,856,464,392,926,281,3,10,69,7,76.1,Acquisition,149,45.79,Yes
LA104678,Navsari,873,610,263,1031,445,2,9,29,19,80.9,Handover,12,30.13,Yes
LA104679,Morbi,998,549,449,912,207,8,13,10,11,68.9,Objection,10,44.99,No
LA104680,Gandhinagar,150,120,30,137,34,1,5,32,4,94.8,Handover,30,20.0,No
LA104681,Ahmedabad,521,301,220,555,116,4,3,31,5,74.7,Compensation,27,42.23,Yes
LA104682,Ahmedabad,297,196,101,171,36,4,14,32,1,74.0,Acquisition,79,34.01,No
LA104683,Sabarkantha,1062,829,233,1500,620,4,10,15,27,88.8,Acquisition,35,21.94,No
LA104684,Rajkot,150,123,27,122,52,3,7,0,8,84.1,Acquisition,13,18.0,No
LA104685,Kheda,800,378,422,541,151,4,12,9,9,70.4,Compensation,19,52.75,No
LA104686,Surat,1106,767,339,614,147,3,7,59,12,82.8,Compensation,21,30.65,No
LA104687,Patan,1426,712,714,1884,211,7,12,17,22,69.0,Objection,12,50.07,Yes
LA104688,Bharuch,467,368,99,620,301,5,10,4,12,89.3,Handover,9,21.2,No
LA104689,Kheda,61,41,20,39,11,2,11,23,5,77.1,Compensation,44,32.79,No
LA104690,Jamnagar,1100,631,469,756,432,5,8,18,9,81.0,Compensation,1,42.64,No
LA104691,Anand,52,26,26,50,12,6,6,0,7,57.9,Objection,0,50.0,Yes
LA104692,Bharuch,146,138,8,105,53,6,7,23,9,84.1,Handover,15,5.48,No
LA104693,Ahmedabad,1487,871,616,1803,181,7,15,17,28,69.7,Acquisition,0,41.43,Yes
LA104694,Jamnagar,1301,741,560,784,293,7,13,24,15,77.7,Objection,18,43.04,Yes
LA104695,Amreli,1076,706,370,1124,250,6,9,48,26,80.4,Compensation,5,34.39,Yes
LA104696,Panchmahal,1262,976,286,1129,231,8,11,39,19,91.4,Acquisition,11,22.66,No
LA104697,Banaskantha,159,104,55,154,57,5,2,19,5,83.6,Acquisition,77,34.59,No
LA104698,Gandhinagar,179,133,46,167,72,5,8,2,5,79.0,Acquisition,3,25.7,No
LA104699,Amreli,486,296,190,334,130,5,9,25,4,90.0,Acquisition,45,39.09,Yes
LA104700,Rajkot,84,35,49,63,12,3,8,4,3,53.8,Compensation,0,58.33,Yes
LA104701,Banaskantha,1338,745,593,814,137,4,10,9,8,56.8,Compensation,0,44.32,Yes
LA104702,Gandhinagar,131,66,65,86,14,6,2,82,6,52.3,Objection,0,49.62,Yes
LA104703,Jamnagar,839,703,136,1200,256,7,6,16,19,85.0,Handover,22,16.21,No
LA104704,Morbi,1288,826,462,1033,127,9,10,15,18,82.4,Handover,12,35.87,No
LA104705,Amreli,1116,1094,22,922,238,3,5,42,15,94.2,Handover,7,1.97,No
LA104706,Surat,390,225,165,259,117,4,8,50,5,67.0,Acquisition,25,42.31,Yes
LA104707,Amreli,732,661,71,900,413,2,8,25,14,87.2,Handover,0,9.7,No
LA104708,Surat,845,738,107,1168,404,2,11,36,12,87.7,Acquisition,1,12.66,No
LA104709,Navsari,1164,860,304,1468,259,6,10,5,14,82.4,Acquisition,14,26.12,Yes
LA104710,Mehsana,668,310,358,736,454,5,12,17,22,62.3,Compensation,26,53.59,Yes
LA104711,Mehsana,463,378,85,594,156,6,10,27,10,70.7,Acquisition,1,18.36,No
LA104712,Surat,1204,622,582,1100,220,6,12,46,11,81.2,Compensation,37,48.34,Yes
LA104713,Amreli,1336,1039,297,1768,571,6,10,14,24,90.4,Acquisition,10,22.23,Yes
LA104714,Valsad,759,507,252,963,225,5,11,33,11,91.6,Acquisition,36,33.2,No
LA104715,Sabarkantha,90,52,38,50,7,3,11,2,3,69.2,Compensation,33,42.22,No
LA104716,Rajkot,776,515,261,767,57,5,5,37,12,75.1,Compensation,0,33.63,No
LA104717,Junagadh,1340,1028,312,1056,341,6,11,0,11,93.7,Handover,24,23.28,No
LA104718,Bhavnagar,1485,645,840,932,423,10,12,14,14,62.6,Compensation,21,56.57,Yes
LA104719,Anand,631,309,322,828,356,6,12,18,22,74.5,Compensation,15,51.03,Yes
LA104720,Banaskantha,267,155,112,149,16,2,17,23,8,66.6,Compensation,0,41.95,Yes
LA104721,Banaskantha,880,404,476,1062,688,1,19,42,12,63.9,Compensation,32,54.09,Yes
LA104722,Panchmahal,1255,973,282,1806,653,8,4,4,25,84.7,Handover,12,22.47,Yes
LA104723,Panchmahal,1421,737,684,1398,229,8,12,8,19,69.9,Compensation,16,48.14,No
LA104724,Sabarkantha,125,92,33,111,24,3,10,0,6,82.4,Acquisition,0,26.4,No
LA104725,Navsari,471,337,134,516,217,4,2,15,15,76.3,Acquisition,15,28.45,No
LA104726,Bharuch,743,453,290,947,172,4,9,21,11,69.1,Acquisition,22,39.03,No
LA104727,Kheda,192,145,47,147,13,4,9,24,5,85.0,Acquisition,0,24.48,No
LA104728,Mehsana,1336,831,505,1036,206,1,13,24,16,75.5,Acquisition,0,37.8,Yes
LA104729,Panchmahal,212,116,96,232,64,7,9,35,10,63.5,Compensation,15,45.28,No
LA104730,Amreli,1015,741,274,1417,101,5,4,32,13,90.0,Handover,16,27.0,No
LA104731,Patan,1382,1034,348,1131,229,5,10,0,15,87.9,Handover,39,25.18,No
LA104732,Valsad,1044,842,202,928,312,4,9,11,18,88.3,Handover,54,19.35,Yes
LA104733,Junagadh,1157,904,253,1671,42,9,9,6,24,75.1,Acquisition,27,21.87,No
LA104734,Ahmedabad,432,298,134,306,54,3,6,0,7,86.3,Acquisition,113,31.02,Yes
LA104735,Bhavnagar,1250,871,379,774,296,7,9,11,12,89.5,Acquisition,13,30.32,Yes
LA104736,Valsad,657,424,233,710,103,6,10,19,12,74.1,Acquisition,3,35.46,Yes
LA104737,Gandhinagar,138,112,26,79,25,4,5,15,3,81.2,Handover,26,18.84,No
LA104738,Rajkot,581,447,134,414,144,2,17,2,12,80.7,Acquisition,50,23.06,No
LA104739,Patan,557,369,188,618,265,3,10,21,9,78.0,Compensation,2,33.75,No
LA104740,Valsad,806,599,207,922,141,4,6,7,13,74.4,Acquisition,14,25.68,No
LA104741,Ahmedabad,434,86,348,438,171,1,10,29,9,52.4,Objection,85,80.18,Yes
LA104742,Rajkot,720,631,89,645,112,5,9,26,8,88.6,Handover,28,12.36,No
LA104743,Sabarkantha,670,418,252,716,50,4,9,7,9,77.6,Acquisition,9,37.61,No
LA104744,Anand,524,422,102,592,55,6,5,0,11,85.5,Acquisition,16,19.47,No
LA104745,Panchmahal,1060,741,319,1350,124,3,7,11,15,72.4,Acquisition,55,30.09,No
LA104746,Kheda,493,252,241,623,172,3,6,1,19,62.7,Compensation,0,48.88,Yes
LA104747,Rajkot,1161,465,696,1333,585,6,7,67,19,53.7,Objection,18,59.95,Yes
LA104748,Morbi,413,235,178,560,177,3,9,36,19,73.4,Compensation,3,43.1,No
LA104749,Bhavnagar,1304,1225,79,1701,1039,9,8,15,22,88.1,Handover,29,6.06,Yes
LA104750,Bharuch,579,444,135,388,94,3,7,0,18,84.7,Acquisition,19,23.32,No
LA104751,Ahmedabad,109,82,27,154,67,6,6,37,8,84.8,Handover,23,24.77,No
LA104752,Rajkot,267,206,61,361,143,4,7,47,7,74.6,Acquisition,23,22.85,No
LA104753,Sabarkantha,1219,565,654,1023,362,3,10,40,11,64.7,Compensation,35,53.65,Yes
LA104754,Bharuch,1315,770,545,747,350,2,6,3,5,73.5,Compensation,41,41.44,No
LA104755,Amreli,357,274,83,390,174,4,6,21,9,79.2,Handover,3,23.25,No
LA104756,Bharuch,923,793,130,872,47,6,10,39,17,80.0,Acquisition,11,14.08,Yes
LA104757,Panchmahal,883,598,285,1081,205,6,8,48,13,79.2,Acquisition,8,32.28,No
LA104758,Sabarkantha,244,142,102,249,43,7,6,15,7,67.5,Compensation,44,41.8,Yes
LA104759,Mehsana,705,397,308,436,181,7,8,0,11,83.7,Acquisition,2,43.69,No
LA104760,Anand,1056,827,229,813,230,3,10,15,15,77.6,Acquisition,5,21.69,No
LA104761,Valsad,1453,448,1005,1953,673,9,20,2,24,55.8,Objection,7,69.17,Yes
LA104762,Ahmedabad,1279,794,485,747,114,10,6,22,9,79.4,Acquisition,0,37.92,No
LA104763,Rajkot,191,122,69,232,83,1,9,21,10,74.6,Compensation,27,36.13,No
LA104764,Anand,394,267,127,320,72,4,5,6,8,85.5,Acquisition,2,32.23,Yes
LA104765,Junagadh,683,110,573,654,63,5,7,9,12,50.2,Survey,16,83.89,Yes
LA104766,Ahmedabad,268,110,158,275,100,1,7,67,4,66.6,Compensation,24,58.96,Yes
LA104767,Surat,878,723,155,681,216,0,8,5,16,92.1,Handover,89,17.65,No
LA104768,Mehsana,62,36,26,70,38,2,11,28,5,56.8,Compensation,11,41.94,No
LA104769,Navsari,214,152,62,251,19,5,7,8,6,69.7,Acquisition,5,28.97,No
LA104770,Mehsana,118,94,24,74,20,0,2,63,6,87.4,Acquisition,44,20.34,No
LA104771,Bhavnagar,478,299,179,424,82,3,3,0,7,73.4,Compensation,20,37.45,No
LA104772,Kheda,1156,872,284,1410,182,5,11,49,13,79.4,Handover,63,24.57,No
LA104773,Panchmahal,307,268,39,368,66,6,7,4,10,85.4,Acquisition,85,12.7,No
LA104774,Surat,1482,1043,439,1541,581,4,9,19,22,81.0,Acquisition,1,29.62,No
LA104775,Navsari,441,310,131,551,287,4,12,21,10,80.6,Acquisition,43,29.71,No
LA104776,Bhavnagar,115,71,44,74,19,3,7,48,4,72.6,Compensation,13,38.26,No
LA104777,Surat,536,470,66,352,64,5,5,28,9,88.7,Handover,0,12.31,No
LA104778,Patan,1135,715,420,1296,659,7,9,8,14,87.8,Acquisition,8,37.0,No
LA104779,Banaskantha,204,108,96,239,104,4,11,33,3,66.1,Acquisition,0,47.06,No
LA104780,Navsari,154,121,33,198,42,2,7,6,4,85.9,Acquisition,0,21.43,No
LA104781,Ahmedabad,1282,716,566,914,154,5,9,3,14,86.1,Compensation,14,44.15,No
LA104782,Navsari,909,699,210,923,272,7,4,80,14,79.6,Acquisition,23,23.1,No
LA104783,Mehsana,548,426,122,627,158,7,8,45,13,78.9,Acquisition,82,22.26,Yes
LA104784,Navsari,1147,580,567,862,258,5,15,40,17,81.7,Compensation,87,49.43,Yes
LA104785,Sabarkantha,1275,898,377,1294,184,4,5,0,17,85.9,Acquisition,26,29.57,No
LA104786,Junagadh,571,357,214,642,265,8,8,53,11,78.4,Compensation,37,37.48,Yes
LA104787,Panchmahal,864,554,310,642,180,0,7,40,9,84.5,Acquisition,37,35.88,Yes
LA104788,Bharuch,65,36,29,58,42,5,4,55,3,75.7,Compensation,37,44.62,Yes
LA104789,Bharuch,494,214,280,368,31,2,7,28,8,62.0,Compensation,18,56.68,No
LA104790,Valsad,913,556,357,1244,535,4,8,46,12,67.8,Compensation,144,39.1,Yes
LA104791,Bhavnagar,335,187,148,256,103,9,5,2,3,57.2,Objection,14,44.18,Yes
LA104792,Kheda,1488,1115,373,980,369,8,10,2,15,81.2,Handover,12,25.07,Yes
LA104793,Sabarkantha,1459,618,841,849,75,3,9,57,17,64.8,Objection,12,57.64,Yes
LA104794,Morbi,423,297,126,250,87,3,9,20,5,74.6,Compensation,0,29.79,No
LA104795,Surat,625,356,269,452,148,1,3,29,8,64.2,Compensation,79,43.04,No
LA104796,Bhavnagar,324,141,183,356,122,3,5,47,2,84.4,Acquisition,0,56.48,No
LA104797,Vadodara,781,656,125,442,72,6,8,17,12,83.2,Acquisition,12,16.01,No
LA104798,Banaskantha,229,136,93,185,45,3,7,14,5,70.7,Acquisition,2,40.61,Yes
LA104799,Morbi,617,469,148,372,178,5,3,2,11,85.7,Handover,9,23.99,No
LA104800,Navsari,855,320,535,781,533,6,6,0,17,67.9,Objection,29,62.57,Yes
LA104801,Surat,937,667,270,556,158,4,9,105,12,68.0,Acquisition,44,28.82,Yes
LA104802,Bharuch,915,518,397,1004,81,3,7,33,17,66.4,Compensation,12,43.39,No
LA104803,Jamnagar,371,264,107,434,66,4,5,0,10,75.8,Acquisition,0,28.84,No
LA104804,Amreli,1199,662,537,1449,62,3,8,1,19,80.3,Compensation,4,44.79,Yes
LA104805,Kheda,1053,745,308,792,123,4,8,58,13,77.7,Handover,12,29.25,No
LA104806,Anand,1142,880,262,1521,589,5,9,9,18,83.3,Acquisition,25,22.94,No
LA104807,Jamnagar,728,513,215,853,245,1,10,34,16,83.6,Handover,37,29.53,Yes
LA104808,Banaskantha,1345,857,488,808,450,2,10,9,16,87.8,Handover,0,36.28,No
LA104809,Morbi,615,442,173,582,43,10,8,0,11,84.0,Acquisition,15,28.13,No
LA104810,Mehsana,1219,814,405,1513,626,6,3,157,17,87.5,Handover,75,33.22,Yes
LA104811,Sabarkantha,345,214,131,286,38,2,11,19,8,80.7,Acquisition,64,37.97,Yes
LA104812,Amreli,408,275,133,365,202,2,7,8,9,68.8,Compensation,2,32.6,No
LA104813,Navsari,814,573,241,909,511,5,12,8,13,81.3,Acquisition,8,29.61,Yes
LA104814,Vadodara,856,542,314,514,145,4,5,87,9,76.3,Acquisition,41,36.68,Yes
LA104815,Rajkot,1132,696,436,1608,646,7,12,47,23,84.7,Acquisition,62,38.52,Yes
LA104816,Gandhinagar,481,378,103,340,132,3,7,35,8,90.0,Handover,27,21.41,Yes
LA104817,Panchmahal,1316,955,361,755,468,2,10,26,18,85.4,Acquisition,0,27.43,Yes
LA104818,Banaskantha,528,328,200,293,36,6,10,10,8,83.4,Compensation,1,37.88,No
LA104819,Bhavnagar,825,510,315,750,162,5,14,1,17,64.3,Compensation,28,38.18,Yes
LA104820,Bharuch,1402,892,510,1887,696,7,13,0,34,66.4,Objection,5,36.38,Yes
LA104821,Kheda,832,395,437,1071,125,2,13,26,18,68.2,Compensation,3,52.52,Yes
LA104822,Ahmedabad,1039,613,426,1424,574,5,10,45,19,68.0,Acquisition,25,41.0,Yes
LA104823,Vadodara,1368,842,526,1410,112,6,9,12,23,90.9,Acquisition,0,38.45,No
LA104824,Junagadh,1464,1161,303,1396,212,6,9,22,20,87.3,Handover,72,20.7,No
LA104825,Bharuch,774,512,262,694,337,8,11,15,17,71.0,Acquisition,9,33.85,Yes
LA104826,Amreli,654,414,240,387,181,1,13,17,8,85.9,Acquisition,13,36.7,No
LA104827,Anand,335,237,98,458,288,3,8,25,7,82.3,Acquisition,0,29.25,No
LA104828,Morbi,829,500,329,826,173,7,6,26,13,71.7,Compensation,16,39.69,Yes
LA104829,Junagadh,1382,1347,35,1326,628,8,7,24,22,80.4,Acquisition,9,2.53,Yes
LA104830,Anand,756,652,104,766,343,6,7,58,10,72.9,Acquisition,21,13.76,Yes
LA104831,Morbi,555,379,176,702,413,2,12,18,16,77.2,Acquisition,70,31.71,Yes
LA104832,Patan,205,149,56,154,63,2,5,0,11,90.3,Acquisition,0,27.32,No
LA104833,Rajkot,615,253,362,731,131,4,9,21,20,53.0,Compensation,7,58.86,Yes
LA104834,Junagadh,393,355,38,468,111,3,5,4,9,90.1,Handover,0,9.67,No
LA104835,Amreli,1467,648,819,1929,442,8,8,29,38,73.4,Compensation,117,55.83,Yes
LA104836,Rajkot,815,392,423,455,137,7,12,6,11,80.8,Compensation,0,51.9,No
LA104837,Amreli,248,155,93,174,37,1,4,27,9,85.3,Compensation,13,37.5,No
LA104838,Anand,147,105,42,143,18,1,14,3,10,75.9,Acquisition,0,28.57,No
LA104839,Rajkot,1284,939,345,1689,466,3,8,33,23,77.1,Acquisition,6,26.87,No
LA104840,Anand,1401,1012,389,1987,563,8,16,67,16,79.7,Handover,6,27.77,Yes
LA104841,Mehsana,1157,897,260,1256,200,5,5,16,23,78.4,Handover,11,22.47,No
LA104842,Navsari,229,155,74,170,80,2,7,8,7,81.1,Acquisition,0,32.31,No
LA104843,Vadodara,192,124,68,137,31,4,7,0,8,79.4,Acquisition,12,35.42,No
LA104844,Mehsana,337,177,160,379,81,2,10,37,11,62.2,Compensation,0,47.48,No
LA104845,Morbi,1139,965,174,842,256,2,4,30,13,79.5,Acquisition,14,15.28,No
LA104846,Anand,1160,933,227,1215,236,7,5,16,26,87.5,Handover,0,19.57,No
LA104847,Gandhinagar,1265,858,407,1646,206,5,12,0,26,80.6,Acquisition,90,32.17,No
LA104848,Kheda,190,86,104,171,47,3,7,13,3,55.4,Objection,1,54.74,No
LA104849,Mehsana,272,220,52,242,53,5,6,5,7,78.5,Acquisition,66,19.12,No
LA104850,Valsad,1356,593,763,790,376,10,15,0,13,61.0,Objection,15,56.27,Yes
LA104851,Panchmahal,1397,953,444,1088,288,10,11,11,13,84.2,Acquisition,15,31.78,No
LA104852,Panchmahal,1102,578,524,1299,694,6,11,16,25,70.0,Compensation,33,47.55,Yes
LA104853,Gandhinagar,203,159,44,177,68,2,7,30,3,81.7,Acquisition,20,21.67,No
LA104854,Patan,149,74,75,103,40,2,5,13,8,70.0,Compensation,87,50.34,Yes
LA104855,Navsari,130,71,59,84,30,3,7,20,7,61.5,Objection,50,45.38,Yes
LA104856,Bhavnagar,1053,417,636,669,169,3,15,38,17,67.4,Compensation,40,60.4,Yes
LA104857,Junagadh,1277,770,507,1460,463,8,9,21,21,75.2,Acquisition,9,39.7,Yes
LA104858,Jamnagar,966,651,315,1064,714,6,8,6,19,79.9,Handover,5,32.61,Yes
LA104859,Panchmahal,430,421,9,437,72,7,11,42,7,92.6,Handover,38,2.09,No
LA104860,Bharuch,1148,978,170,1148,168,7,9,31,15,86.7,Handover,21,14.81,No
LA104861,Vadodara,135,103,32,93,50,2,6,52,8,90.4,Handover,10,23.7,No
LA104862,Amreli,1251,485,766,1252,381,3,11,13,15,57.9,Objection,29,61.23,Yes
LA104863,Patan,1344,821,523,812,154,4,11,0,16,79.7,Compensation,31,38.91,No
LA104864,Kheda,1092,488,604,1511,543,8,13,17,31,68.8,Compensation,65,55.31,Yes
LA104865,Kheda,1325,1257,68,798,248,2,8,29,13,89.7,Handover,41,5.13,No
LA104866,Jamnagar,900,416,484,838,293,3,14,14,6,66.9,Compensation,57,53.78,No
LA104867,Bhavnagar,729,525,204,401,67,5,6,35,11,67.8,Acquisition,1,27.98,No
LA104868,Kheda,517,221,296,650,78,3,9,30,7,55.8,Objection,52,57.25,Yes
LA104869,Gandhinagar,1387,1008,379,970,575,1,11,2,18,84.9,Acquisition,18,27.33,No
LA104870,Panchmahal,1061,584,477,1467,664,2,6,24,19,67.1,Compensation,0,44.96,Yes
LA104871,Bhavnagar,326,289,37,192,27,8,10,34,7,87.6,Acquisition,10,11.35,No
LA104872,Sabarkantha,1438,937,501,1853,874,9,7,5,31,85.1,Acquisition,75,34.84,Yes
LA104873,Junagadh,135,88,47,154,38,4,3,31,5,72.4,Acquisition,27,34.81,No
LA104874,Morbi,902,649,253,699,474,7,9,8,15,83.8,Handover,7,28.05,No
LA104875,Jamnagar,326,217,109,239,75,3,6,27,11,75.0,Acquisition,34,33.44,Yes
LA104876,Amreli,1013,756,257,883,273,5,11,21,11,87.8,Acquisition,10,25.37,No
LA104877,Morbi,648,494,154,840,306,7,8,46,16,90.7,Handover,0,23.77,No
LA104878,Panchmahal,684,435,249,907,307,2,11,4,12,71.0,Acquisition,0,36.4,No
LA104879,Patan,1024,233,791,725,72,5,7,12,14,51.1,Compensation,22,77.25,Yes
LA104880,Sabarkantha,1147,699,448,996,408,3,12,34,15,60.7,Compensation,50,39.06,Yes
LA104881,Valsad,601,346,255,459,74,4,7,23,8,69.4,Compensation,67,42.43,No
LA104882,Mehsana,1497,949,548,989,210,7,12,0,14,80.7,Compensation,3,36.61,No
LA104883,Jamnagar,773,586,187,875,259,5,8,11,15,83.6,Handover,5,24.19,No
LA104884,Valsad,282,181,101,243,77,3,18,19,12,82.7,Compensation,26,35.82,No
LA104885,Vadodara,59,36,23,44,2,3,8,26,8,72.7,Compensation,3,38.98,No
LA104886,Panchmahal,343,203,140,456,159,6,11,15,5,71.1,Compensation,26,40.82,Yes
LA104887,Anand,1052,832,220,1287,637,12,3,9,15,78.5,Compensation,90,20.91,Yes
LA104888,Panchmahal,832,611,221,1037,220,5,11,66,14,82.3,Acquisition,13,26.56,No
LA104889,Junagadh,540,139,401,316,89,5,11,47,5,51.4,Notification,0,74.26,Yes
LA104890,Anand,748,542,206,1027,382,4,5,43,16,78.6,Compensation,1,27.54,No
LA104891,Junagadh,1266,858,408,1351,265,3,6,40,23,73.1,Compensation,15,32.23,No
LA104892,Vadodara,879,568,311,882,48,9,14,44,13,91.5,Acquisition,0,35.38,No
LA104893,Sabarkantha,134,83,51,75,14,3,2,38,1,85.3,Acquisition,8,38.06,No
LA104894,Rajkot,121,119,2,164,5,6,9,82,5,91.9,Handover,27,1.65,No
LA104895,Morbi,749,559,190,779,99,6,6,47,15,89.0,Handover,62,25.37,No
LA104896,Mehsana,636,476,160,822,344,1,12,31,15,88.9,Handover,0,25.16,No
LA104897,Patan,1284,566,718,1464,297,2,17,24,18,58.3,Compensation,0,55.92,No
LA104898,Amreli,895,549,346,1134,191,6,10,12,21,79.6,Acquisition,4,38.66,Yes
LA104899,Bharuch,1148,382,766,1347,737,6,11,18,23,64.3,Objection,10,66.72,Yes
LA104900,Kheda,899,401,498,1240,275,6,10,39,24,68.7,Compensation,66,55.39,Yes
LA104901,Banaskantha,551,314,237,415,116,3,7,22,11,75.6,Acquisition,0,43.01,No
LA104902,Bharuch,1003,672,331,734,155,8,11,30,16,83.6,Acquisition,26,33.0,No
LA104903,Anand,951,642,309,1133,115,2,6,2,13,86.5,Compensation,49,32.49,No
LA104904,Bharuch,1095,564,531,1096,334,5,7,0,22,78.4,Compensation,4,48.49,No
LA104905,Panchmahal,324,206,118,353,165,6,11,18,10,80.8,Acquisition,1,36.42,No
LA104906,Junagadh,980,731,249,1164,472,6,6,18,20,75.7,Handover,45,25.41,No
LA104907,Bhavnagar,464,336,128,484,202,6,8,28,7,90.0,Acquisition,0,27.59,Yes
LA104908,Amreli,1196,877,319,1506,581,7,12,39,27,86.4,Handover,49,26.67,Yes
LA104909,Surat,1208,802,406,1011,469,0,10,1,16,65.2,Acquisition,34,33.61,No
LA104910,Banaskantha,956,531,425,1265,430,11,10,13,22,74.8,Acquisition,0,44.46,Yes
LA104911,Amreli,1423,1260,163,921,227,8,9,26,18,70.7,Handover,13,11.45,No
LA104912,Surat,829,506,323,929,257,7,8,38,9,65.3,Acquisition,27,38.96,No
LA104913,Patan,86,49,37,116,45,5,7,13,4,69.2,Compensation,21,43.02,Yes
LA104914,Bharuch,929,602,327,722,264,5,8,21,16,79.2,Acquisition,7,35.2,No
LA104915,Patan,1178,1020,158,994,582,4,5,17,10,84.6,Handover,21,13.41,Yes
LA104916,Navsari,196,123,73,162,25,4,7,20,6,81.5,Acquisition,0,37.24,No
LA104917,Morbi,201,132,69,213,18,0,6,20,4,81.9,Acquisition,18,34.33,No
LA104918,Ahmedabad,446,340,106,411,193,5,8,39,16,72.8,Acquisition,14,23.77,No
LA104919,Bhavnagar,1275,864,411,825,401,8,4,0,10,83.1,Acquisition,0,32.24,Yes
LA104920,Rajkot,815,543,272,1102,316,5,4,23,18,82.9,Handover,50,33.37,Yes
LA104921,Gandhinagar,1466,905,561,1076,207,4,9,34,20,80.2,Handover,30,38.27,Yes
LA104922,Ahmedabad,1316,703,613,1356,69,6,8,20,15,84.2,Compensation,26,46.58,Yes
LA104923,Bharuch,855,788,67,928,334,6,1,16,19,92.7,Acquisition,8,7.84,No
LA104924,Amreli,1035,437,598,607,183,2,13,0,16,56.7,Objection,9,57.78,No
LA104925,Banaskantha,530,435,95,337,83,5,8,69,9,83.0,Handover,19,17.92,No
LA104926,Kheda,181,138,43,258,35,8,8,36,5,88.9,Handover,62,23.76,No
LA104927,Valsad,628,457,171,721,361,2,8,45,11,88.1,Acquisition,2,27.23,No
LA104928,Bharuch,909,269,640,527,352,4,10,3,17,50.8,Objection,8,70.41,Yes
LA104929,Morbi,314,258,56,397,194,5,6,0,10,86.5,Acquisition,0,17.83,No
LA104930,Navsari,371,180,191,374,35,7,9,19,8,69.3,Compensation,32,51.48,No
LA104931,Junagadh,71,48,23,44,15,3,4,18,5,75.4,Acquisition,49,32.39,Yes
LA104932,Morbi,1115,779,336,1296,684,8,13,2,17,81.2,Acquisition,23,30.13,Yes
LA104933,Banaskantha,1355,757,598,1354,758,4,15,0,23,78.3,Compensation,18,44.13,Yes
LA104934,Valsad,1250,712,538,918,217,6,11,26,15,73.9,Compensation,22,43.04,No
LA104935,Vadodara,601,334,267,805,184,5,10,66,14,68.4,Compensation,1,44.43,Yes
LA104936,Navsari,911,677,234,740,446,5,5,16,19,88.5,Acquisition,32,25.69,Yes
LA104937,Gandhinagar,1444,1310,134,1164,513,4,5,56,27,83.3,Handover,16,9.28,No
LA104938,Sabarkantha,908,484,424,722,280,9,14,10,15,64.3,Objection,28,46.7,Yes
LA104939,Bhavnagar,479,292,187,594,237,4,9,102,8,75.3,Compensation,72,39.04,Yes
LA104940,Anand,541,261,280,641,187,1,7,29,10,65.2,Objection,27,51.76,No
LA104941,Amreli,1105,801,304,1506,363,6,10,51,23,86.1,Acquisition,9,27.51,Yes
LA104942,Rajkot,697,471,226,527,183,5,9,43,10,85.0,Compensation,7,32.42,No
LA104943,Sabarkantha,1264,576,688,1590,270,5,11,15,20,66.9,Objection,18,54.43,Yes
LA104944,Bhavnagar,1303,630,673,1389,208,3,10,9,23,56.4,Objection,1,51.65,Yes
LA104945,Amreli,101,82,19,84,27,4,5,2,4,78.3,Handover,39,18.81,No
LA104946,Bharuch,1099,716,383,640,284,3,5,29,11,81.4,Acquisition,55,34.85,Yes
LA104947,Bharuch,586,429,157,754,430,4,11,36,13,80.7,Handover,0,26.79,No
LA104948,Mehsana,804,315,489,617,155,5,13,29,15,59.6,Objection,0,60.82,Yes
LA104949,Banaskantha,434,339,95,485,210,7,13,71,11,88.1,Compensation,1,21.89,Yes
LA104950,Vadodara,584,336,248,610,50,3,9,14,9,82.2,Acquisition,13,42.47,No
LA104951,Jamnagar,529,382,147,293,29,5,9,95,4,91.5,Handover,45,27.79,No
LA104952,Navsari,123,69,54,178,26,1,8,33,5,77.4,Acquisition,40,43.9,No
LA104953,Patan,1185,712,473,1520,767,4,8,9,21,74.0,Acquisition,37,39.92,Yes
LA104954,Banaskantha,257,130,127,254,155,5,9,0,10,74.5,Acquisition,16,49.42,Yes
LA104955,Bharuch,595,300,295,692,95,5,11,24,15,84.3,Compensation,1,49.58,Yes
LA104956,Rajkot,330,128,202,323,148,1,11,0,10,65.7,Objection,4,61.21,Yes
LA104957,Mehsana,283,197,86,345,220,3,9,21,8,83.1,Acquisition,36,30.39,Yes
LA104958,Banaskantha,591,409,182,396,196,1,12,49,8,88.3,Handover,56,30.8,No
LA104959,Vadodara,1383,779,604,1316,109,9,7,26,19,74.5,Acquisition,22,43.67,No
LA104960,Rajkot,1419,955,464,1209,268,6,11,2,19,76.8,Acquisition,7,32.7,No
LA104961,Rajkot,603,413,190,581,163,2,7,49,18,87.9,Acquisition,46,31.51,No
LA104962,Navsari,782,572,210,747,211,7,10,76,19,85.3,Handover,63,26.85,Yes
LA104963,Bhavnagar,1480,863,617,1005,368,8,12,31,20,51.5,Objection,25,41.69,Yes
LA104964,Bharuch,390,185,205,557,242,4,8,28,8,64.5,Compensation,0,52.56,No
LA104965,Vadodara,1420,677,743,801,354,4,14,61,15,63.2,Objection,28,52.32,Yes
LA104966,Anand,203,163,40,113,22,3,5,3,4,87.5,Acquisition,0,19.7,No
LA104967,Vadodara,377,278,99,334,51,2,15,26,7,92.6,Acquisition,13,26.26,No
LA104968,Banaskantha,540,275,265,599,269,5,12,5,15,69.7,Compensation,18,49.07,Yes
LA104969,Jamnagar,103,75,28,73,25,3,5,15,3,85.3,Handover,28,27.18,No
LA104970,Morbi,1233,675,558,1270,413,4,14,0,22,66.0,Compensation,15,45.26,Yes
LA104971,Vadodara,1291,752,539,1550,136,4,15,48,20,79.5,Acquisition,0,41.75,Yes
LA104972,Rajkot,606,482,124,385,265,1,9,23,9,85.4,Handover,38,20.46,Yes
LA104973,Vadodara,1263,995,268,1814,350,5,14,15,26,75.6,Acquisition,35,21.22,No
LA104974,Ahmedabad,1170,668,502,998,130,4,8,60,15,87.4,Compensation,4,42.91,Yes
LA104975,Surat,1212,827,385,1367,439,2,10,22,21,76.5,Acquisition,59,31.77,No
LA104976,Morbi,1214,825,389,789,54,1,7,29,8,80.7,Acquisition,34,32.04,No
LA104977,Rajkot,882,592,290,1048,381,4,14,29,23,81.8,Acquisition,61,32.88,No
LA104978,Bharuch,210,160,50,274,92,5,9,16,6,84.4,Acquisition,4,23.81,No
LA104979,Rajkot,1389,991,398,896,191,4,11,14,12,70.3,Acquisition,0,28.65,No
LA104980,Bhavnagar,933,587,346,619,298,2,12,7,11,72.9,Compensation,2,37.08,No
LA104981,Kheda,1357,942,415,1090,197,10,9,15,17,72.4,Acquisition,0,30.58,No
LA104982,Vadodara,1441,1031,410,808,331,3,18,19,9,83.5,Acquisition,28,28.45,No
LA104983,Patan,321,223,98,461,104,5,10,39,3,77.9,Acquisition,47,30.53,No
LA104984,Patan,633,466,167,689,267,3,12,6,3,90.0,Acquisition,0,26.38,No
LA104985,Bhavnagar,329,267,62,361,165,5,8,62,7,91.7,Handover,4,18.84,No
LA104986,Ahmedabad,123,86,37,174,46,1,6,1,4,84.1,Compensation,42,30.08,No
LA104987,Jamnagar,1452,875,577,1886,784,5,9,0,31,71.8,Acquisition,3,39.74,No
LA104988,Banaskantha,1389,563,826,1782,448,7,17,43,30,69.9,Objection,48,59.47,Yes
LA104989,Surat,1401,901,500,1199,353,7,8,31,19,86.7,Acquisition,39,35.69,Yes
LA104990,Sabarkantha,1332,1025,307,1134,224,5,11,0,15,77.2,Compensation,18,23.05,No
LA104991,Navsari,991,886,105,805,385,6,2,20,9,86.7,Handover,18,10.6,No
LA104992,Mehsana,807,320,487,696,233,1,7,1,10,69.8,Compensation,18,60.35,Yes
LA104993,Mehsana,1488,814,674,1313,502,9,11,9,19,72.9,Compensation,6,45.3,Yes
LA104994,Ahmedabad,851,327,524,575,151,0,3,23,15,59.7,Notification,29,61.57,Yes
LA104995,Panchmahal,982,578,404,855,366,8,11,12,8,69.2,Acquisition,37,41.14,No
LA104996,Ahmedabad,357,257,100,340,187,1,4,0,5,84.4,Acquisition,25,28.01,Yes
LA104997,Mehsana,1133,775,358,939,245,6,8,1,20,74.0,Handover,1,31.6,No
LA104998,Banaskantha,1239,238,1001,866,230,7,16,25,12,47.6,Objection,28,80.79,Yes
LA104999,Vadodara,1034,650,384,916,238,5,11,11,12,72.0,Acquisition,77,37.14,Yes
LA105000,Banaskantha,773,509,264,760,252,3,9,29,11,81.0,Compensation,14,34.15,No
LA105001,Anand,337,195,142,404,108,4,10,34,9,77.4,Acquisition,74,42.14,No
LA105002,Panchmahal,99,51,48,118,53,5,9,2,15,60.9,Acquisition,9,48.48,No
LA105003,Banaskantha,960,458,502,703,77,4,9,3,11,63.6,Compensation,8,52.29,No
LA105004,Anand,1041,823,218,607,153,4,10,7,17,90.9,Handover,12,20.94,No
LA105005,Morbi,1171,548,623,964,284,1,15,2,18,48.3,Compensation,33,53.2,Yes
LA105006,Morbi,1429,774,655,988,263,6,12,26,25,66.6,Acquisition,5,45.84,Yes
LA105007,Bhavnagar,771,477,294,699,15,7,8,57,11,56.5,Objection,28,38.13,No
LA105008,Vadodara,1253,614,639,1794,658,5,10,4,34,83.8,Acquisition,16,51.0,Yes
LA105009,Ahmedabad,1089,508,581,776,266,4,7,32,14,60.4,Compensation,23,53.35,No
LA105010,Panchmahal,452,240,212,378,234,5,7,64,7,76.4,Objection,51,46.9,Yes
LA105011,Bharuch,1276,384,892,1535,164,8,9,24,23,53.7,Compensation,34,69.91,Yes
LA105012,Kheda,127,60,67,128,10,3,8,0,7,66.7,Objection,20,52.76,No
LA105013,Surat,918,633,285,541,103,4,12,8,12,72.3,Acquisition,0,31.05,No
LA105014,Gandhinagar,1414,488,926,983,450,2,18,36,19,53.0,Compensation,58,65.49,Yes
LA105015,Navsari,1006,485,521,1400,477,11,10,33,26,72.2,Compensation,38,51.79,Yes
LA105016,Surat,1409,1173,236,906,152,5,8,4,17,87.8,Handover,0,16.75,No
LA105017,Junagadh,131,62,69,147,42,2,10,20,7,71.7,Compensation,24,52.67,No
LA105018,Ahmedabad,822,640,182,1038,55,4,8,22,11,73.6,Compensation,82,22.14,No
LA105019,Patan,1182,531,651,932,236,8,14,35,22,70.6,Objection,21,55.08,Yes
LA105020,Sabarkantha,982,770,212,1181,325,4,9,52,22,92.0,Handover,12,21.59,Yes
LA105021,Junagadh,1327,1202,125,933,262,4,11,3,13,82.9,Handover,0,9.42,No
LA105022,Vadodara,721,391,330,581,65,5,7,1,11,70.3,Compensation,14,45.77,No
LA105023,Panchmahal,1040,815,225,864,483,4,14,5,10,85.5,Handover,56,21.63,Yes
LA105024,Jamnagar,659,494,165,953,180,10,9,9,15,87.2,Acquisition,76,25.04,No
LA105025,Bharuch,1315,758,557,977,710,5,15,23,13,70.4,Compensation,45,42.36,Yes
LA105026,Valsad,223,132,91,149,17,1,6,8,10,79.5,Acquisition,6,40.81,No
LA105027,Morbi,418,320,98,578,377,0,6,0,10,83.5,Handover,0,23.44,Yes
LA105028,Panchmahal,190,142,48,132,20,3,6,9,2,74.0,Handover,25,25.26,No
LA105029,Sabarkantha,1068,545,523,1433,184,3,5,40,34,82.1,Acquisition,14,48.97,Yes
LA105030,Jamnagar,387,172,215,439,104,1,12,31,9,66.8,Objection,0,55.56,No
LA105031,Ahmedabad,510,317,193,545,320,4,5,21,8,79.6,Acquisition,0,37.84,Yes
LA105032,Junagadh,1263,808,455,1549,518,6,17,6,19,84.3,Acquisition,0,36.03,Yes
LA105033,Jamnagar,572,371,201,688,247,3,6,37,16,71.2,Compensation,29,35.14,Yes
LA105034,Navsari,261,105,156,170,30,3,8,53,5,60.1,Objection,27,59.77,No
LA105035,Banaskantha,80,59,21,116,18,5,5,18,7,84.2,Handover,13,26.25,Yes
LA105036,Amreli,378,227,151,528,192,6,11,64,13,59.0,Compensation,21,39.95,Yes
LA105037,Gandhinagar,1377,563,814,1868,822,3,12,13,31,71.5,Compensation,39,59.11,No
LA105038,Panchmahal,846,666,180,939,204,5,12,41,10,86.8,Acquisition,35,21.28,Yes
LA105039,Morbi,1493,749,744,1524,236,10,12,25,19,64.7,Compensation,59,49.83,Yes
LA105040,Valsad,362,148,214,374,95,5,9,47,7,56.1,Compensation,0,59.12,No
LA105041,Morbi,559,357,202,315,91,1,17,42,4,84.4,Handover,53,36.14,Yes
LA105042,Surat,286,148,138,286,103,3,11,27,10,68.5,Acquisition,29,48.25,Yes
LA105043,Amreli,628,397,231,698,93,6,11,21,6,75.6,Compensation,53,36.78,No
LA105044,Patan,867,680,187,991,433,5,7,19,19,91.1,Acquisition,25,21.57,Yes
LA105045,Jamnagar,1222,680,542,1037,285,3,11,24,16,62.2,Acquisition,92,44.35,Yes
LA105046,Amreli,584,273,311,569,121,1,9,7,9,70.5,Compensation,0,53.25,No
LA105047,Patan,1169,669,500,1312,167,6,6,12,13,82.8,Acquisition,12,42.77,Yes
LA105048,Ahmedabad,958,250,708,896,736,6,13,41,12,59.9,Notification,8,73.9,Yes
LA105049,Gandhinagar,473,274,199,670,408,5,6,27,18,69.4,Compensation,17,42.07,Yes
LA105050,Ahmedabad,1373,1134,239,1627,524,5,8,51,17,86.3,Handover,22,17.41,No
LA105051,Junagadh,680,314,366,375,128,3,12,43,11,70.7,Compensation,51,53.82,Yes
LA105052,Valsad,269,160,109,154,33,4,11,35,4,83.8,Compensation,27,40.52,No
LA105053,Banaskantha,1446,1257,189,1694,37,10,8,4,27,79.9,Handover,30,13.07,Yes
LA105054,Vadodara,1375,1207,168,1267,189,4,7,45,15,86.3,Handover,0,12.22,No
LA105055,Banaskantha,121,105,16,158,80,4,13,0,6,84.5,Handover,0,13.22,No
LA105056,Mehsana,1359,756,603,959,31,6,13,0,14,65.4,Compensation,0,44.37,No
LA105057,Patan,1424,1044,380,801,321,7,10,0,11,78.3,Handover,0,26.69,No
LA105058,Rajkot,1253,816,437,1127,638,6,9,44,11,79.9,Acquisition,13,34.88,No
LA105059,Jamnagar,420,121,299,509,61,9,6,47,9,57.0,Objection,51,71.19,Yes
LA105060,Mehsana,965,463,502,1375,584,5,15,11,20,74.1,Acquisition,12,52.02,Yes
LA105061,Morbi,830,401,429,1117,289,8,7,38,19,61.8,Objection,0,51.69,No
LA105062,Mehsana,949,782,167,935,637,2,8,44,24,84.6,Handover,22,17.6,No
LA105063,Navsari,944,704,240,1210,133,7,7,0,15,87.4,Acquisition,0,25.42,No
LA105064,Surat,977,718,259,599,271,3,10,59,16,79.3,Acquisition,11,26.51,No
LA105065,Mehsana,795,531,264,847,384,2,13,37,19,79.6,Acquisition,41,33.21,Yes
LA105066,Bhavnagar,1051,493,558,1452,182,7,9,15,19,57.8,Objection,51,53.09,No
LA105067,Jamnagar,814,520,294,738,481,1,10,28,9,69.1,Acquisition,19,36.12,No
LA105068,Rajkot,73,68,5,103,20,4,5,3,5,90.3,Acquisition,14,6.85,No
LA105069,Rajkot,101,67,34,76,13,1,7,26,9,75.9,Compensation,10,33.66,No
LA105070,Bhavnagar,1440,980,460,929,44,5,8,8,13,62.2,Compensation,30,31.94,No
LA105071,Banaskantha,1369,940,429,1400,293,4,19,6,27,82.6,Acquisition,24,31.34,No
LA105072,Ahmedabad,899,536,363,1229,277,5,9,89,16,60.1,Compensation,55,40.38,Yes
LA105073,Jamnagar,303,234,69,252,75,3,5,10,11,83.1,Acquisition,37,22.77,Yes
LA105074,Bhavnagar,1183,679,504,1503,553,6,14,6,18,86.9,Acquisition,0,42.6,Yes
LA105075,Kheda,257,233,24,180,60,3,9,68,2,87.7,Acquisition,46,9.34,No
LA105076,Ahmedabad,597,291,306,729,262,7,8,46,13,70.6,Objection,45,51.26,Yes
LA105077,Bhavnagar,528,337,191,555,53,0,10,36,17,78.3,Acquisition,10,36.17,No
LA105078,Surat,67,56,11,47,4,4,5,53,4,86.4,Acquisition,0,16.42,Yes
LA105079,Patan,1220,779,441,1459,291,5,13,23,24,82.9,Handover,10,36.15,Yes
LA105080,Gandhinagar,789,607,182,941,48,1,7,2,20,88.7,Handover,79,23.07,No
LA105081,Mehsana,508,443,65,515,115,5,6,20,14,91.5,Handover,19,12.8,No
LA105082,Bhavnagar,785,405,380,591,125,6,8,0,5,72.4,Compensation,0,48.41,No
LA105083,Bhavnagar,50,25,25,33,12,3,6,11,4,65.6,Compensation,15,50.0,No
LA105084,Kheda,684,416,268,965,353,4,10,0,13,76.6,Compensation,9,39.18,No
LA105085,Banaskantha,803,633,170,916,214,6,13,1,19,81.0,Acquisition,5,21.17,No
LA105086,Amreli,542,425,117,693,250,5,8,40,11,75.1,Acquisition,10,21.59,No
LA105087,Bhavnagar,1254,627,627,1476,377,9,13,73,18,73.5,Compensation,52,50.0,Yes
LA105088,Junagadh,412,303,109,534,132,7,11,18,8,84.2,Handover,8,26.46,No
LA105089,Bharuch,249,179,70,173,50,4,11,40,5,88.1,Acquisition,0,28.11,No
LA105090,Jamnagar,815,602,213,813,53,6,10,20,12,85.0,Handover,64,26.13,No
LA105091,Gandhinagar,1337,1242,95,1538,474,4,9,4,21,86.5,Handover,0,7.11,No
LA105092,Jamnagar,594,440,154,382,139,7,12,48,13,81.9,Handover,59,25.93,No
LA105093,Rajkot,117,46,71,80,37,3,7,25,6,59.0,Compensation,17,60.68,Yes
LA105094,Junagadh,1457,615,842,1633,703,8,6,66,21,68.8,Objection,11,57.79,Yes
LA105095,Anand,694,318,376,924,224,4,5,42,15,50.4,Compensation,6,54.18,Yes
LA105096,Junagadh,300,175,125,343,139,4,9,28,7,75.1,Compensation,0,41.67,Yes
LA105097,Bhavnagar,943,570,373,549,338,3,6,17,15,80.1,Acquisition,26,39.55,No
LA105098,Rajkot,513,246,267,730,226,2,7,26,7,58.7,Objection,1,52.05,No
LA105099,Junagadh,1410,722,688,953,179,6,15,107,16,59.2,Objection,28,48.79,Yes
LA105100,Vadodara,476,336,140,361,72,2,4,18,9,85.7,Acquisition,0,29.41,No
LA105101,Gandhinagar,848,491,357,1210,208,5,8,0,18,79.3,Compensation,4,42.1,Yes
LA105102,Bhavnagar,838,589,249,1042,55,7,6,0,16,69.5,Acquisition,15,29.71,No
LA105103,Amreli,401,350,51,559,110,2,8,9,8,91.2,Handover,35,12.72,No
LA105104,Surat,774,556,218,988,381,5,10,13,11,74.4,Acquisition,42,28.17,Yes
LA105105,Junagadh,208,108,100,236,112,3,11,27,5,68.3,Compensation,3,48.08,Yes
LA105106,Banaskantha,984,505,479,793,136,3,8,64,11,72.2,Compensation,35,48.68,No
LA105107,Morbi,1150,330,820,971,363,6,12,0,14,48.8,Notification,5,71.3,Yes
LA105108,Sabarkantha,1428,418,1010,2003,445,7,10,47,26,58.4,Objection,31,70.73,Yes
LA105109,Junagadh,522,419,103,691,126,4,4,104,11,94.1,Handover,1,19.73,No
LA105110,Banaskantha,463,293,170,404,52,3,8,7,8,81.7,Acquisition,6,36.72,No
LA105111,Banaskantha,846,680,166,750,283,2,15,73,10,91.9,Handover,37,19.62,No
LA105112,Rajkot,1055,849,206,863,222,4,10,25,16,90.8,Acquisition,20,19.53,Yes
LA105113,Anand,1490,1232,258,1257,426,8,3,17,14,92.5,Handover,0,17.32,No
LA105114,Sabarkantha,86,66,20,114,24,5,4,25,7,93.7,Handover,0,23.26,No
LA105115,Bharuch,395,224,171,221,94,3,7,48,10,80.4,Compensation,4,43.29,Yes
LA105116,Bhavnagar,430,193,237,405,134,3,5,12,12,72.0,Compensation,0,55.12,No
LA105117,Panchmahal,420,239,181,587,80,6,12,12,6,68.0,Compensation,64,43.1,No
LA105118,Vadodara,722,559,163,750,18,6,8,17,7,87.2,Acquisition,0,22.58,No
LA105119,Vadodara,1316,794,522,1257,300,7,10,9,17,85.6,Acquisition,4,39.67,Yes
LA105120,Morbi,94,60,34,78,25,5,5,0,5,62.8,Handover,10,36.17,Yes
LA105121,Sabarkantha,1233,828,405,760,155,6,9,35,15,71.5,Compensation,0,32.85,Yes
LA105122,Valsad,946,538,408,711,192,6,8,13,15,79.0,Acquisition,37,43.13,Yes
LA105123,Banaskantha,942,726,216,595,114,4,8,37,15,85.7,Handover,8,22.93,No
LA105124,Gandhinagar,1034,675,359,687,99,4,8,7,12,78.6,Acquisition,41,34.72,No
LA105125,Patan,217,162,55,151,34,1,8,13,6,83.7,Handover,49,25.35,No
LA105126,Patan,1133,955,178,931,365,2,6,7,13,93.2,Handover,0,15.71,No
LA105127,Vadodara,410,313,97,230,13,7,6,33,10,81.3,Acquisition,33,23.66,No
LA105128,Bharuch,799,573,226,1123,300,2,11,2,19,69.8,Acquisition,38,28.29,No
LA105129,Rajkot,1032,621,411,683,194,5,0,25,16,70.0,Acquisition,11,39.83,No
LA105130,Anand,926,758,168,829,110,2,7,34,16,87.7,Acquisition,63,18.14,Yes
LA105131,Amreli,518,447,71,695,234,5,5,91,11,83.3,Acquisition,58,13.71,Yes
LA105132,Mehsana,624,458,166,403,158,3,7,61,5,89.8,Acquisition,3,26.6,Yes
LA105133,Ahmedabad,741,480,261,730,137,6,9,39,12,85.5,Acquisition,37,35.22,No
LA105134,Morbi,109,93,16,143,58,4,1,14,7,89.4,Acquisition,6,14.68,Yes
LA105135,Bhavnagar,1103,502,601,1160,82,3,9,47,24,70.5,Objection,2,54.49,Yes
LA105136,Morbi,195,112,83,144,98,1,7,66,5,77.5,Acquisition,0,42.56,Yes
LA105137,Valsad,715,642,73,867,23,8,4,25,16,86.0,Handover,7,10.21,No
LA105138,Surat,1000,594,406,1163,546,5,14,69,15,87.7,Acquisition,0,40.6,Yes
LA105139,Jamnagar,166,139,27,145,59,5,8,25,5,91.3,Handover,22,16.27,Yes
LA105140,Kheda,1494,856,638,884,351,4,11,34,12,83.3,Acquisition,11,42.7,Yes
LA105141,Navsari,597,302,295,333,76,3,9,0,9,60.2,Compensation,3,49.41,No
LA105142,Vadodara,72,57,15,93,57,3,7,25,8,73.8,Handover,0,20.83,No
LA105143,Bharuch,1005,673,332,844,63,3,6,0,19,88.2,Acquisition,0,33.03,Yes
LA105144,Ahmedabad,859,299,560,579,37,7,8,25,13,68.8,Objection,0,65.19,No
LA105145,Rajkot,979,631,348,995,125,7,2,9,11,73.4,Acquisition,108,35.55,Yes
LA105146,Kheda,1139,528,611,1570,264,4,11,57,28,65.8,Objection,20,53.64,Yes
LA105147,Surat,740,563,177,413,120,1,7,49,8,88.9,Acquisition,16,23.92,No
LA105148,Kheda,1249,951,298,750,307,4,11,1,15,84.0,Acquisition,25,23.86,Yes
LA105149,Sabarkantha,587,457,130,543,60,3,6,9,9,83.8,Acquisition,14,22.15,No
LA105150,Sabarkantha,841,486,355,974,96,3,11,21,11,65.3,Objection,57,42.21,Yes
LA105151,Panchmahal,280,220,60,274,143,3,5,38,5,89.9,Handover,11,21.43,Yes
LA105152,Bharuch,949,816,133,1289,323,4,9,26,18,92.3,Handover,0,14.01,No
LA105153,Patan,429,300,129,253,38,5,7,28,7,83.4,Compensation,0,30.07,Yes
LA105154,Jamnagar,1060,746,314,907,506,6,5,22,12,85.1,Acquisition,30,29.62,Yes
LA105155,Junagadh,1212,744,468,1050,294,6,13,0,16,74.0,Compensation,13,38.61,No
LA105156,Navsari,1296,941,355,1110,507,6,2,0,14,78.8,Handover,22,27.39,Yes
LA105157,Morbi,1398,702,696,1383,602,7,10,0,26,69.5,Compensation,22,49.79,Yes
LA105158,Jamnagar,227,151,76,286,75,0,4,5,10,76.4,Objection,33,33.48,No
LA105159,Junagadh,250,160,90,209,58,2,3,22,4,80.3,Compensation,19,36.0,No
LA105160,Junagadh,1393,614,779,1700,226,6,9,58,24,64.7,Compensation,19,55.92,Yes
LA105161,Anand,602,461,141,410,287,5,7,18,10,78.1,Acquisition,40,23.42,No
LA105162,Panchmahal,87,63,24,92,32,2,9,5,8,80.4,Acquisition,47,27.59,No
LA105163,Junagadh,466,362,104,414,149,3,9,51,9,85.3,Acquisition,25,22.32,Yes
LA105164,Morbi,1263,762,501,1308,217,6,13,15,25,81.5,Acquisition,2,39.67,No
LA105165,Bhavnagar,565,302,263,366,107,2,6,0,9,68.9,Acquisition,24,46.55,No
LA105166,Patan,161,115,46,227,94,7,8,0,9,77.6,Compensation,0,28.57,Yes
LA105167,Ahmedabad,1097,670,427,1498,54,5,11,13,23,70.1,Acquisition,0,38.92,Yes
LA105168,Sabarkantha,332,247,85,430,55,4,7,39,5,62.4,Acquisition,14,25.6,No
LA105169,Mehsana,561,427,134,759,152,2,9,45,10,85.3,Acquisition,8,23.89,No
LA105170,Rajkot,55,25,30,38,10,3,8,13,7,64.6,Objection,25,54.55,No
LA105171,Amreli,923,534,389,926,412,5,10,19,9,74.6,Acquisition,8,42.15,No
LA105172,Ahmedabad,696,409,287,582,401,3,8,38,8,79.3,Compensation,21,41.24,Yes
LA105173,Patan,1308,605,703,1764,695,10,11,9,25,65.9,Compensation,5,53.75,Yes
LA105174,Banaskantha,535,366,169,385,103,4,13,9,5,79.4,Acquisition,0,31.59,No
LA105175,Mehsana,346,211,135,259,67,5,5,78,8,77.6,Compensation,26,39.02,No
LA105176,Patan,290,201,89,339,122,2,7,21,14,68.8,Compensation,4,30.69,No
LA105177,Panchmahal,340,265,75,214,73,3,7,10,6,80.9,Acquisition,28,22.06,No
LA105178,Gandhinagar,704,597,107,851,254,2,7,10,16,87.4,Handover,74,15.2,Yes
LA105179,Navsari,176,110,66,139,39,2,7,3,7,77.2,Acquisition,23,37.5,No
LA105180,Banaskantha,633,527,106,725,316,4,11,77,12,85.5,Handover,42,16.75,Yes
LA105181,Patan,1290,921,369,1723,678,3,6,35,33,73.6,Acquisition,16,28.6,No
LA105182,Junagadh,1163,1108,55,1278,235,3,5,34,22,90.2,Handover,16,4.73,No
LA105183,Anand,974,558,416,722,268,5,7,24,13,75.0,Compensation,5,42.71,Yes
LA105184,Banaskantha,1345,1083,262,799,212,10,14,43,11,91.2,Acquisition,24,19.48,Yes
LA105185,Ahmedabad,1182,881,301,698,47,3,5,0,8,92.7,Handover,68,25.47,No
LA105186,Jamnagar,996,869,127,627,307,5,9,20,9,73.3,Handover,20,12.75,Yes
LA105187,Sabarkantha,1302,1020,282,1396,308,2,9,37,22,91.2,Handover,15,21.66,No
LA105188,Junagadh,230,146,84,199,56,4,8,0,7,64.1,Compensation,6,36.52,No
LA105189,Vadodara,1237,791,446,951,123,7,5,14,15,74.7,Acquisition,34,36.05,No
LA105190,Junagadh,478,299,179,357,103,4,7,17,13,66.9,Acquisition,34,37.45,Yes
LA105191,Surat,1113,613,500,1562,437,7,10,0,14,68.2,Acquisition,9,44.92,No
LA105192,Junagadh,1375,1001,374,903,134,2,10,0,16,75.8,Acquisition,8,27.2,No
LA105193,Kheda,769,637,132,634,79,1,8,12,6,90.9,Handover,13,17.17,No
LA105194,Banaskantha,178,171,7,173,35,2,12,5,7,89.8,Handover,10,3.93,No
LA105195,Anand,587,256,331,323,46,2,9,0,9,54.7,Objection,9,56.39,No
LA105196,Banaskantha,640,367,273,882,122,5,8,1,19,76.8,Acquisition,24,42.66,Yes
LA105197,Panchmahal,1409,697,712,901,127,2,10,45,17,58.2,Objection,25,50.53,Yes
LA105198,Bhavnagar,1417,959,458,1650,457,7,11,25,15,79.5,Compensation,4,32.32,No
LA105199,Jamnagar,874,377,497,975,194,6,6,18,20,66.2,Compensation,0,56.86,Yes
LA105200,Rajkot,1429,954,475,1826,709,9,12,20,27,75.3,Compensation,0,33.24,Yes
LA105201,Patan,683,421,262,776,260,4,12,17,21,79.7,Acquisition,30,38.36,No
LA105202,Valsad,646,409,237,803,366,6,7,22,25,77.7,Acquisition,11,36.69,Yes
LA105203,Panchmahal,1263,935,328,1173,27,5,8,14,18,85.0,Acquisition,1,25.97,No
LA105204,Bharuch,1018,471,547,1008,298,6,11,19,19,78.5,Compensation,11,53.73,No
LA105205,Banaskantha,807,498,309,953,442,4,6,23,14,78.1,Compensation,61,38.29,Yes
LA105206,Gandhinagar,712,584,128,756,115,7,7,0,20,84.3,Acquisition,81,17.98,Yes
LA105207,Vadodara,1073,771,302,1084,171,5,7,37,10,85.2,Acquisition,7,28.15,No
LA105208,Kheda,1143,541,602,840,321,3,11,14,15,78.4,Compensation,26,52.67,Yes
LA105209,Bharuch,761,350,411,595,176,6,7,27,7,60.5,Objection,38,54.01,No
LA105210,Surat,95,54,41,83,31,3,7,16,7,65.6,Objection,10,43.16,Yes
LA105211,Kheda,197,122,75,110,33,3,1,107,8,77.2,Acquisition,1,38.07,Yes
LA105212,Gandhinagar,259,181,78,240,63,2,5,8,3,84.1,Compensation,27,30.12,No
LA105213,Navsari,720,308,412,398,56,6,12,2,11,60.9,Objection,39,57.22,No
LA105214,Surat,941,765,176,996,312,6,6,62,17,86.4,Acquisition,35,18.7,No
LA105215,Surat,1216,784,432,1439,585,4,6,2,17,84.2,Compensation,0,35.53,No
LA105216,Surat,387,283,104,409,110,5,6,31,14,79.6,Acquisition,6,26.87,No
LA105217,Panchmahal,1191,699,492,1398,487,5,7,4,24,73.8,Compensation,2,41.31,No
LA105218,Bhavnagar,1016,854,162,559,230,6,10,18,9,83.1,Acquisition,35,15.94,No
LA105219,Amreli,124,47,77,75,27,2,9,63,4,57.0,Objection,12,62.1,Yes
LA105220,Bharuch,559,348,211,659,85,5,8,14,13,84.8,Acquisition,12,37.75,No
LA105221,Bharuch,489,256,233,622,211,4,11,9,11,59.9,Compensation,16,47.65,No
LA105222,Navsari,1336,690,646,1598,1276,4,11,47,18,60.4,Compensation,35,48.35,Yes
LA105223,Rajkot,1386,980,406,1589,855,7,9,24,24,78.6,Acquisition,0,29.29,Yes
LA105224,Sabarkantha,1238,552,686,1469,224,8,11,97,24,50.7,Objection,2,55.41,Yes
LA105225,Rajkot,816,316,500,992,307,2,10,1,19,62.3,Objection,35,61.27,Yes
LA105226,Surat,765,471,294,919,620,4,9,5,14,81.2,Acquisition,10,38.43,Yes
LA105227,Mehsana,501,300,201,608,131,6,7,48,15,60.4,Compensation,0,40.12,Yes
LA105228,Vadodara,1171,863,308,722,75,6,6,17,23,81.1,Acquisition,0,26.3,Yes
LA105229,Ahmedabad,175,63,112,106,22,1,6,13,4,55.0,Notification,34,64.0,No
LA105230,Mehsana,443,215,228,388,70,1,12,43,9,78.1,Acquisition,20,51.47,Yes
LA105231,Anand,246,108,138,252,107,4,7,0,3,69.3,Objection,0,56.1,No
LA105232,Valsad,767,390,377,948,118,2,10,0,18,72.9,Compensation,9,49.15,Yes
LA105233,Amreli,484,233,251,412,73,4,5,28,7,66.9,Objection,12,51.86,No
LA105234,Mehsana,336,230,106,268,63,0,11,65,7,77.4,Acquisition,0,31.55,Yes
LA105235,Panchmahal,596,257,339,747,160,4,11,18,13,69.6,Compensation,72,56.88,Yes
LA105236,Amreli,1299,674,625,1006,119,7,14,39,8,70.0,Acquisition,9,48.11,No
LA105237,Banaskantha,859,337,522,1107,403,4,2,32,12,65.1,Objection,8,60.77,No
LA105238,Morbi,1244,603,641,883,427,4,12,12,18,65.9,Compensation,0,51.53,Yes
LA105239,Bhavnagar,1376,1076,300,1202,465,8,5,20,25,67.4,Acquisition,7,21.8,Yes
LA105240,Kheda,1359,1122,237,1238,502,2,10,34,19,82.3,Handover,14,17.44,No
LA105241,Anand,559,369,190,458,234,7,8,3,9,72.8,Acquisition,109,33.99,Yes
LA105242,Rajkot,1323,853,470,732,310,3,12,10,9,81.4,Compensation,26,35.53,No
LA105243,Sabarkantha,1369,990,379,1043,247,5,16,11,16,93.7,Acquisition,10,27.68,No
LA105244,Anand,1442,915,527,1231,463,10,9,97,12,76.5,Compensation,0,36.55,Yes
LA105245,Panchmahal,559,287,272,465,254,9,11,71,11,78.8,Compensation,0,48.66,Yes
LA105246,Amreli,381,251,130,479,140,3,8,0,7,72.0,Compensation,0,34.12,No
LA105247,Rajkot,897,582,315,532,81,6,11,22,9,78.8,Compensation,96,35.12,No
LA105248,Banaskantha,1402,560,842,1262,46,6,13,33,24,54.5,Objection,0,60.06,Yes
LA105249,Vadodara,1356,867,489,792,300,6,8,16,12,91.4,Acquisition,16,36.06,No
LA105250,Jamnagar,878,590,288,1218,524,6,10,28,17,78.7,Acquisition,0,32.8,Yes
LA105251,Bhavnagar,266,186,80,335,65,1,6,68,7,83.8,Acquisition,24,30.08,No
LA105252,Rajkot,663,458,205,951,201,0,7,45,19,89.6,Acquisition,69,30.92,Yes
LA105253,Bharuch,1086,743,343,1487,465,7,5,18,19,78.2,Compensation,9,31.58,Yes
LA105254,Panchmahal,863,489,374,720,304,3,9,37,15,73.2,Acquisition,16,43.34,Yes
LA105255,Mehsana,551,215,336,646,248,3,9,2,14,50.7,Notification,0,60.98,Yes
LA105256,Kheda,547,415,132,452,194,5,7,56,9,81.5,Acquisition,28,24.13,Yes
LA105257,Banaskantha,136,50,86,184,56,5,10,29,6,60.9,Objection,12,63.24,No
LA105258,Amreli,468,267,201,430,204,2,4,70,7,68.8,Compensation,0,42.95,Yes
LA105259,Valsad,1021,691,330,907,54,5,10,16,9,78.8,Compensation,58,32.32,No
LA105260,Kheda,400,307,93,549,192,4,10,90,19,76.4,Compensation,3,23.25,No
LA105261,Vadodara,1491,1089,402,1943,408,13,8,85,35,76.8,Acquisition,8,26.96,Yes
LA105262,Banaskantha,169,123,46,240,90,5,6,0,4,87.2,Acquisition,0,27.22,No
LA105263,Vadodara,904,631,273,551,227,4,6,18,14,85.4,Acquisition,11,30.2,Yes
LA105264,Junagadh,770,611,159,592,354,7,10,12,20,88.9,Acquisition,16,20.65,Yes
LA105265,Vadodara,1259,308,951,1033,327,5,12,80,18,50.3,Objection,21,75.54,Yes
LA105266,Rajkot,1338,492,846,1247,693,3,19,33,23,60.2,Compensation,48,63.23,Yes
LA105267,Surat,838,589,249,818,385,2,11,99,13,86.3,Acquisition,0,29.71,Yes
LA105268,Surat,964,391,573,783,100,3,8,3,14,76.6,Objection,33,59.44,No
LA105269,Valsad,1064,694,370,1342,429,7,5,20,12,86.4,Handover,5,34.77,No
LA105270,Junagadh,805,506,299,604,408,6,6,53,15,78.2,Compensation,4,37.14,Yes
LA105271,Navsari,318,241,77,374,37,4,9,42,10,61.9,Acquisition,0,24.21,No
LA105272,Junagadh,671,396,275,883,126,4,14,26,14,77.6,Compensation,12,40.98,No
LA105273,Ahmedabad,400,171,229,437,147,5,10,22,10,50.7,Objection,36,57.25,Yes
LA105274,Rajkot,723,472,251,628,260,8,12,47,11,79.2,Acquisition,19,34.72,Yes
LA105275,Gandhinagar,942,788,154,677,210,4,10,40,22,90.2,Handover,4,16.35,No
LA105276,Panchmahal,353,205,148,237,77,2,8,3,7,80.7,Compensation,22,41.93,No
LA105277,Panchmahal,411,222,189,501,124,3,11,24,13,81.3,Compensation,7,45.99,No
LA105278,Gandhinagar,1244,718,526,1209,173,4,12,21,16,57.9,Compensation,8,42.28,No
LA105279,Surat,598,204,394,354,11,3,8,25,7,61.0,Notification,32,65.89,Yes
LA105280,Jamnagar,337,140,197,484,232,5,8,10,10,42.2,Notification,34,58.46,Yes
LA105281,Ahmedabad,1084,799,285,1251,61,7,6,50,13,88.5,Acquisition,34,26.29,No
LA105282,Anand,1089,819,270,1426,487,4,11,4,16,94.0,Handover,77,24.79,Yes
LA105283,Junagadh,1248,563,685,1179,150,2,9,113,18,63.7,Compensation,8,54.89,Yes
LA105284,Gandhinagar,1152,988,164,1624,578,11,12,7,18,81.5,Acquisition,8,14.24,Yes
LA105285,Patan,1489,832,657,1086,215,6,7,31,13,75.2,Acquisition,4,44.12,Yes
LA105286,Patan,884,469,415,633,359,3,5,22,9,69.7,Compensation,18,46.95,No
LA105287,Rajkot,466,286,180,630,335,4,8,41,15,64.8,Acquisition,3,38.63,Yes
LA105288,Valsad,1302,626,676,1761,141,11,13,27,24,57.3,Objection,0,51.92,Yes
LA105289,Bhavnagar,434,260,174,434,155,3,5,18,8,53.5,Compensation,5,40.09,Yes
LA105290,Banaskantha,472,388,84,313,1,5,10,55,10,82.3,Handover,5,17.8,No
LA105291,Patan,1252,648,604,1033,403,1,9,10,18,71.4,Objection,41,48.24,Yes
LA105292,Ahmedabad,1329,1090,239,1633,458,4,8,40,25,80.8,Handover,49,17.98,No
LA105293,Sabarkantha,542,299,243,711,402,1,10,19,14,85.7,Acquisition,42,44.83,Yes
LA105294,Jamnagar,1108,654,454,956,170,6,9,12,12,64.6,Objection,0,40.97,Yes
LA105295,Panchmahal,1388,706,682,840,220,10,13,51,12,70.2,Compensation,46,49.14,Yes
LA105296,Navsari,1208,1002,206,1388,154,5,10,43,15,88.1,Handover,0,17.05,No
LA105297,Vadodara,57,56,1,69,35,2,8,11,6,90.8,Handover,17,1.75,No
LA105298,Bharuch,1014,502,512,945,131,2,12,14,25,78.2,Compensation,22,50.49,No
LA105299,Vadodara,296,256,40,318,110,4,5,18,9,88.4,Handover,12,13.51,No
LA105300,Patan,1278,971,307,1839,401,9,14,3,17,79.5,Handover,36,24.02,Yes
LA105301,Bhavnagar,147,84,63,113,52,0,9,30,6,63.9,Compensation,33,42.86,No
LA105302,Vadodara,1490,786,704,1588,627,5,8,113,23,74.9,Compensation,70,47.25,Yes
LA105303,Vadodara,307,150,157,338,76,3,10,7,11,63.1,Objection,0,51.14,No
LA105304,Valsad,659,328,331,688,500,3,4,21,11,72.0,Compensation,32,50.23,Yes
LA105305,Kheda,389,292,97,518,148,2,8,6,9,82.5,Acquisition,123,24.94,Yes
LA105306,Ahmedabad,1230,446,784,1346,257,6,10,71,20,62.8,Objection,7,63.74,Yes
LA105307,Surat,620,403,217,624,236,9,10,19,12,81.1,Acquisition,50,35.0,Yes
LA105308,Bharuch,1130,818,312,747,377,1,7,67,11,78.1,Compensation,4,27.61,Yes
LA105309,Navsari,147,89,58,174,35,3,7,28,3,79.6,Acquisition,31,39.46,No
LA105310,Bharuch,707,537,170,473,256,2,8,0,10,90.8,Acquisition,9,24.05,No
LA105311,Anand,1371,763,608,787,235,2,10,16,12,76.9,Acquisition,18,44.35,No
LA105312,Bhavnagar,1395,1102,293,1381,478,8,20,51,17,87.6,Handover,28,21.0,No
LA105313,Morbi,352,175,177,375,240,3,5,11,3,64.4,Compensation,16,50.28,No
LA105314,Bharuch,622,252,370,901,229,6,12,27,21,61.4,Compensation,55,59.49,Yes
LA105315,Patan,643,386,257,766,267,6,9,46,16,78.3,Compensation,37,39.97,Yes
LA105316,Vadodara,870,641,229,1143,299,6,3,12,14,83.6,Acquisition,0,26.32,No
LA105317,Bharuch,829,336,493,714,559,0,9,15,16,64.4,Objection,49,59.47,Yes
LA105318,Patan,203,129,74,205,21,3,10,21,2,76.0,Compensation,0,36.45,No
LA105319,Banaskantha,1156,612,544,1649,529,9,9,29,27,65.8,Compensation,24,47.06,Yes
LA105320,Mehsana,377,273,104,349,104,4,4,5,6,82.4,Acquisition,11,27.59,No
LA105321,Anand,506,294,212,646,115,9,9,35,14,75.6,Acquisition,73,41.9,Yes
LA105322,Anand,1269,890,379,1299,773,13,14,87,22,76.3,Compensation,20,29.87,Yes
LA105323,Vadodara,1050,657,393,789,154,2,10,47,15,66.1,Compensation,5,37.43,Yes
LA105324,Patan,625,286,339,670,46,2,9,240,15,53.6,Objection,46,54.24,Yes
LA105325,Surat,1373,852,521,1025,191,3,13,15,17,72.5,Compensation,96,37.95,Yes
LA105326,Anand,621,371,250,343,227,4,8,10,8,85.4,Compensation,26,40.26,Yes
LA105327,Anand,870,608,262,663,166,4,7,29,11,66.3,Acquisition,11,30.11,No
LA105328,Navsari,406,334,72,294,178,2,10,2,6,92.4,Handover,20,17.73,No
LA105329,Panchmahal,315,191,124,278,62,5,8,16,5,70.2,Compensation,26,39.37,No
LA105330,Ahmedabad,763,398,365,1030,432,4,11,8,11,71.9,Compensation,28,47.84,No
LA105331,Mehsana,866,403,463,779,42,7,11,40,16,62.2,Compensation,6,53.46,Yes
LA105332,Valsad,1219,970,249,1598,181,5,9,51,21,79.7,Acquisition,20,20.43,Yes
LA105333,Gandhinagar,617,550,67,648,166,3,11,18,14,92.0,Handover,3,10.86,No
LA105334,Amreli,1348,642,706,751,370,4,13,42,9,64.1,Compensation,0,52.37,Yes
LA105335,Surat,931,827,104,670,361,4,10,0,16,85.0,Handover,7,11.17,No
LA105336,Morbi,151,80,71,210,37,6,8,43,6,75.1,Acquisition,32,47.02,Yes
LA105337,Mehsana,1122,350,772,1227,179,4,9,42,27,61.6,Objection,29,68.81,Yes
LA105338,Vadodara,884,390,494,1226,359,7,14,0,18,75.7,Acquisition,18,55.88,Yes
LA105339,Morbi,614,526,88,509,87,5,8,52,10,88.8,Acquisition,25,14.33,No
LA105340,Bhavnagar,728,396,332,870,585,3,9,0,13,73.8,Compensation,15,45.6,No
LA105341,Anand,487,319,168,606,381,4,7,29,9,78.8,Compensation,20,34.5,Yes
LA105342,Anand,941,823,118,1344,574,8,6,4,19,87.7,Handover,2,12.54,No
LA105343,Rajkot,872,432,440,494,173,4,10,14,15,60.0,Objection,43,50.46,Yes
LA105344,Navsari,698,343,355,982,274,4,19,1,16,73.5,Acquisition,16,50.86,No
LA105345,Anand,463,358,105,418,32,2,10,20,10,73.5,Acquisition,28,22.68,No
LA105346,Navsari,628,408,220,819,75,4,11,5,12,79.7,Compensation,36,35.03,Yes
LA105347,Patan,772,525,247,803,124,4,6,12,16,80.4,Compensation,0,31.99,No
LA105348,Bharuch,734,476,258,777,302,3,17,21,16,83.5,Acquisition,71,35.15,Yes
LA105349,Valsad,498,244,254,435,35,2,9,15,6,72.7,Compensation,14,51.0,No
LA105350,Amreli,894,545,349,1158,314,1,8,17,13,71.3,Acquisition,10,39.04,Yes
LA105351,Jamnagar,378,124,254,298,117,5,10,33,6,60.9,Objection,27,67.2,Yes
LA105352,Jamnagar,776,514,262,771,200,4,9,11,12,79.0,Compensation,22,33.76,No
LA105353,Junagadh,226,195,31,238,93,5,8,13,13,82.3,Handover,44,13.72,No
LA105354,Banaskantha,735,513,222,895,433,4,4,116,10,74.6,Acquisition,15,30.2,Yes
LA105355,Morbi,1187,741,446,1157,716,7,7,31,21,72.9,Compensation,29,37.57,Yes
LA105356,Ahmedabad,1236,728,508,1437,481,5,11,19,15,81.6,Acquisition,44,41.1,Yes
LA105357,Anand,1058,865,193,1044,332,6,7,21,13,93.0,Handover,22,18.24,No
LA105358,Kheda,1131,669,462,1293,361,6,10,5,24,79.1,Acquisition,31,40.85,Yes
LA105359,Rajkot,145,103,42,168,8,2,4,19,3,69.2,Handover,32,28.97,Yes
LA105360,Morbi,545,226,319,648,136,6,5,62,12,60.0,Compensation,0,58.53,Yes
LA105361,Kheda,999,729,270,1290,584,4,11,11,24,91.6,Acquisition,0,27.03,No
LA105362,Banaskantha,1211,637,574,1255,872,6,12,11,16,67.8,Compensation,52,47.4,Yes
LA105363,Morbi,895,526,369,648,250,4,7,59,12,78.6,Acquisition,6,41.23,Yes
LA105364,Panchmahal,1288,781,507,1496,459,9,10,25,25,71.0,Acquisition,86,39.36,Yes
LA105365,Bhavnagar,446,338,108,276,45,4,6,0,11,70.4,Acquisition,15,24.22,No
LA105366,Surat,272,156,116,203,80,5,5,89,8,70.1,Compensation,18,42.65,Yes
LA105367,Junagadh,175,89,86,221,6,6,7,37,8,72.8,Objection,11,49.14,No
LA105368,Surat,895,625,270,843,351,5,6,32,11,83.0,Acquisition,27,30.17,Yes
LA105369,Surat,1015,330,685,1013,284,3,8,25,15,59.0,Notification,8,67.49,Yes
LA105370,Amreli,463,452,11,666,48,4,13,16,14,80.7,Acquisition,49,2.38,No
LA105371,Patan,1187,1163,24,904,361,7,8,36,15,92.0,Handover,17,2.02,No
LA105372,Rajkot,1122,864,258,637,244,1,9,3,6,76.7,Acquisition,66,22.99,No
LA105373,Vadodara,572,360,212,372,142,2,12,3,11,68.4,Compensation,1,37.06,No
LA105374,Vadodara,396,279,117,305,189,2,10,0,12,83.6,Compensation,1,29.55,No
LA105375,Valsad,1127,699,428,1356,265,4,6,27,15,75.7,Acquisition,0,37.98,No
LA105376,Rajkot,1024,680,344,1278,558,10,6,28,22,80.4,Handover,27,33.59,Yes
LA105377,Mehsana,297,284,13,315,123,4,9,5,5,83.3,Handover,0,4.38,No
LA105378,Panchmahal,420,322,98,327,125,3,6,10,7,89.5,Acquisition,27,23.33,No
LA105379,Morbi,755,388,367,770,372,5,13,13,17,69.9,Objection,44,48.61,Yes
LA105380,Sabarkantha,791,504,287,446,250,6,9,108,5,76.9,Acquisition,53,36.28,Yes
LA105381,Kheda,290,225,65,337,166,6,12,58,4,83.9,Acquisition,7,22.41,Yes
LA105382,Rajkot,1426,261,1165,1573,354,7,8,21,23,66.3,Notification,53,81.7,Yes
LA105383,Jamnagar,613,413,200,349,123,5,5,0,8,75.7,Acquisition,4,32.63,No
LA105384,Sabarkantha,603,334,269,775,221,4,1,0,9,91.6,Acquisition,10,44.61,No
LA105385,Morbi,137,129,8,169,90,4,5,41,7,90.5,Handover,0,5.84,No
LA105386,Patan,1320,600,720,1092,465,4,13,33,14,75.0,Compensation,38,54.55,Yes
LA105387,Navsari,391,291,100,439,113,3,3,33,8,93.1,Handover,1,25.58,No
LA105388,Gandhinagar,1482,777,705,1617,995,5,9,48,30,83.2,Acquisition,0,47.57,Yes
LA105389,Vadodara,769,656,113,522,103,3,5,2,13,79.2,Acquisition,0,14.69,No
LA105390,Mehsana,1319,985,334,955,578,8,12,42,25,86.1,Handover,17,25.32,Yes
LA105391,Mehsana,309,232,77,360,62,2,6,0,8,66.0,Compensation,8,24.92,Yes
LA105392,Ahmedabad,290,249,41,403,163,10,6,21,6,78.1,Handover,8,14.14,Yes
LA105393,Amreli,1212,1017,195,1295,172,6,9,5,13,83.0,Acquisition,53,16.09,No
LA105394,Vadodara,1239,677,562,1315,407,7,12,46,17,80.5,Acquisition,35,45.36,Yes
LA105395,Kheda,838,658,180,949,457,5,3,99,19,88.0,Handover,4,21.48,Yes
LA105396,Junagadh,96,79,17,91,35,2,6,4,3,80.6,Acquisition,41,17.71,No
LA105397,Valsad,1419,884,535,850,365,7,7,0,13,71.1,Acquisition,0,37.7,No
LA105398,Vadodara,620,347,273,562,117,4,6,24,8,72.3,Compensation,9,44.03,No
LA105399,Amreli,1408,712,696,1915,188,4,13,62,37,60.7,Compensation,0,49.43,Yes
LA105400,Bhavnagar,1313,999,314,1673,438,5,15,5,26,83.2,Acquisition,17,23.91,No
LA105401,Patan,1285,410,875,1779,163,6,10,42,30,60.4,Objection,11,68.09,Yes
LA105402,Panchmahal,1049,684,365,721,230,3,8,8,15,82.5,Acquisition,16,34.8,No
LA105403,Junagadh,1026,741,285,1032,304,3,8,0,13,77.8,Acquisition,18,27.78,No
LA105404,Banaskantha,823,660,163,886,319,4,9,10,19,83.0,Acquisition,37,19.81,No
LA105405,Gandhinagar,85,50,35,63,4,8,6,0,5,69.1,Acquisition,34,41.18,No
LA105406,Anand,612,399,213,447,69,4,11,0,4,81.1,Compensation,0,34.8,No
LA105407,Morbi,1110,782,328,1392,117,3,7,103,25,83.9,Acquisition,97,29.55,Yes
LA105408,Anand,1228,908,320,1418,234,6,9,8,31,92.2,Acquisition,18,26.06,No
LA105409,Amreli,861,621,240,975,200,4,6,80,13,84.6,Acquisition,6,27.87,No
LA105410,Vadodara,1079,775,304,853,286,1,8,1,12,75.6,Acquisition,9,28.17,No
LA105411,Mehsana,81,71,10,81,5,6,10,33,7,76.2,Acquisition,1,12.35,No
LA105412,Panchmahal,729,444,285,416,97,4,8,0,8,84.4,Acquisition,3,39.09,No
LA105413,Sabarkantha,786,540,246,524,194,2,10,102,17,68.9,Acquisition,1,31.3,Yes
LA105414,Amreli,1344,770,574,1366,438,3,13,12,31,66.6,Compensation,0,42.71,Yes
LA105415,Anand,501,326,175,415,44,1,11,0,2,91.8,Handover,11,34.93,No
LA105416,Jamnagar,383,251,132,544,110,5,10,29,7,78.5,Acquisition,111,34.46,No
LA105417,Anand,561,290,271,547,300,5,13,11,13,66.6,Compensation,3,48.31,Yes
LA105418,Rajkot,297,181,116,186,50,3,9,35,6,73.5,Acquisition,1,39.06,No
LA105419,Kheda,860,682,178,487,303,3,10,24,10,80.6,Acquisition,20,20.7,No
LA105420,Valsad,982,799,183,1181,40,4,8,35,16,74.0,Acquisition,13,18.64,No
LA105421,Amreli,1212,1083,129,854,306,5,10,26,12,87.6,Handover,40,10.64,No
LA105422,Ahmedabad,1460,837,623,1050,212,6,7,0,17,68.2,Compensation,0,42.67,No
LA105423,Bharuch,156,130,26,145,13,4,9,29,2,90.9,Handover,22,16.67,No
LA105424,Junagadh,408,278,130,321,97,8,9,86,7,61.0,Compensation,10,31.86,Yes
LA105425,Banaskantha,486,193,293,537,171,3,14,54,7,63.6,Objection,14,60.29,Yes
LA105426,Morbi,412,385,27,407,82,4,3,33,12,91.8,Handover,58,6.55,No
LA105427,Navsari,1250,812,438,813,505,2,7,28,14,87.6,Acquisition,20,35.04,Yes
LA105428,Vadodara,252,98,154,317,106,7,7,0,11,67.3,Objection,4,61.11,No
LA105429,Banaskantha,93,61,32,87,24,2,6,33,3,72.0,Acquisition,22,34.41,No
LA105430,Banaskantha,1298,434,864,1427,783,3,14,70,23,63.4,Compensation,24,66.56,Yes
LA105431,Bhavnagar,1445,947,498,800,151,3,13,55,11,81.2,Acquisition,0,34.46,No
LA105432,Banaskantha,378,255,123,421,210,4,6,36,11,66.8,Acquisition,27,32.54,No
LA105433,Kheda,532,225,307,428,33,3,7,37,8,64.7,Objection,55,57.71,Yes
LA105434,Bharuch,780,646,134,776,363,1,7,63,9,77.0,Acquisition,13,17.18,No
LA105435,Panchmahal,813,323,490,665,354,3,8,6,12,74.7,Objection,12,60.27,Yes
LA105436,Rajkot,1487,1058,429,2151,1229,4,9,6,27,73.2,Acquisition,52,28.85,Yes
LA105437,Junagadh,636,415,221,482,82,4,8,2,9,90.0,Acquisition,24,34.75,No
LA105438,Gandhinagar,67,32,35,92,32,1,7,80,6,63.1,Compensation,2,52.24,Yes
LA105439,Anand,663,473,190,912,293,3,5,26,12,80.9,Acquisition,35,28.66,Yes
LA105440,Bhavnagar,857,683,174,796,129,4,8,0,16,93.2,Acquisition,33,20.3,No
LA105441,Rajkot,800,484,316,659,34,5,12,46,9,75.4,Acquisition,12,39.5,No
LA105442,Morbi,793,286,507,708,140,6,15,46,14,63.9,Objection,0,63.93,Yes
LA105443,Panchmahal,1388,1201,187,1999,501,5,7,8,25,83.9,Handover,76,13.47,No
LA105444,Bhavnagar,1221,659,562,1352,527,4,9,0,28,78.3,Compensation,5,46.03,Yes
LA105445,Valsad,415,262,153,432,56,12,10,29,8,86.6,Acquisition,10,36.87,No
LA105446,Panchmahal,565,457,108,329,69,3,7,2,7,92.6,Acquisition,6,19.12,No
LA105447,Banaskantha,1018,504,514,1337,194,8,8,22,27,69.3,Objection,13,50.49,Yes
LA105448,Ahmedabad,645,552,93,403,153,4,8,17,7,88.3,Acquisition,9,14.42,No
LA105449,Vadodara,671,377,294,397,206,7,9,19,8,73.9,Acquisition,7,43.82,Yes
LA105450,Mehsana,293,182,111,234,104,4,11,80,7,74.6,Compensation,34,37.88,Yes
LA105451,Gandhinagar,419,215,204,410,94,3,6,24,12,63.6,Objection,27,48.69,No
LA105452,Patan,1124,789,335,1524,484,9,11,30,23,73.0,Acquisition,18,29.8,No
LA105453,Anand,1273,935,338,1605,485,7,7,0,22,89.7,Acquisition,34,26.55,Yes
LA105454,Sabarkantha,1188,668,520,865,128,8,10,14,13,84.4,Acquisition,0,43.77,Yes
LA105455,Rajkot,496,280,216,439,187,2,8,29,7,76.8,Compensation,108,43.55,Yes
LA105456,Sabarkantha,248,154,94,311,75,3,9,26,14,63.9,Compensation,43,37.9,Yes
LA105457,Surat,281,192,89,288,107,4,10,49,12,77.1,Handover,1,31.67,No
LA105458,Vadodara,620,248,372,438,140,4,6,35,12,57.6,Objection,6,60.0,Yes
LA105459,Vadodara,801,359,442,726,413,4,9,60,14,58.1,Objection,8,55.18,Yes
LA105460,Bharuch,1345,582,763,1497,195,4,12,11,31,59.7,Compensation,12,56.73,Yes
LA105461,Ahmedabad,1354,1068,286,1931,519,8,3,21,21,82.6,Compensation,4,21.12,No
LA105462,Bhavnagar,53,43,10,61,13,0,11,39,11,89.6,Acquisition,25,18.87,No
LA105463,Junagadh,1076,640,436,607,195,3,8,20,11,74.6,Compensation,9,40.52,No
LA105464,Jamnagar,483,330,153,572,59,7,7,0,9,71.8,Acquisition,11,31.68,Yes
LA105465,Banaskantha,337,238,99,261,48,4,7,33,4,71.6,Acquisition,20,29.38,No
LA105466,Patan,855,573,282,1134,413,5,8,39,22,87.4,Acquisition,33,32.98,Yes
LA105467,Sabarkantha,99,67,32,89,46,0,4,26,2,87.6,Acquisition,1,32.32,Yes
LA105468,Ahmedabad,534,450,84,390,213,2,8,47,12,72.8,Compensation,9,15.73,Yes
LA105469,Patan,851,714,137,826,293,5,9,34,7,88.7,Handover,44,16.1,No
LA105470,Mehsana,444,423,21,346,124,4,6,22,6,89.6,Handover,22,4.73,No
LA105471,Banaskantha,911,675,236,694,209,4,8,0,15,77.3,Acquisition,83,25.91,No
LA105472,Sabarkantha,717,554,163,764,42,6,12,29,12,84.2,Handover,35,22.73,No
LA105473,Bhavnagar,1209,466,743,1500,219,10,14,33,22,72.5,Objection,8,61.46,Yes
LA105474,Vadodara,313,187,126,407,85,5,12,5,8,83.5,Compensation,27,40.26,No
LA105475,Panchmahal,132,97,35,120,38,4,8,3,7,78.9,Acquisition,59,26.52,No
LA105476,Navsari,818,285,533,499,4,1,8,20,5,57.8,Objection,1,65.16,No
LA105477,Bharuch,422,235,187,416,200,3,14,7,10,69.9,Compensation,0,44.31,No
LA105478,Gandhinagar,1075,594,481,1011,83,4,11,4,18,59.9,Objection,0,44.74,No
LA105479,Banaskantha,185,148,37,135,29,3,5,43,0,89.8,Handover,32,20.0,No
LA105480,Valsad,884,550,334,1199,617,3,13,4,26,70.9,Compensation,0,37.78,No
LA105481,Ahmedabad,1486,1350,136,2120,788,4,7,24,28,88.1,Handover,19,9.15,Yes
LA105482,Anand,185,147,38,110,27,6,4,28,8,77.0,Acquisition,20,20.54,No
LA105483,Bhavnagar,487,362,125,617,198,4,5,51,7,86.2,Acquisition,28,25.67,No
LA105484,Sabarkantha,1275,1141,134,1442,814,1,10,48,23,87.9,Handover,0,10.51,Yes
LA105485,Sabarkantha,824,462,362,647,221,2,15,19,14,77.8,Compensation,45,43.93,No
LA105486,Junagadh,303,212,91,340,55,3,10,19,10,79.5,Acquisition,0,30.03,No
LA105487,Patan,359,241,118,239,72,4,8,8,6,73.8,Acquisition,0,32.87,No
LA105488,Bharuch,1159,684,475,710,333,3,12,0,13,72.6,Compensation,5,40.98,No
LA105489,Jamnagar,1299,596,703,1876,487,10,12,94,23,61.7,Compensation,23,54.12,Yes
LA105490,Banaskantha,573,178,395,643,23,6,9,25,7,56.3,Compensation,6,68.94,Yes
LA105491,Gandhinagar,737,433,304,573,72,2,8,27,10,71.7,Acquisition,32,41.25,No
LA105492,Ahmedabad,1185,671,514,1132,101,9,17,0,16,84.2,Acquisition,46,43.38,Yes
LA105493,Bharuch,306,227,79,430,98,3,4,29,10,86.9,Acquisition,37,25.82,No
LA105494,Bhavnagar,349,278,71,330,74,7,8,60,6,90.0,Acquisition,18,20.34,No
LA105495,Jamnagar,1173,1016,157,1596,226,5,9,26,17,90.1,Acquisition,44,13.38,No
LA105496,Kheda,320,160,160,426,84,3,13,32,14,74.2,Compensation,0,50.0,Yes
LA105497,Banaskantha,1168,964,204,1004,283,1,6,25,19,90.1,Acquisition,51,17.47,No
LA105498,Bharuch,771,416,355,907,189,12,14,0,13,61.8,Compensation,10,46.04,Yes
LA105499,Vadodara,1486,897,589,1701,253,5,6,0,16,73.1,Acquisition,38,39.64,Yes
LA105500,Rajkot,97,56,41,121,9,1,7,52,2,66.5,Objection,34,42.27,No
LA105501,Bharuch,1422,943,479,1250,142,9,17,28,20,75.9,Acquisition,0,33.68,No
LA105502,Bhavnagar,376,168,208,224,78,6,6,6,9,82.4,Compensation,2,55.32,No
LA105503,Banaskantha,100,44,56,70,37,4,10,31,4,66.1,Compensation,17,56.0,Yes
LA105504,Gandhinagar,1100,962,138,1215,396,8,12,72,10,78.1,Acquisition,72,12.55,No
LA105505,Patan,822,424,398,1026,337,2,11,9,13,58.9,Objection,4,48.42,Yes
LA105506,Banaskantha,1265,712,553,1557,567,9,12,37,32,74.7,Acquisition,0,43.72,Yes
LA105507,Panchmahal,207,118,89,223,104,4,6,83,11,66.6,Compensation,37,43.0,Yes
LA105508,Jamnagar,167,133,34,105,46,3,7,7,10,83.9,Handover,0,20.36,No
LA105509,Jamnagar,873,630,243,494,135,6,11,29,8,69.6,Acquisition,14,27.84,No
LA105510,Bharuch,1329,1012,317,1666,338,5,7,13,19,90.9,Handover,14,23.85,No
LA105511,Banaskantha,638,412,226,666,372,5,11,8,11,82.2,Acquisition,12,35.42,Yes
LA105512,Vadodara,1207,923,284,1514,137,4,9,0,28,92.2,Handover,26,23.53,No
LA105513,Patan,1364,950,414,950,457,4,13,20,14,86.6,Compensation,55,30.35,Yes
LA105514,Jamnagar,1311,820,491,1202,658,7,12,6,16,80.4,Acquisition,23,37.45,Yes
LA105515,Bharuch,788,572,216,1085,455,8,9,68,15,82.4,Acquisition,19,27.41,Yes
LA105516,Panchmahal,1063,383,680,749,202,2,12,0,11,54.5,Objection,76,63.97,No
LA105517,Mehsana,812,454,358,492,94,2,5,14,4,69.4,Compensation,31,44.09,Yes
LA105518,Amreli,1028,834,194,1170,178,5,12,45,15,74.8,Handover,47,18.87,No
LA105519,Vadodara,872,539,333,946,107,11,14,0,14,83.0,Compensation,16,38.19,Yes
LA105520,Rajkot,811,547,264,1141,580,6,4,78,25,76.3,Acquisition,45,32.55,Yes
LA105521,Amreli,683,461,222,933,620,6,6,43,20,89.8,Acquisition,116,32.5,Yes
LA105522,Banaskantha,997,819,178,1221,271,4,9,5,24,84.3,Handover,31,17.85,No
LA105523,Jamnagar,1139,960,179,646,146,4,7,12,12,84.5,Acquisition,54,15.72,No
LA105524,Anand,1383,506,877,1359,883,4,6,25,25,59.1,Objection,0,63.41,Yes
LA105525,Gandhinagar,939,361,578,1274,729,5,11,14,22,59.2,Objection,35,61.55,Yes
LA105526,Rajkot,195,143,52,183,96,3,5,28,7,78.7,Handover,18,26.67,No
LA105527,Rajkot,902,507,395,1277,237,10,8,18,14,71.6,Compensation,58,43.79,Yes
LA105528,Rajkot,508,449,59,578,232,4,11,4,7,85.5,Handover,20,11.61,Yes
LA105529,Ahmedabad,88,60,28,57,8,2,1,68,8,90.7,Acquisition,30,31.82,No
LA105530,Sabarkantha,155,118,37,156,33,3,7,2,6,77.7,Acquisition,0,23.87,No
LA105531,Patan,907,712,195,1067,108,5,12,18,27,69.0,Handover,50,21.5,No
LA105532,Patan,1420,1175,245,865,188,2,12,0,12,89.8,Handover,15,17.25,Yes
LA105533,Morbi,783,388,395,674,113,4,4,11,10,68.8,Objection,46,50.45,No
LA105534,Bhavnagar,696,493,203,832,409,6,6,8,17,89.6,Handover,29,29.17,Yes
LA105535,Mehsana,178,139,39,123,42,2,6,60,9,90.8,Acquisition,22,21.91,Yes
LA105536,Bhavnagar,1029,635,394,889,272,3,6,11,14,67.9,Objection,39,38.29,No
LA105537,Morbi,130,39,91,152,12,4,10,84,6,58.9,Objection,35,70.0,Yes
LA105538,Anand,1270,580,690,1585,359,3,12,20,23,62.3,Compensation,0,54.33,Yes
LA105539,Rajkot,1234,1032,202,1255,35,5,5,14,25,93.0,Handover,18,16.37,No
LA105540,Jamnagar,1487,1004,483,2098,364,5,12,45,24,65.2,Acquisition,24,32.48,Yes
LA105541,Mehsana,462,390,72,639,128,7,10,58,12,77.9,Acquisition,60,15.58,No
LA105542,Navsari,284,188,96,277,84,2,12,11,6,79.4,Handover,56,33.8,Yes
LA105543,Bharuch,484,143,341,336,50,5,5,10,9,54.8,Objection,12,70.45,Yes
LA105544,Morbi,1210,950,260,1507,181,6,8,29,24,88.2,Compensation,0,21.49,No
LA105545,Ahmedabad,367,252,115,282,80,3,6,0,3,78.9,Compensation,11,31.34,No
LA105546,Kheda,1337,991,346,1750,687,7,5,48,19,74.6,Compensation,11,25.88,Yes
LA105547,Mehsana,273,143,130,294,68,2,10,0,4,69.7,Compensation,2,47.62,No
LA105548,Patan,120,71,49,109,38,2,7,55,6,80.5,Compensation,7,40.83,No
LA105549,Mehsana,368,194,174,387,73,4,5,6,8,66.0,Compensation,8,47.28,No
LA105550,Anand,1144,928,216,1178,269,7,15,38,17,95.0,Acquisition,3,18.88,No
LA105551,Morbi,923,545,378,1276,813,3,5,20,21,75.0,Compensation,18,40.95,Yes
LA105552,Sabarkantha,564,304,260,419,140,7,7,0,10,74.9,Compensation,20,46.1,Yes
LA105553,Anand,1001,476,525,1387,356,9,10,60,17,72.7,Compensation,12,52.45,Yes
LA105554,Sabarkantha,991,731,260,573,140,4,10,18,17,79.6,Acquisition,28,26.24,No
LA105555,Bhavnagar,854,534,320,1061,364,6,6,10,19,72.5,Acquisition,55,37.47,Yes
LA105556,Panchmahal,795,372,423,1095,65,9,9,34,18,67.8,Compensation,53,53.21,No
LA105557,Panchmahal,197,173,24,178,85,5,9,16,6,90.6,Handover,0,12.18,No
LA105558,Vadodara,426,218,208,262,36,7,10,43,5,81.4,Compensation,30,48.83,No
LA105559,Jamnagar,815,391,424,1038,180,6,10,27,18,65.3,Objection,28,52.02,Yes
LA105560,Ahmedabad,246,191,55,322,143,2,8,33,11,86.6,Acquisition,0,22.36,No
LA105561,Jamnagar,740,628,112,631,335,4,6,59,11,85.2,Handover,71,15.14,Yes
LA105562,Patan,219,89,130,223,96,8,8,4,9,60.1,Objection,1,59.36,Yes
LA105563,Rajkot,1192,910,282,1524,686,7,12,7,28,77.2,Handover,7,23.66,No
LA105564,Kheda,199,133,66,144,49,2,7,13,1,84.7,Acquisition,0,33.17,No
LA105565,Amreli,184,147,37,205,47,2,4,16,5,83.1,Acquisition,17,20.11,No
LA105566,Kheda,975,577,398,914,320,6,9,4,21,56.4,Compensation,15,40.82,Yes
LA105567,Valsad,369,198,171,261,27,3,10,39,6,75.8,Acquisition,18,46.34,No
LA105568,Amreli,559,390,169,726,231,3,4,10,14,80.1,Acquisition,30,30.23,No
LA105569,Kheda,505,425,80,425,235,3,2,50,12,89.8,Handover,66,15.84,Yes
LA105570,Amreli,364,214,150,506,183,5,5,41,11,82.9,Acquisition,15,41.21,Yes
LA105571,Vadodara,1155,924,231,1227,306,5,7,28,24,86.9,Acquisition,38,20.0,No
LA105572,Kheda,1053,650,403,1067,376,2,6,13,19,79.3,Compensation,0,38.27,Yes
LA105573,Amreli,396,147,249,369,158,5,8,26,13,59.4,Objection,6,62.88,No
LA105574,Valsad,1046,624,422,952,194,4,12,14,10,76.1,Compensation,0,40.34,No
LA105575,Anand,1085,754,331,1395,1180,11,11,38,19,85.8,Acquisition,10,30.51,Yes
LA105576,Anand,832,554,278,965,423,5,4,37,18,71.3,Acquisition,74,33.41,Yes
LA105577,Ahmedabad,889,591,298,1108,180,6,8,68,22,78.5,Acquisition,56,33.52,Yes
LA105578,Valsad,1406,1378,28,1306,363,3,12,40,23,86.4,Handover,3,1.99,No
LA105579,Anand,708,400,308,556,124,3,8,39,6,74.3,Compensation,4,43.5,No
LA105580,Anand,609,429,180,383,139,2,3,42,7,77.8,Acquisition,0,29.56,Yes
LA105581,Vadodara,832,321,511,1039,298,4,11,0,26,54.4,Compensation,27,61.42,Yes
LA105582,Vadodara,1262,892,370,1166,314,6,8,18,20,94.0,Acquisition,16,29.32,No
LA105583,Patan,1079,542,537,1088,304,4,8,78,15,49.1,Objection,10,49.77,Yes
LA105584,Vadodara,159,99,60,155,39,5,8,0,8,73.8,Handover,15,37.74,No
LA105585,Bharuch,716,170,546,672,250,3,13,2,9,46.6,Notification,45,76.26,No
LA105586,Sabarkantha,1123,837,286,1309,456,3,12,115,21,82.2,Acquisition,92,25.47,Yes
LA105587,Banaskantha,374,335,39,411,105,4,8,2,14,90.2,Handover,12,10.43,No
LA105588,Anand,1484,961,523,2114,270,9,10,0,24,84.7,Acquisition,1,35.24,No
LA105589,Anand,1222,831,391,825,176,7,13,19,15,79.4,Acquisition,0,32.0,Yes
LA105590,Mehsana,1278,1141,137,1363,889,11,10,11,16,89.8,Handover,12,10.72,No
LA105591,Surat,168,128,40,102,2,10,13,47,6,85.8,Acquisition,22,23.81,Yes
LA105592,Kheda,891,559,332,1138,396,4,8,0,14,70.0,Acquisition,49,37.26,No
LA105593,Amreli,815,662,153,900,613,7,13,29,19,94.4,Handover,32,18.77,Yes
LA105594,Gandhinagar,959,527,432,897,389,7,5,26,16,82.3,Acquisition,32,45.05,Yes
LA105595,Vadodara,1283,735,548,1632,465,9,13,76,22,72.4,Acquisition,29,42.71,Yes
LA105596,Jamnagar,562,372,190,539,185,4,4,4,17,83.4,Acquisition,0,33.81,No
LA105597,Junagadh,824,493,331,622,122,3,7,51,11,73.4,Compensation,0,40.17,No
LA105598,Bhavnagar,1035,588,447,1009,228,9,9,34,24,74.7,Objection,15,43.19,Yes
LA105599,Navsari,1142,960,182,701,77,6,10,32,11,93.0,Handover,6,15.94,No
LA105600,Sabarkantha,1167,565,602,1585,1155,11,18,34,27,65.1,Objection,54,51.59,Yes
LA105601,Panchmahal,538,378,160,650,122,2,9,63,5,74.5,Acquisition,8,29.74,No
LA105602,Ahmedabad,1498,1327,171,1849,39,4,9,0,24,93.1,Handover,17,11.42,No
LA105603,Rajkot,63,22,41,84,50,4,10,88,4,58.0,Compensation,46,65.08,Yes
LA105604,Bhavnagar,764,556,208,964,328,2,9,21,14,72.8,Acquisition,21,27.23,No
LA105605,Mehsana,933,384,549,876,323,3,8,23,12,61.9,Compensation,16,58.84,No
LA105606,Kheda,138,88,50,91,49,3,10,46,5,86.5,Acquisition,7,36.23,Yes
LA105607,Jamnagar,704,471,233,624,256,0,11,44,10,69.2,Compensation,3,33.1,No
LA105608,Patan,914,400,514,1271,111,2,7,75,21,63.1,Objection,8,56.24,Yes
LA105609,Bharuch,931,567,364,1307,111,9,9,3,14,72.5,Compensation,23,39.1,No
LA105610,Bhavnagar,222,88,134,276,78,5,6,26,6,65.6,Objection,24,60.36,No
LA105611,Valsad,452,218,234,332,101,6,10,51,11,65.2,Compensation,12,51.77,No
LA105612,Kheda,405,175,230,294,73,8,6,37,9,58.2,Compensation,48,56.79,Yes
LA105613,Valsad,978,515,463,1312,341,8,11,37,17,69.4,Compensation,102,47.34,Yes
LA105614,Panchmahal,527,180,347,357,34,3,7,33,8,53.7,Objection,26,65.84,Yes
LA105615,Panchmahal,879,641,238,946,204,3,8,72,15,84.0,Acquisition,18,27.08,No
LA105616,Junagadh,1110,802,308,988,292,2,7,14,8,74.7,Acquisition,62,27.75,No
LA105617,Surat,1206,824,382,991,201,11,12,63,12,88.8,Acquisition,9,31.67,No
LA105618,Vadodara,316,179,137,366,80,6,10,0,8,92.6,Acquisition,54,43.35,No
LA105619,Junagadh,1361,1234,127,1924,255,7,8,2,32,89.3,Handover,8,9.33,Yes
LA105620,Sabarkantha,290,199,91,362,43,4,6,43,9,86.5,Acquisition,75,31.38,No
LA105621,Gandhinagar,81,49,32,80,4,3,10,71,7,78.8,Compensation,3,39.51,No
LA105622,Sabarkantha,115,68,47,109,10,3,7,7,5,76.5,Compensation,41,40.87,Yes
LA105623,Banaskantha,341,191,150,466,68,5,8,46,8,81.1,Acquisition,29,43.99,No
LA105624,Kheda,1317,985,332,1410,217,6,11,43,22,89.7,Compensation,9,25.21,Yes
LA105625,Mehsana,351,264,87,350,135,0,7,16,9,89.1,Acquisition,0,24.79,No
LA105626,Amreli,1056,866,190,1230,396,5,8,23,16,88.7,Handover,44,17.99,Yes
LA105627,Navsari,657,419,238,502,34,1,5,47,11,81.0,Compensation,37,36.23,No
LA105628,Bhavnagar,107,58,49,65,2,2,13,23,6,89.7,Acquisition,0,45.79,No
LA105629,Ahmedabad,694,476,218,916,242,3,6,7,16,92.7,Handover,21,31.41,No
LA105630,Ahmedabad,91,78,13,100,22,3,4,20,5,85.7,Handover,0,14.29,No
LA105631,Mehsana,740,326,414,517,269,2,9,1,12,65.7,Objection,1,55.95,No
LA105632,Patan,860,513,347,704,175,0,6,0,18,67.3,Compensation,54,40.35,Yes
LA105633,Sabarkantha,806,418,388,1161,144,4,11,26,18,71.6,Acquisition,27,48.14,No
LA105634,Panchmahal,459,323,136,515,144,4,11,22,8,74.6,Acquisition,26,29.63,No
LA105635,Gandhinagar,1162,791,371,1304,715,4,5,2,24,79.0,Compensation,68,31.93,No
LA105636,Kheda,915,384,531,563,125,2,10,6,5,69.3,Acquisition,32,58.03,Yes
LA105637,Valsad,419,240,179,596,216,5,4,0,12,80.8,Acquisition,29,42.72,No
LA105638,Navsari,680,397,283,920,241,2,6,0,14,84.7,Compensation,27,41.62,No
LA105639,Bhavnagar,207,154,53,216,106,3,13,35,12,77.4,Handover,36,25.6,No
LA105640,Anand,1389,857,532,1151,163,9,9,33,13,85.6,Compensation,6,38.3,Yes
LA105641,Jamnagar,1142,772,370,1346,688,4,15,41,22,82.9,Acquisition,8,32.4,Yes
LA105642,Ahmedabad,467,374,93,607,175,1,5,25,10,91.6,Handover,14,19.91,No
LA105643,Vadodara,1029,568,461,1294,792,6,10,49,17,66.1,Compensation,6,44.8,Yes
LA105644,Kheda,1035,471,564,1479,260,3,9,49,15,63.5,Objection,42,54.49,Yes
LA105645,Bharuch,934,382,552,1049,820,5,18,16,15,69.5,Objection,0,59.1,No
LA105646,Patan,128,56,72,107,31,4,5,17,6,68.4,Compensation,0,56.25,No
LA105647,Bharuch,1324,753,571,1322,712,6,15,26,20,79.3,Compensation,20,43.13,Yes
LA105648,Jamnagar,1436,447,989,1845,545,7,21,16,12,70.4,Objection,7,68.87,No
LA105649,Kheda,1463,849,614,1154,322,3,8,34,18,66.8,Compensation,26,41.97,Yes
LA105650,Banaskantha,1473,1086,387,1117,554,8,10,0,20,80.5,Acquisition,9,26.27,No
LA105651,Valsad,1397,788,609,1680,559,3,9,45,28,79.1,Compensation,61,43.59,Yes
LA105652,Banaskantha,1122,694,428,1066,378,1,7,16,19,62.3,Compensation,17,38.15,No
LA105653,Morbi,132,101,31,170,39,2,8,3,8,88.9,Acquisition,35,23.48,No
LA105654,Patan,725,363,362,493,174,1,9,67,10,55.7,Compensation,41,49.93,Yes
LA105655,Ahmedabad,405,257,148,345,158,3,11,33,11,68.6,Handover,25,36.54,Yes
LA105656,Surat,369,277,92,292,161,4,6,12,6,87.5,Compensation,11,24.93,No
LA105657,Bhavnagar,1255,674,581,1478,587,5,7,9,18,85.4,Acquisition,14,46.29,Yes
LA105658,Junagadh,1228,791,437,1515,531,3,12,1,32,74.8,Acquisition,39,35.59,Yes
LA105659,Anand,807,394,413,775,411,10,13,24,14,57.5,Objection,38,51.18,Yes
LA105660,Navsari,1118,523,595,1096,644,5,7,1,16,66.4,Compensation,10,53.22,Yes
LA105661,Jamnagar,237,175,62,159,64,7,6,4,7,83.6,Acquisition,1,26.16,Yes
LA105662,Junagadh,372,231,141,440,22,5,8,0,6,74.8,Acquisition,24,37.9,No
LA105663,Vadodara,1298,922,376,1873,177,5,13,31,28,91.4,Acquisition,47,28.97,No
LA105664,Anand,704,387,317,880,276,6,8,1,16,68.9,Objection,19,45.03,Yes
LA105665,Anand,843,380,463,633,127,3,8,35,16,63.6,Compensation,0,54.92,Yes
LA105666,Bharuch,721,460,261,801,248,5,4,74,15,72.6,Acquisition,3,36.2,Yes
LA105667,Mehsana,343,204,139,280,74,1,10,62,8,77.6,Acquisition,12,40.52,No
LA105668,Panchmahal,1249,834,415,721,416,8,13,14,10,85.3,Acquisition,14,33.23,Yes
LA105669,Patan,1150,483,667,819,359,4,9,39,17,71.1,Compensation,39,58.0,Yes
LA105670,Panchmahal,1042,881,161,669,210,1,7,29,19,74.8,Acquisition,26,15.45,Yes
LA105671,Ahmedabad,562,386,176,408,251,4,7,66,9,84.7,Acquisition,44,31.32,Yes
LA105672,Bharuch,983,530,453,1245,28,6,15,20,13,77.3,Compensation,5,46.08,No
LA105673,Valsad,1433,1088,345,1166,154,5,11,13,17,81.6,Acquisition,21,24.08,No
LA105674,Mehsana,992,543,449,1221,446,7,6,7,21,66.0,Compensation,22,45.26,Yes
LA105675,Bharuch,767,479,288,1077,462,5,12,0,22,69.8,Compensation,42,37.55,Yes
LA105676,Jamnagar,442,346,96,472,102,2,8,2,6,83.2,Acquisition,39,21.72,No
LA105677,Patan,808,553,255,797,109,9,5,18,13,70.3,Acquisition,40,31.56,No
LA105678,Jamnagar,589,395,194,722,295,8,9,12,8,88.8,Handover,7,32.94,Yes
LA105679,Morbi,936,547,389,597,117,5,6,17,17,69.8,Compensation,85,41.56,Yes
LA105680,Jamnagar,116,60,56,109,47,2,6,29,4,79.8,Acquisition,85,48.28,Yes
LA105681,Amreli,325,211,114,325,69,6,7,49,8,80.0,Acquisition,29,35.08,Yes
LA105682,Panchmahal,1191,755,436,1546,277,4,13,117,33,69.5,Acquisition,0,36.61,Yes
LA105683,Panchmahal,602,427,175,772,250,4,5,28,4,90.7,Acquisition,6,29.07,Yes
LA105684,Anand,678,552,126,891,424,4,7,18,14,71.7,Acquisition,20,18.58,No
LA105685,Bhavnagar,839,558,281,988,214,5,12,64,21,78.4,Compensation,44,33.49,Yes
LA105686,Amreli,685,230,455,704,345,5,7,19,16,64.9,Objection,2,66.42,Yes
LA105687,Banaskantha,1150,878,272,1489,177,3,10,0,25,81.1,Handover,28,23.65,Yes
LA105688,Surat,406,398,8,542,47,3,11,17,3,87.7,Handover,3,1.97,No
LA105689,Junagadh,1150,407,743,1130,149,4,11,22,14,70.5,Compensation,4,64.61,No
LA105690,Gandhinagar,353,289,64,507,152,5,10,0,9,85.9,Acquisition,28,18.13,Yes
LA105691,Surat,587,331,256,785,193,4,9,21,9,78.3,Compensation,70,43.61,Yes
LA105692,Bharuch,902,556,346,910,114,1,12,5,20,74.6,Acquisition,9,38.36,Yes
LA105693,Navsari,1335,701,634,817,376,4,13,15,12,77.7,Acquisition,24,47.49,Yes
LA105694,Panchmahal,387,332,55,291,87,1,7,16,5,88.4,Handover,15,14.21,No
LA105695,Anand,902,682,220,1126,370,5,8,74,12,89.7,Handover,40,24.39,Yes
LA105696,Mehsana,143,125,18,93,37,1,9,61,7,87.0,Handover,35,12.59,No
LA105697,Rajkot,159,92,67,155,47,4,10,5,6,79.8,Compensation,9,42.14,Yes
LA105698,Panchmahal,1163,721,442,1273,516,7,7,7,21,76.3,Acquisition,14,38.01,Yes
LA105699,Banaskantha,1093,401,692,1465,197,7,10,43,23,72.4,Objection,52,63.31,Yes
LA105700,Panchmahal,596,584,12,782,228,2,9,14,16,90.2,Acquisition,3,2.01,No
LA105701,Navsari,953,697,256,1180,432,7,5,5,19,67.0,Acquisition,59,26.86,Yes
LA105702,Rajkot,601,589,12,551,226,9,5,33,14,90.4,Handover,38,2.0,No
LA105703,Panchmahal,452,381,71,306,84,5,8,61,3,80.7,Handover,94,15.71,No
LA105704,Valsad,675,279,396,778,298,6,10,0,15,60.9,Objection,22,58.67,Yes
LA105705,Mehsana,502,353,149,358,138,3,11,55,15,82.4,Handover,0,29.68,No
LA105706,Surat,1232,819,413,1300,615,6,7,6,22,75.8,Acquisition,0,33.52,Yes
LA105707,Surat,647,459,188,927,351,5,10,36,22,79.1,Acquisition,68,29.06,Yes
LA105708,Panchmahal,515,301,214,538,200,1,8,8,10,81.2,Acquisition,6,41.55,No
LA105709,Valsad,827,570,257,935,354,6,8,44,20,91.2,Acquisition,30,31.08,No
LA105710,Valsad,1149,737,412,1333,383,3,14,48,25,88.6,Acquisition,32,35.86,No
LA105711,Patan,447,278,169,580,54,2,9,8,11,78.4,Compensation,12,37.81,No
LA105712,Ahmedabad,1413,1092,321,1330,696,9,4,0,15,91.3,Handover,41,22.72,Yes
LA105713,Bharuch,722,242,480,720,413,2,8,16,14,52.5,Objection,5,66.48,Yes
LA105714,Valsad,1008,593,415,714,122,4,10,70,19,69.2,Acquisition,21,41.17,Yes
LA105715,Amreli,1438,485,953,1586,235,6,14,17,19,61.2,Objection,12,66.27,Yes
LA105716,Kheda,676,396,280,552,280,3,8,3,16,79.1,Compensation,10,41.42,Yes
LA105717,Bhavnagar,339,219,120,341,201,5,7,49,12,83.6,Acquisition,15,35.4,Yes
LA105718,Jamnagar,1135,823,312,1407,1036,7,10,28,27,76.5,Handover,4,27.49,Yes
LA105719,Sabarkantha,59,34,25,33,9,0,6,4,5,68.8,Acquisition,34,42.37,No
LA105720,Ahmedabad,714,371,343,755,121,2,10,21,19,62.1,Objection,6,48.04,No
LA105721,Rajkot,1471,878,593,1039,88,6,7,0,15,80.8,Compensation,12,40.31,Yes
LA105722,Sabarkantha,651,390,261,522,193,1,10,6,8,72.1,Acquisition,7,40.09,No
LA105723,Ahmedabad,1042,502,540,606,85,4,9,64,10,68.8,Compensation,10,51.82,Yes
LA105724,Ahmedabad,812,298,514,570,156,6,17,12,11,58.0,Compensation,0,63.3,No
LA105725,Banaskantha,361,266,95,519,195,2,10,0,13,81.8,Handover,56,26.32,No
LA105726,Patan,511,360,151,740,50,7,9,27,10,88.1,Acquisition,0,29.55,No
LA105727,Mehsana,809,425,384,969,273,6,10,20,17,66.7,Compensation,32,47.47,Yes
LA105728,Navsari,201,138,63,221,49,2,10,15,3,83.1,Acquisition,7,31.34,No
LA105729,Patan,652,319,333,815,403,6,6,0,11,73.2,Objection,29,51.07,Yes
LA105730,Surat,651,363,288,883,347,5,12,53,13,74.0,Compensation,71,44.24,Yes
LA105731,Vadodara,1261,511,750,1283,659,2,7,0,20,59.9,Objection,30,59.48,Yes
LA105732,Morbi,229,122,107,133,19,4,11,5,7,70.1,Compensation,47,46.72,No
LA105733,Rajkot,1272,610,662,1512,377,7,11,26,21,78.0,Acquisition,11,52.04,Yes
LA105734,Navsari,645,395,250,926,404,4,10,6,15,80.4,Acquisition,0,38.76,No
LA105735,Navsari,995,543,452,778,166,6,7,96,11,59.3,Compensation,69,45.43,Yes
LA105736,Bhavnagar,858,598,260,830,209,5,4,31,12,77.4,Acquisition,40,30.3,No
LA105737,Mehsana,484,266,218,424,126,4,11,15,5,71.6,Compensation,93,45.04,No
LA105738,Anand,1400,326,1074,1262,155,2,15,19,27,49.8,Notification,60,76.71,Yes
LA105739,Surat,375,316,59,450,172,4,8,8,10,93.8,Handover,22,15.73,No
LA105740,Rajkot,102,81,21,91,41,2,9,7,6,81.1,Acquisition,18,20.59,No
LA105741,Surat,1138,866,272,1590,484,3,6,5,19,73.4,Acquisition,26,23.9,Yes
LA105742,Bharuch,951,645,306,1199,594,5,4,42,15,84.5,Acquisition,23,32.18,No
LA105743,Bharuch,1342,876,466,771,177,8,6,4,17,87.1,Acquisition,43,34.72,No
LA105744,Kheda,714,433,281,919,138,4,9,62,14,68.7,Compensation,6,39.36,Yes
LA105745,Patan,74,48,26,92,21,3,6,3,6,73.9,Compensation,37,35.14,No
LA105746,Vadodara,79,40,39,80,19,3,4,22,3,64.1,Compensation,14,49.37,No
LA105747,Vadodara,678,203,475,676,229,8,10,51,13,50.9,Objection,31,70.06,Yes
LA105748,Vadodara,412,248,164,536,71,3,8,18,11,84.6,Acquisition,4,39.81,No
LA105749,Sabarkantha,1388,1076,312,1294,66,9,6,19,15,82.4,Handover,9,22.48,No
LA105750,Bhavnagar,221,163,58,153,26,3,10,14,5,77.0,Handover,1,26.24,No
LA105751,Patan,1328,831,497,1104,286,5,7,2,15,78.2,Acquisition,0,37.42,Yes
LA105752,Kheda,364,179,185,287,100,2,5,0,7,47.1,Objection,57,50.82,Yes
LA105753,Gandhinagar,223,167,56,259,123,7,5,84,7,83.9,Acquisition,3,25.11,No
LA105754,Jamnagar,448,337,111,319,210,4,7,119,8,88.0,Acquisition,6,24.78,Yes
LA105755,Navsari,259,128,131,293,76,8,7,17,3,73.7,Acquisition,71,50.58,No
LA105756,Patan,632,351,281,613,121,5,10,4,15,84.1,Acquisition,20,44.46,Yes
LA105757,Sabarkantha,529,388,141,691,159,3,4,8,10,89.4,Acquisition,7,26.65,No
LA105758,Amreli,817,424,393,806,290,8,9,23,10,61.8,Objection,70,48.1,Yes
LA105759,Kheda,829,812,17,1150,543,8,1,18,22,90.6,Handover,74,2.05,No
LA105760,Morbi,51,35,16,69,35,2,16,25,2,79.4,Acquisition,0,31.37,Yes
LA105761,Ahmedabad,231,143,88,166,108,2,9,0,7,69.0,Compensation,31,38.1,No
LA105762,Mehsana,284,199,85,332,83,2,8,17,6,89.4,Acquisition,17,29.93,Yes
LA105763,Sabarkantha,332,197,135,247,65,5,9,41,8,70.1,Compensation,11,40.66,Yes
LA105764,Sabarkantha,185,126,59,239,135,2,8,43,5,79.2,Acquisition,45,31.89,No
LA105765,Junagadh,506,279,227,568,43,3,8,10,11,76.8,Compensation,45,44.86,No
LA105766,Jamnagar,847,518,329,690,453,3,4,27,15,61.4,Compensation,0,38.84,Yes
LA105767,Rajkot,498,246,252,386,123,3,10,2,9,64.0,Compensation,14,50.6,No
LA105768,Panchmahal,527,383,144,494,253,1,14,82,4,74.0,Acquisition,4,27.32,Yes
LA105769,Junagadh,731,448,283,929,624,3,6,47,23,73.7,Compensation,16,38.71,Yes
LA105770,Banaskantha,845,454,391,1070,364,5,11,8,16,69.9,Acquisition,47,46.27,Yes
LA105771,Panchmahal,530,329,201,307,66,4,6,43,9,81.6,Acquisition,87,37.92,Yes
LA105772,Rajkot,371,271,100,305,114,3,10,21,5,87.8,Acquisition,0,26.95,No
LA105773,Panchmahal,644,537,107,599,119,8,7,22,10,80.6,Acquisition,8,16.61,No
LA105774,Bhavnagar,85,50,35,92,19,3,6,66,4,79.9,Acquisition,38,41.18,Yes
LA105775,Rajkot,764,457,307,523,139,1,8,31,8,66.3,Acquisition,8,40.18,No
LA105776,Surat,1415,951,464,1205,278,5,5,0,17,82.0,Compensation,40,32.79,No
LA105777,Anand,627,481,146,845,290,3,11,26,12,82.4,Handover,42,23.29,No
LA105778,Bhavnagar,207,151,56,203,46,3,4,30,4,82.7,Acquisition,11,27.05,Yes
LA105779,Surat,1075,570,505,1311,376,7,11,4,19,78.4,Acquisition,16,46.98,Yes
LA105780,Anand,234,149,85,231,39,4,8,31,8,74.5,Compensation,77,36.32,No
LA105781,Amreli,330,286,44,320,61,4,7,21,5,77.1,Handover,8,13.33,No
LA105782,Bharuch,262,184,78,291,86,3,10,33,8,79.2,Acquisition,70,29.77,No
LA105783,Morbi,1332,1118,214,1044,127,4,7,27,18,86.0,Acquisition,27,16.07,No
LA105784,Mehsana,1473,1223,250,1141,278,5,7,0,19,90.9,Handover,0,16.97,No
LA105785,Ahmedabad,876,645,231,1262,420,4,5,101,24,77.8,Acquisition,10,26.37,No
LA105786,Jamnagar,946,649,297,1260,95,6,15,23,16,87.0,Acquisition,56,31.4,No
LA105787,Morbi,986,501,485,1197,243,4,7,61,20,65.3,Compensation,0,49.19,Yes
LA105788,Jamnagar,935,846,89,630,132,3,3,0,15,92.4,Handover,7,9.52,No
LA105789,Gandhinagar,839,516,323,484,28,3,16,27,10,77.1,Compensation,35,38.5,Yes
LA105790,Junagadh,1481,1163,318,1048,291,3,10,17,12,79.7,Compensation,0,21.47,No
LA105791,Banaskantha,1113,514,599,1551,337,8,10,57,34,69.1,Compensation,14,53.82,Yes
LA105792,Ahmedabad,178,118,60,229,119,2,3,25,10,77.7,Compensation,5,33.71,Yes
LA105793,Junagadh,618,465,153,631,193,4,11,0,13,88.9,Acquisition,23,24.76,No
LA105794,Rajkot,1464,1294,170,2082,1475,10,4,32,34,74.4,Acquisition,25,11.61,Yes
LA105795,Jamnagar,635,211,424,433,162,1,6,31,5,51.6,Compensation,19,66.77,Yes
LA105796,Anand,346,275,71,364,103,3,6,32,9,86.6,Handover,0,20.52,Yes
LA105797,Patan,1310,375,935,937,377,10,10,20,17,62.1,Objection,93,71.37,Yes
LA105798,Kheda,954,619,335,788,301,1,7,10,10,87.7,Acquisition,18,35.12,No
LA105799,Vadodara,866,640,226,1209,116,5,7,20,19,82.5,Compensation,0,26.1,No
LA105800,Morbi,659,525,134,877,219,2,6,12,14,93.0,Acquisition,0,20.33,No
LA105801,Rajkot,230,159,71,148,56,7,8,24,8,83.2,Compensation,18,30.87,No
LA105802,Navsari,607,316,291,470,169,10,13,51,10,68.2,Objection,10,47.94,Yes
LA105803,Panchmahal,684,389,295,742,201,4,13,60,15,71.4,Acquisition,38,43.13,Yes
LA105804,Sabarkantha,1401,773,628,848,146,3,12,43,13,83.8,Acquisition,15,44.83,Yes
LA105805,Junagadh,495,346,149,517,67,3,7,62,9,82.5,Acquisition,72,30.1,Yes
LA105806,Ahmedabad,266,164,102,286,11,3,9,47,12,76.2,Compensation,0,38.35,No
LA105807,Navsari,670,558,112,544,99,3,10,16,7,84.1,Acquisition,0,16.72,No
LA105808,Vadodara,1496,716,780,1217,256,5,15,35,21,53.8,Compensation,40,52.14,Yes
LA105809,Sabarkantha,749,345,404,566,206,5,6,53,5,85.7,Compensation,11,53.94,Yes
LA105810,Amreli,600,445,155,835,268,6,12,62,21,92.2,Acquisition,0,25.83,Yes
LA105811,Banaskantha,1017,950,67,915,249,7,7,0,14,86.6,Handover,18,6.59,No
LA105812,Junagadh,991,842,149,1067,98,6,11,0,13,87.1,Handover,59,15.04,No
LA105813,Sabarkantha,484,409,75,398,42,6,4,29,8,90.4,Acquisition,0,15.5,No
LA105814,Bhavnagar,1454,1050,404,1719,157,8,6,15,23,88.3,Acquisition,8,27.79,No
LA105815,Anand,910,551,359,584,131,2,5,52,8,66.3,Objection,43,39.45,Yes
LA105816,Kheda,133,75,58,82,16,3,6,30,4,83.0,Acquisition,6,43.61,No
LA105817,Jamnagar,641,246,395,782,315,3,11,5,11,57.9,Objection,0,61.62,No
LA105818,Sabarkantha,1389,965,424,1672,396,2,8,36,25,78.1,Acquisition,59,30.53,No
LA105819,Bhavnagar,620,288,332,489,115,4,8,2,12,54.6,Compensation,32,53.55,Yes
LA105820,Amreli,873,642,231,759,243,6,10,6,21,83.0,Acquisition,4,26.46,Yes
LA105821,Sabarkantha,938,827,111,1324,529,6,6,22,18,94.7,Acquisition,23,11.83,Yes
LA105822,Amreli,1072,783,289,690,190,6,8,17,12,83.0,Acquisition,2,26.96,No
LA105823,Sabarkantha,1315,926,389,940,206,7,8,29,12,85.0,Acquisition,6,29.58,No
LA105824,Patan,266,248,18,249,90,2,5,82,6,90.8,Handover,38,6.77,Yes
LA105825,Panchmahal,799,733,66,642,257,4,10,11,11,84.7,Handover,0,8.26,No
LA105826,Morbi,823,413,410,933,246,4,12,74,21,64.0,Objection,1,49.82,Yes
LA105827,Bharuch,271,102,169,317,12,2,4,83,5,62.9,Compensation,23,62.36,Yes
LA105828,Patan,1027,673,354,1051,349,2,11,8,9,79.8,Compensation,42,34.47,No
LA105829,Bharuch,221,98,123,243,48,3,9,9,10,57.5,Objection,18,55.66,Yes
LA105830,Surat,712,306,406,669,231,5,5,42,14,77.2,Compensation,40,57.02,Yes
LA105831,Bharuch,529,435,94,653,125,2,11,35,12,80.7,Handover,15,17.77,No
LA105832,Morbi,274,101,173,161,70,6,14,13,7,57.3,Objection,32,63.14,Yes
LA105833,Bhavnagar,1243,862,381,1034,402,7,7,103,19,88.7,Acquisition,14,30.65,Yes
LA105834,Morbi,404,208,196,471,207,5,10,28,13,67.8,Compensation,0,48.51,Yes
LA105835,Bharuch,420,246,174,356,141,5,9,24,8,75.5,Compensation,0,41.43,No
LA105836,Mehsana,1289,928,361,800,285,2,5,0,19,83.0,Acquisition,27,28.01,No
LA105837,Ahmedabad,1323,738,585,1138,312,3,6,53,15,61.5,Compensation,14,44.22,No
LA105838,Bharuch,100,73,27,119,51,2,7,2,4,73.0,Acquisition,1,27.0,No
LA105839,Valsad,453,308,145,299,117,1,9,32,8,72.7,Compensation,25,32.01,Yes
LA105840,Anand,1078,548,530,1296,585,3,8,26,17,72.8,Compensation,6,49.17,Yes
LA105841,Vadodara,1179,758,421,1471,902,12,5,25,25,77.5,Acquisition,69,35.71,Yes
LA105842,Rajkot,1500,1131,369,1683,654,7,11,56,28,85.7,Handover,18,24.6,Yes
LA105843,Junagadh,854,578,276,657,30,3,11,27,16,76.8,Acquisition,63,32.32,Yes
LA105844,Kheda,60,40,20,76,11,3,5,2,4,73.6,Acquisition,16,33.33,No
LA105845,Rajkot,1317,774,543,979,491,6,11,21,13,70.7,Compensation,47,41.23,No
LA105846,Sabarkantha,283,190,93,386,241,5,10,29,11,79.8,Acquisition,23,32.86,Yes
LA105847,Morbi,225,196,29,267,128,3,10,0,5,89.2,Handover,18,12.89,No
LA105848,Junagadh,1028,679,349,616,98,2,11,27,8,79.3,Compensation,18,33.95,No
LA105849,Mehsana,926,803,123,1175,545,10,7,13,13,88.2,Acquisition,23,13.28,No
LA105850,Kheda,137,105,32,138,32,3,4,31,6,80.3,Acquisition,41,23.36,No
LA105851,Jamnagar,295,228,67,282,96,1,5,10,6,75.0,Handover,0,22.71,No
LA105852,Patan,905,686,219,840,259,1,10,0,14,85.0,Handover,0,24.2,No
LA105853,Amreli,420,364,56,460,110,4,5,29,7,83.8,Acquisition,32,13.33,No
LA105854,Valsad,1042,702,340,1253,257,8,9,24,19,82.1,Acquisition,10,32.63,No
LA105855,Gandhinagar,647,450,197,878,418,1,7,35,22,78.1,Compensation,43,30.45,No
LA105856,Valsad,903,762,141,718,359,7,10,42,8,87.9,Handover,35,15.61,Yes
LA105857,Amreli,739,488,251,826,529,5,11,0,14,87.3,Acquisition,9,33.96,Yes
LA105858,Patan,579,243,336,676,178,5,5,90,10,59.6,Objection,32,58.03,No
LA105859,Valsad,546,387,159,632,37,3,4,52,9,88.7,Acquisition,27,29.12,No
LA105860,Rajkot,1061,781,280,1054,684,6,10,25,16,85.5,Acquisition,6,26.39,Yes
LA105861,Jamnagar,796,604,192,718,178,5,5,13,14,92.0,Acquisition,28,24.12,No
LA105862,Navsari,912,721,191,1127,611,3,5,53,20,89.0,Handover,30,20.94,No
LA105863,Junagadh,887,448,439,727,208,9,11,11,16,64.6,Compensation,0,49.49,No
LA105864,Sabarkantha,351,249,102,259,116,5,12,13,7,85.1,Handover,81,29.06,No
LA105865,Anand,1375,753,622,1432,393,5,9,19,19,66.4,Compensation,26,45.24,Yes
LA105866,Banaskantha,867,336,531,686,292,4,5,29,11,59.4,Notification,11,61.25,No
LA105867,Rajkot,1091,592,499,633,225,2,11,29,19,75.2,Objection,28,45.74,Yes
LA105868,Panchmahal,1329,853,476,793,517,6,16,9,15,87.3,Handover,37,35.82,Yes
LA105869,Valsad,1391,504,887,1635,478,6,19,35,24,67.2,Objection,5,63.77,Yes
LA105870,Jamnagar,1017,733,284,1450,606,7,6,19,24,89.8,Acquisition,43,27.93,No
LA105871,Jamnagar,1192,587,605,1143,138,4,14,134,15,57.8,Compensation,19,50.76,Yes
LA105872,Amreli,734,240,494,501,208,8,9,43,11,49.4,Objection,40,67.3,Yes
LA105873,Anand,1120,747,373,1441,162,9,8,0,21,78.6,Compensation,37,33.3,No
LA105874,Morbi,516,304,212,405,76,3,10,22,8,75.2,Acquisition,26,41.09,No
LA105875,Valsad,1082,996,86,1565,210,11,6,54,27,84.2,Handover,26,7.95,Yes
LA105876,Jamnagar,174,99,75,184,52,8,9,192,4,68.4,Compensation,49,43.1,Yes
LA105877,Junagadh,1376,981,395,1045,448,3,10,4,12,88.1,Acquisition,7,28.71,Yes
LA105878,Kheda,404,172,232,403,139,5,11,19,3,66.3,Objection,25,57.43,Yes
LA105879,Vadodara,1002,852,150,854,129,6,6,87,11,79.8,Handover,34,14.97,Yes
LA105880,Rajkot,66,40,26,83,19,3,2,45,6,85.7,Acquisition,0,39.39,Yes
LA105881,Sabarkantha,275,98,177,177,46,2,3,4,14,57.4,Objection,9,64.36,Yes
LA105882,Bharuch,1481,783,698,1957,259,8,11,39,24,73.3,Acquisition,0,47.13,Yes
LA105883,Patan,1259,992,267,1562,413,10,8,66,28,90.1,Handover,36,21.21,Yes
LA105884,Morbi,372,267,105,493,185,5,10,37,7,80.2,Acquisition,73,28.23,No
LA105885,Bhavnagar,239,197,42,324,53,7,5,20,11,92.3,Acquisition,4,17.57,No
LA105886,Junagadh,1232,828,404,932,149,8,4,11,21,82.5,Acquisition,21,32.79,No
LA105887,Amreli,1486,508,978,1514,884,8,18,0,31,61.7,Objection,12,65.81,Yes
LA105888,Vadodara,294,272,22,387,157,1,10,21,10,85.4,Acquisition,18,7.48,No
LA105889,Banaskantha,1013,600,413,901,322,7,12,1,7,69.4,Compensation,15,40.77,Yes
LA105890,Vadodara,461,328,133,279,153,5,7,10,8,77.6,Acquisition,9,28.85,No
LA105891,Patan,1130,435,695,918,252,4,14,66,22,59.1,Compensation,0,61.5,Yes
LA105892,Valsad,656,402,254,504,212,5,5,25,12,76.5,Acquisition,90,38.72,Yes
LA105893,Junagadh,231,143,88,308,97,4,2,15,6,63.5,Compensation,39,38.1,Yes
LA105894,Amreli,520,229,291,503,186,2,12,15,13,78.1,Acquisition,0,55.96,Yes
LA105895,Patan,831,727,104,968,608,4,3,13,14,90.7,Handover,36,12.52,No
LA105896,Mehsana,1208,614,594,1710,1079,8,14,41,24,66.4,Compensation,18,49.17,Yes
LA105897,Navsari,80,52,28,66,43,2,11,22,5,73.0,Compensation,18,35.0,No
LA105898,Kheda,1439,1269,170,1777,663,2,8,19,34,83.1,Handover,31,11.81,No
LA105899,Mehsana,992,371,621,566,16,3,11,18,14,56.3,Objection,11,62.6,Yes
LA105900,Gandhinagar,1320,342,978,850,376,4,15,39,9,66.1,Objection,37,74.09,Yes
LA105901,Anand,1399,537,862,973,701,6,11,4,18,62.8,Compensation,10,61.62,Yes
LA105902,Junagadh,272,190,82,226,30,4,8,19,11,81.6,Acquisition,8,30.15,No
LA105903,Surat,186,130,56,170,16,2,10,27,8,66.5,Acquisition,23,30.11,No
LA105904,Amreli,1176,651,525,1152,801,2,11,10,15,71.9,Compensation,81,44.64,Yes
LA105905,Panchmahal,322,290,32,248,78,1,6,43,5,85.8,Handover,0,9.94,No
LA105906,Surat,264,124,140,161,62,1,9,38,9,81.9,Compensation,49,53.03,Yes
LA105907,Rajkot,729,386,343,845,549,5,7,19,18,70.7,Compensation,17,47.05,Yes
LA105908,Banaskantha,1375,1016,359,786,203,9,6,23,14,75.8,Compensation,61,26.11,No
LA105909,Junagadh,1204,939,265,1539,325,3,6,19,13,80.4,Handover,12,22.01,No
LA105910,Patan,801,299,502,1110,237,8,4,27,8,69.7,Compensation,41,62.67,No
LA105911,Valsad,335,200,135,398,45,1,8,4,6,79.9,Acquisition,6,40.3,No
LA105912,Valsad,538,384,154,584,213,4,13,24,8,84.3,Acquisition,120,28.62,Yes
LA105913,Valsad,1049,569,480,1197,711,4,11,39,25,73.4,Acquisition,6,45.76,Yes
LA105914,Junagadh,277,224,53,315,64,2,1,4,7,80.9,Acquisition,0,19.13,No
LA105915,Morbi,810,245,565,1125,95,6,11,0,13,45.2,Objection,23,69.75,No
LA105916,Panchmahal,67,27,40,95,10,3,5,10,6,67.3,Compensation,9,59.7,No
LA105917,Amreli,521,258,263,487,94,4,10,5,9,58.7,Compensation,0,50.48,No
LA105918,Patan,409,251,158,452,259,3,7,0,12,69.1,Acquisition,46,38.63,Yes
LA105919,Banaskantha,1038,644,394,1321,724,6,13,17,24,84.9,Acquisition,0,37.96,Yes
LA105920,Navsari,1376,654,722,758,218,4,10,87,15,69.3,Compensation,24,52.47,Yes
LA105921,Banaskantha,262,122,140,268,87,2,6,31,8,66.9,Objection,9,53.44,Yes
LA105922,Sabarkantha,1206,1075,131,1372,417,5,10,60,15,86.7,Handover,109,10.86,No
LA105923,Vadodara,1001,636,365,1197,413,10,9,16,23,76.6,Compensation,21,36.46,No
LA105924,Morbi,1457,671,786,1285,193,2,12,15,19,80.0,Acquisition,84,53.95,Yes
LA105925,Mehsana,1372,470,902,1120,387,2,12,5,10,60.0,Compensation,29,65.74,Yes
LA105926,Patan,196,110,86,140,59,4,12,5,9,62.6,Compensation,0,43.88,No
LA105927,Amreli,1128,856,272,1187,344,3,13,14,10,90.8,Acquisition,35,24.11,No
LA105928,Amreli,909,568,341,1252,312,4,10,0,16,86.1,Compensation,25,37.51,No
LA105929,Bhavnagar,214,152,62,290,99,0,7,30,10,86.2,Acquisition,17,28.97,No
LA105930,Rajkot,423,197,226,370,176,6,8,4,4,51.2,Objection,16,53.43,Yes
LA105931,Amreli,1394,1023,371,1090,667,4,12,61,18,64.9,Compensation,24,26.61,Yes
LA105932,Ahmedabad,837,519,318,1055,534,7,10,11,23,74.9,Acquisition,0,37.99,Yes
LA105933,Navsari,541,434,107,651,136,2,11,11,14,86.6,Acquisition,2,19.78,No
LA105934,Rajkot,514,346,168,516,106,5,12,17,7,80.2,Acquisition,28,32.68,No
LA105935,Rajkot,1265,457,808,1139,156,4,17,72,20,48.7,Notification,0,63.87,Yes
LA105936,Surat,461,290,171,305,127,4,7,38,9,83.6,Acquisition,0,37.09,No
LA105937,Valsad,280,207,73,352,270,7,9,18,10,72.0,Acquisition,0,26.07,No
LA105938,Anand,882,604,278,975,384,11,7,29,18,84.5,Handover,0,31.52,Yes
LA105939,Gandhinagar,1490,695,795,1325,272,9,17,67,19,70.4,Compensation,0,53.36,Yes
LA105940,Ahmedabad,315,240,75,434,232,4,6,56,16,94.5,Handover,65,23.81,Yes
LA105941,Patan,420,337,83,480,100,5,3,0,11,84.9,Handover,1,19.76,No
LA105942,Bhavnagar,730,398,332,1012,129,9,6,34,18,74.0,Compensation,28,45.48,Yes
LA105943,Gandhinagar,339,288,51,331,39,2,5,3,9,81.4,Acquisition,9,15.04,No
LA105944,Rajkot,994,726,268,953,274,9,12,24,15,78.6,Acquisition,13,26.96,Yes
LA105945,Navsari,418,293,125,582,280,4,6,45,14,73.9,Compensation,123,29.9,Yes
LA105946,Navsari,235,138,97,332,124,2,8,4,7,75.1,Compensation,40,41.28,Yes
LA105947,Anand,429,291,138,607,129,5,10,30,9,85.5,Acquisition,8,32.17,No
LA105948,Bharuch,1400,958,442,1802,470,6,13,11,20,80.0,Acquisition,34,31.57,Yes
LA105949,Ahmedabad,1406,783,623,1358,728,4,7,1,23,79.5,Compensation,6,44.31,Yes
LA105950,Anand,783,689,94,579,76,0,9,15,13,93.9,Handover,37,12.01,No
LA105951,Kheda,631,477,154,565,52,2,4,2,8,78.5,Acquisition,17,24.41,No
LA105952,Kheda,1239,646,593,1728,449,6,9,32,30,71.7,Compensation,8,47.86,Yes
LA105953,Mehsana,331,148,183,290,64,7,6,11,7,52.3,Objection,0,55.29,No
LA105954,Patan,998,698,300,1229,530,7,6,3,23,79.3,Acquisition,30,30.06,Yes
LA105955,Mehsana,1036,824,212,1430,231,13,8,87,16,80.2,Handover,56,20.46,Yes
LA105956,Banaskantha,1080,709,371,1537,211,4,8,86,18,62.7,Compensation,34,34.35,Yes
LA105957,Bharuch,366,216,150,513,111,3,7,25,16,64.6,Acquisition,4,40.98,No
LA105958,Navsari,1089,710,379,1143,302,1,13,33,16,77.8,Acquisition,15,34.8,No
LA105959,Gandhinagar,937,720,217,930,42,5,7,14,14,76.9,Compensation,0,23.16,No
LA105960,Kheda,1319,1013,306,1898,359,7,9,0,32,87.5,Acquisition,17,23.2,Yes
LA105961,Anand,303,127,176,226,147,2,9,13,5,58.3,Compensation,5,58.09,Yes
LA105962,Valsad,940,525,415,676,288,7,8,69,9,74.3,Compensation,30,44.15,Yes
LA105963,Anand,1253,955,298,1775,596,3,13,16,29,86.5,Handover,1,23.78,Yes
LA105964,Gandhinagar,453,284,169,530,163,5,8,45,7,65.8,Compensation,11,37.31,Yes
LA105965,Valsad,1129,706,423,1166,243,5,9,51,21,84.3,Compensation,0,37.47,Yes
LA105966,Gandhinagar,194,113,81,130,30,3,6,38,9,82.4,Acquisition,82,41.75,No
LA105967,Navsari,1091,531,560,1104,251,3,8,10,14,73.4,Compensation,31,51.33,No
LA105968,Amreli,929,634,295,1300,640,2,11,8,17,70.8,Compensation,74,31.75,Yes
LA105969,Jamnagar,329,194,135,359,68,3,11,90,4,68.0,Compensation,1,41.03,No
LA105970,Vadodara,146,118,28,133,23,1,9,30,6,78.2,Acquisition,10,19.18,No
LA105971,Kheda,1131,866,265,1183,501,5,8,58,18,92.5,Acquisition,8,23.43,Yes
LA105972,Sabarkantha,400,249,151,539,144,3,3,16,18,85.9,Acquisition,59,37.75,Yes
LA105973,Kheda,771,642,129,1057,648,5,5,24,16,79.6,Compensation,57,16.73,Yes
LA105974,Bharuch,138,99,39,126,53,4,8,5,5,89.8,Acquisition,17,28.26,No
LA105975,Ahmedabad,1448,1113,335,1589,244,8,6,7,21,81.8,Handover,0,23.14,No
LA105976,Valsad,846,342,504,678,413,3,11,7,12,66.9,Objection,98,59.57,Yes
LA105977,Banaskantha,1401,1089,312,1339,322,4,9,12,18,87.1,Acquisition,20,22.27,No
LA105978,Sabarkantha,282,198,84,211,87,3,5,0,3,83.5,Acquisition,20,29.79,No
LA105979,Rajkot,348,211,137,358,107,3,7,2,6,86.2,Compensation,32,39.37,No
LA105980,Banaskantha,935,916,19,1001,133,6,6,0,16,93.5,Handover,90,2.03,No
LA105981,Panchmahal,927,602,325,792,527,7,10,43,15,85.2,Acquisition,16,35.06,Yes
LA105982,Gandhinagar,1197,476,721,952,205,1,10,30,12,62.6,Compensation,0,60.23,Yes
LA105983,Mehsana,1396,961,435,958,173,7,12,26,15,86.6,Acquisition,32,31.16,No
LA105984,Junagadh,1242,506,736,839,193,5,12,18,21,74.9,Compensation,31,59.26,Yes
LA105985,Gandhinagar,253,106,147,301,131,3,6,9,7,58.9,Compensation,1,58.1,No
LA105986,Amreli,499,288,211,374,116,3,9,50,12,76.4,Acquisition,3,42.28,No
LA105987,Mehsana,1375,930,445,902,462,2,7,31,16,70.5,Acquisition,30,32.36,Yes
LA105988,Vadodara,846,433,413,1226,41,6,15,32,17,61.6,Objection,68,48.82,Yes
LA105989,Kheda,1308,907,401,1025,223,2,9,16,24,92.7,Compensation,12,30.66,No
LA105990,Kheda,866,609,257,1175,372,5,13,72,19,88.0,Acquisition,16,29.68,Yes
LA105991,Patan,122,98,24,134,51,2,3,18,7,71.4,Compensation,25,19.67,No
LA105992,Panchmahal,736,298,438,878,178,3,9,0,11,63.1,Compensation,1,59.51,Yes
LA105993,Gandhinagar,1246,972,274,1314,186,5,7,16,19,81.5,Acquisition,5,21.99,Yes
LA105994,Junagadh,1000,582,418,713,334,7,5,14,15,77.1,Objection,15,41.8,Yes
LA105995,Jamnagar,242,112,130,318,87,6,6,33,9,69.2,Acquisition,29,53.72,Yes
LA105996,Mehsana,354,186,168,458,92,5,11,36,4,70.7,Compensation,68,47.46,Yes
LA105997,Mehsana,1289,971,318,1115,116,3,8,29,22,73.1,Acquisition,21,24.67,No
LA105998,Surat,1470,971,499,1819,617,7,8,10,33,91.5,Compensation,6,33.95,Yes
LA105999,Ahmedabad,1142,645,497,1186,243,6,17,12,17,63.3,Acquisition,41,43.52,Yes
LA106000,Anand,192,161,31,263,125,2,8,10,11,83.3,Handover,59,16.15,No
LA106001,Bharuch,948,559,389,1206,457,3,8,0,14,76.7,Acquisition,6,41.03,No
LA106002,Junagadh,1253,880,373,735,314,7,12,11,11,72.8,Compensation,9,29.77,Yes
LA106003,Banaskantha,978,776,202,1312,595,5,13,33,16,82.6,Acquisition,73,20.65,Yes
LA106004,Panchmahal,912,508,404,1297,389,7,7,33,23,76.0,Compensation,1,44.3,Yes
LA106005,Bharuch,728,495,233,887,245,9,6,0,15,88.5,Acquisition,0,32.01,No
LA106006,Valsad,405,207,198,266,55,3,4,0,9,65.8,Compensation,36,48.89,No
LA106007,Sabarkantha,457,357,100,583,130,7,5,29,14,88.2,Handover,39,21.88,No
LA106008,Bharuch,1131,666,465,1281,634,2,11,34,9,74.9,Compensation,44,41.11,No
LA106009,Ahmedabad,151,77,74,129,34,10,8,22,8,59.3,Compensation,7,49.01,Yes
LA106010,Anand,172,118,54,231,42,6,6,13,8,87.3,Handover,72,31.4,No
LA106011,Anand,625,455,170,662,232,6,7,0,16,92.6,Acquisition,13,27.2,Yes
LA106012,Rajkot,1173,786,387,1546,263,9,11,39,24,78.9,Acquisition,44,32.99,Yes
LA106013,Ahmedabad,1003,668,335,1157,284,9,11,13,16,76.5,Acquisition,63,33.4,No
LA106014,Banaskantha,906,757,149,734,101,4,6,32,20,82.1,Acquisition,29,16.45,No
LA106015,Kheda,825,585,240,1178,105,5,11,0,18,78.4,Compensation,12,29.09,No
LA106016,Jamnagar,210,189,21,223,52,7,6,67,7,93.6,Handover,4,10.0,No
LA106017,Bhavnagar,531,303,228,539,341,4,8,18,7,73.1,Compensation,33,42.94,Yes
LA106018,Panchmahal,165,63,102,151,45,1,5,26,6,55.6,Objection,0,61.82,No
LA106019,Ahmedabad,1150,573,577,774,323,6,13,32,17,69.1,Compensation,37,50.17,Yes
LA106020,Panchmahal,1139,632,507,1330,157,4,7,28,16,66.8,Compensation,29,44.51,Yes
LA106021,Banaskantha,424,318,106,398,82,2,12,14,10,85.0,Acquisition,26,25.0,No
LA106022,Surat,475,281,194,661,112,3,7,0,14,70.9,Acquisition,14,40.84,No
LA106023,Navsari,510,290,220,723,421,3,10,3,15,71.6,Acquisition,26,43.14,Yes
LA106024,Anand,1340,522,818,1663,592,6,16,109,19,53.7,Compensation,0,61.04,Yes
LA106025,Rajkot,758,708,50,582,289,5,11,43,12,88.0,Acquisition,50,6.6,No
LA106026,Valsad,1155,860,295,1380,120,5,12,0,21,83.3,Acquisition,76,25.54,No
LA106027,Kheda,701,507,194,398,159,1,5,7,16,78.5,Acquisition,3,27.67,No
LA106028,Ahmedabad,1063,909,154,1375,150,4,9,42,16,91.6,Handover,9,14.49,No
LA106029,Anand,816,550,266,811,221,3,11,36,18,80.9,Compensation,22,32.6,No
LA106030,Ahmedabad,454,339,115,632,126,1,6,3,20,81.1,Acquisition,19,25.33,No
LA106031,Kheda,1321,751,570,1176,158,6,16,6,16,69.5,Compensation,37,43.15,No
LA106032,Mehsana,1078,455,623,848,243,3,7,24,19,67.7,Objection,0,57.79,Yes
LA106033,Junagadh,1166,590,576,1686,982,7,9,50,30,69.3,Compensation,35,49.4,Yes
LA106034,Mehsana,1425,1221,204,1464,419,6,11,26,16,77.8,Acquisition,30,14.32,No
LA106035,Junagadh,410,368,42,544,37,10,8,22,10,89.2,Handover,9,10.24,No
LA106036,Patan,182,121,61,249,92,1,16,16,8,81.1,Compensation,2,33.52,Yes
LA106037,Anand,894,391,503,909,65,3,12,1,13,51.5,Objection,7,56.26,No
LA106038,Banaskantha,523,318,205,502,95,4,12,4,8,71.3,Acquisition,19,39.2,No
LA106039,Bharuch,682,628,54,714,196,1,3,53,20,86.0,Handover,18,7.92,No
LA106040,Anand,390,203,187,512,117,3,7,54,15,66.4,Compensation,17,47.95,Yes
LA106041,Navsari,628,437,191,891,267,5,12,6,16,79.3,Acquisition,37,30.41,Yes
LA106042,Surat,620,329,291,524,259,4,6,17,17,73.5,Compensation,27,46.94,Yes
LA106043,Mehsana,558,399,159,678,408,3,9,21,13,84.3,Acquisition,24,28.49,No
LA106044,Mehsana,1127,495,632,909,360,1,14,0,18,82.9,Compensation,22,56.08,Yes
LA106045,Banaskantha,909,582,327,1000,260,4,12,52,16,73.9,Compensation,5,35.97,No
LA106046,Surat,738,542,196,940,434,2,8,10,13,75.7,Acquisition,27,26.56,No
LA106047,Gandhinagar,213,101,112,287,116,0,6,31,9,45.5,Objection,7,52.58,Yes
LA106048,Morbi,878,749,129,837,248,3,4,55,16,91.3,Acquisition,0,14.69,No
LA106049,Surat,303,209,94,267,102,3,11,41,13,84.0,Handover,42,31.02,Yes
LA106050,Navsari,505,187,318,393,162,4,5,26,14,59.1,Objection,17,62.97,Yes
LA106051,Amreli,652,418,234,437,144,9,8,73,8,80.7,Compensation,19,35.89,Yes
LA106052,Valsad,255,129,126,224,11,4,15,16,9,78.5,Acquisition,35,49.41,Yes
LA106053,Amreli,615,421,194,821,152,4,4,40,13,82.6,Acquisition,7,31.54,Yes
LA106054,Panchmahal,437,210,227,405,80,4,14,44,10,72.9,Compensation,31,51.95,Yes
LA106055,Anand,1283,740,543,1072,632,7,8,52,14,75.9,Acquisition,36,42.32,Yes
LA106056,Navsari,1297,593,704,1576,566,7,14,31,24,61.4,Compensation,72,54.28,Yes
LA106057,Morbi,56,36,20,42,3,3,10,2,3,74.2,Compensation,3,35.71,No
LA106058,Rajkot,924,433,491,721,316,6,9,9,14,75.6,Compensation,0,53.14,Yes
LA106059,Junagadh,979,521,458,1363,622,5,8,14,19,69.5,Objection,8,46.78,No
LA106060,Navsari,598,523,75,373,64,4,8,9,9,91.4,Handover,37,12.54,No
LA106061,Patan,730,570,160,674,107,7,9,61,10,76.3,Acquisition,27,21.92,No
LA106062,Jamnagar,1196,813,383,1279,688,6,8,28,16,80.5,Acquisition,0,32.02,Yes
LA106063,Navsari,598,586,12,453,122,2,11,3,13,87.5,Handover,75,2.01,No
LA106064,Panchmahal,143,94,49,115,15,2,10,13,4,71.6,Compensation,24,34.27,No
LA106065,Mehsana,590,462,128,442,141,4,9,19,7,88.7,Acquisition,67,21.69,No
LA106066,Vadodara,418,327,91,360,138,6,9,13,13,77.8,Acquisition,30,21.77,No
LA106067,Sabarkantha,605,435,170,822,172,7,10,22,18,88.1,Acquisition,9,28.1,No
LA106068,Morbi,383,227,156,359,252,3,10,28,10,81.4,Compensation,17,40.73,Yes
LA106069,Gandhinagar,267,182,85,247,101,2,12,8,6,71.7,Acquisition,0,31.84,No
LA106070,Anand,1479,996,483,1328,762,6,11,22,16,74.4,Compensation,10,32.66,No
LA106071,Banaskantha,236,130,106,335,65,2,5,57,12,58.6,Compensation,1,44.92,Yes
LA106072,Ahmedabad,1074,982,92,704,34,6,11,7,13,92.0,Handover,1,8.57,No
LA106073,Panchmahal,1091,865,226,1456,753,10,8,38,20,71.8,Acquisition,0,20.71,Yes
LA106074,Patan,946,447,499,799,173,2,4,23,19,74.2,Compensation,5,52.75,No
LA106075,Patan,1372,817,555,1936,453,7,13,12,23,75.4,Acquisition,42,40.45,Yes
LA106076,Morbi,57,34,23,48,8,4,5,20,2,74.2,Acquisition,10,40.35,No
LA106077,Navsari,487,318,169,304,198,1,10,18,12,66.7,Acquisition,27,34.7,No
LA106078,Valsad,317,197,120,323,170,4,10,122,2,71.2,Compensation,0,37.85,Yes
LA106079,Morbi,887,399,488,670,360,7,4,25,16,48.1,Notification,7,55.02,Yes
LA106080,Anand,972,562,410,1193,220,8,9,0,23,68.0,Acquisition,6,42.18,Yes
LA106081,Patan,1352,724,628,1543,511,8,9,17,13,66.8,Compensation,7,46.45,Yes
LA106082,Junagadh,600,524,76,701,119,7,11,9,12,91.3,Handover,64,12.67,Yes
LA106083,Sabarkantha,392,277,115,284,37,3,6,29,7,80.0,Handover,13,29.34,No
LA106084,Sabarkantha,1391,877,514,1652,308,3,10,17,17,71.8,Compensation,3,36.95,No
LA106085,Surat,1026,746,280,852,124,7,9,0,18,78.2,Acquisition,10,27.29,No
LA106086,Patan,1159,483,676,1679,271,5,16,5,21,51.8,Compensation,95,58.33,Yes
LA106087,Bharuch,695,558,137,840,315,2,6,77,13,82.1,Acquisition,5,19.71,No
LA106088,Jamnagar,699,339,360,756,419,3,5,49,11,61.6,Objection,10,51.5,Yes
LA106089,Jamnagar,614,493,121,817,387,6,8,87,11,89.6,Handover,21,19.71,Yes
LA106090,Surat,1137,750,387,1228,474,6,11,50,19,87.2,Acquisition,35,34.04,No
LA106091,Patan,355,218,137,372,117,3,9,36,7,64.8,Compensation,36,38.59,No
LA106092,Ahmedabad,1465,1166,299,1119,249,6,8,20,16,74.8,Acquisition,25,20.41,Yes
LA106093,Gandhinagar,305,201,104,354,211,5,6,40,6,94.5,Handover,29,34.1,Yes
LA106094,Banaskantha,718,435,283,637,370,4,7,0,10,67.2,Acquisition,1,39.42,Yes
LA106095,Rajkot,506,405,101,298,96,6,7,34,7,92.3,Handover,0,19.96,Yes
LA106096,Bhavnagar,982,667,315,1261,219,4,6,30,18,81.5,Acquisition,34,32.08,No
LA106097,Patan,1037,820,217,619,200,5,7,0,10,84.3,Handover,2,20.93,Yes
LA106098,Sabarkantha,1382,715,667,1596,220,4,11,96,23,65.3,Compensation,54,48.26,Yes
LA106099,Mehsana,1195,983,212,826,310,8,9,3,19,89.3,Handover,29,17.74,Yes
LA106100,Surat,410,281,129,385,117,2,8,34,11,83.6,Acquisition,35,31.46,No
LA106101,Mehsana,349,260,89,462,177,7,5,17,9,72.0,Handover,11,25.5,Yes
LA106102,Bhavnagar,1336,762,574,848,436,5,8,5,19,72.0,Compensation,4,42.96,Yes
LA106103,Sabarkantha,757,432,325,871,289,3,9,1,12,76.8,Acquisition,5,42.93,No
LA106104,Panchmahal,191,113,78,210,26,2,13,93,5,68.8,Objection,25,40.84,Yes
LA106105,Surat,1247,717,530,1659,185,7,8,26,27,77.9,Acquisition,2,42.5,No
LA106106,Junagadh,990,798,192,698,185,4,9,38,6,89.3,Handover,8,19.39,Yes
LA106107,Bharuch,87,72,15,110,51,3,5,33,9,78.6,Acquisition,11,17.24,Yes
LA106108,Patan,1185,647,538,1132,347,2,8,62,18,68.0,Compensation,4,45.4,Yes
LA106109,Surat,931,588,343,871,75,5,8,69,16,87.8,Handover,0,36.84,Yes
LA106110,Rajkot,941,490,451,824,244,4,7,3,9,69.1,Compensation,0,47.93,No
LA106111,Patan,1305,948,357,1171,98,5,9,5,9,76.7,Acquisition,6,27.36,Yes
LA106112,Mehsana,769,318,451,783,197,5,9,12,11,54.5,Objection,51,58.65,Yes
LA106113,Patan,719,597,122,465,118,5,2,86,11,87.2,Acquisition,44,16.97,No
LA106114,Junagadh,945,633,312,881,206,5,10,5,19,84.7,Acquisition,25,33.02,No
LA106115,Navsari,336,184,152,382,48,0,10,0,5,71.6,Objection,0,45.24,No
LA106116,Gandhinagar,270,233,37,270,126,4,10,27,9,90.9,Handover,84,13.7,Yes
LA106117,Banaskantha,1274,1146,128,891,358,2,7,4,13,85.2,Acquisition,21,10.05,No
LA106118,Mehsana,362,187,175,317,108,6,8,16,9,68.4,Compensation,6,48.34,Yes
LA106119,Rajkot,781,516,265,741,378,7,10,15,10,77.8,Acquisition,24,33.93,Yes
LA106120,Vadodara,441,297,144,508,284,4,7,31,10,69.2,Acquisition,0,32.65,Yes
LA106121,Banaskantha,384,235,149,523,116,3,10,5,10,72.4,Acquisition,61,38.8,Yes
LA106122,Patan,917,706,211,959,191,5,4,11,17,82.3,Acquisition,0,23.01,No
LA106123,Bhavnagar,1214,538,676,1407,359,4,10,22,20,65.0,Objection,73,55.68,Yes
LA106124,Bharuch,691,427,264,428,90,3,4,26,7,74.2,Acquisition,88,38.21,No
LA106125,Junagadh,251,94,157,354,105,3,6,7,7,57.5,Objection,30,62.55,Yes
LA106126,Bharuch,404,178,226,337,178,2,10,10,8,73.5,Compensation,14,55.94,No
LA106127,Valsad,288,214,74,250,103,6,8,35,2,93.8,Acquisition,10,25.69,No
LA106128,Jamnagar,1330,1054,276,998,466,3,9,1,14,86.1,Handover,12,20.75,No
LA106129,Sabarkantha,513,297,216,321,132,2,11,36,8,65.6,Compensation,7,42.11,Yes
LA106130,Panchmahal,592,423,169,747,167,2,9,50,14,76.0,Acquisition,50,28.55,Yes
LA106131,Rajkot,153,97,56,117,8,1,6,34,5,71.1,Compensation,18,36.6,No
LA106132,Patan,697,461,236,561,120,3,7,94,13,80.2,Acquisition,0,33.86,Yes
LA106133,Jamnagar,1376,587,789,982,623,2,11,64,14,73.5,Compensation,24,57.34,Yes
LA106134,Bharuch,644,212,432,919,354,5,13,19,11,58.2,Objection,73,67.08,Yes
LA106135,Amreli,994,634,360,1245,407,4,6,34,22,65.9,Compensation,13,36.22,Yes
LA106136,Navsari,313,191,122,434,237,3,6,23,6,81.3,Acquisition,20,38.98,Yes
LA106137,Kheda,257,163,94,341,168,3,7,54,6,76.4,Compensation,6,36.58,Yes
LA106138,Bharuch,1111,877,234,1517,682,7,5,60,31,89.3,Handover,21,21.06,Yes
LA106139,Valsad,145,88,57,142,33,2,9,24,2,85.6,Acquisition,5,39.31,No
LA106140,Amreli,700,522,178,492,299,4,5,0,9,82.8,Acquisition,12,25.43,No
LA106141,Valsad,509,450,59,430,42,2,6,30,7,84.5,Acquisition,11,11.59,No
LA106142,Sabarkantha,73,59,14,59,6,5,12,0,4,91.3,Handover,0,19.18,No
LA106143,Banaskantha,820,517,303,980,568,3,9,0,15,77.8,Acquisition,6,36.95,Yes
LA106144,Ahmedabad,1448,708,740,830,314,2,12,0,16,73.0,Compensation,17,51.1,No
LA106145,Banaskantha,150,113,37,102,33,4,15,16,5,88.9,Acquisition,36,24.67,No
LA106146,Surat,1233,825,408,1436,236,4,10,0,23,73.9,Compensation,0,33.09,No
LA106147,Mehsana,832,642,190,550,113,2,7,20,7,88.3,Acquisition,93,22.84,No
LA106148,Gandhinagar,1099,514,585,652,339,4,8,35,17,64.5,Compensation,63,53.23,Yes
LA106149,Gandhinagar,190,171,19,123,70,4,9,41,8,90.6,Handover,152,10.0,No
LA106150,Rajkot,1311,797,514,1536,441,4,20,31,24,75.7,Acquisition,21,39.21,Yes
LA106151,Kheda,66,29,37,45,12,1,4,2,5,62.0,Objection,24,56.06,No
LA106152,Morbi,1365,891,474,930,488,6,6,10,14,76.1,Handover,24,34.73,No
LA106153,Valsad,1004,812,192,760,248,5,9,76,13,79.7,Acquisition,0,19.12,No
LA106154,Bhavnagar,539,219,320,661,303,6,12,8,11,56.3,Compensation,8,59.37,No
LA106155,Banaskantha,60,23,37,44,11,9,12,27,9,61.4,Compensation,42,61.67,Yes
LA106156,Morbi,936,641,295,545,19,9,5,6,6,75.3,Acquisition,41,31.52,No
LA106157,Valsad,176,88,88,240,95,7,8,64,3,66.4,Objection,9,50.0,Yes
LA106158,Ahmedabad,933,641,292,1249,366,2,11,74,12,75.4,Compensation,11,31.3,No
LA106159,Rajkot,1171,435,736,839,246,3,19,28,15,70.4,Compensation,0,62.85,Yes
LA106160,Bharuch,437,323,114,345,25,3,12,28,9,84.9,Acquisition,13,26.09,No
LA106161,Morbi,396,205,191,285,76,3,6,49,10,67.4,Objection,38,48.23,Yes
LA106162,Anand,372,157,215,446,206,4,10,30,7,65.1,Objection,26,57.8,Yes
LA106163,Kheda,376,231,145,291,89,0,9,10,7,84.9,Acquisition,7,38.56,No
LA106164,Banaskantha,215,132,83,298,128,4,7,6,9,76.6,Compensation,13,38.6,Yes
LA106165,Bharuch,412,250,162,533,138,5,9,3,8,82.9,Acquisition,4,39.32,No
LA106166,Valsad,1006,192,814,1086,322,2,14,38,25,62.3,Compensation,23,80.91,Yes
LA106167,Mehsana,488,152,336,272,33,7,10,43,7,57.0,Objection,45,68.85,Yes
LA106168,Junagadh,1183,768,415,1591,478,5,10,29,18,88.2,Handover,7,35.08,Yes
LA106169,Panchmahal,1238,991,247,1492,566,4,14,105,20,90.6,Handover,49,19.95,Yes
LA106170,Anand,1154,771,383,1453,514,11,7,49,27,89.7,Compensation,14,33.19,Yes
LA106171,Kheda,832,497,335,511,179,7,8,106,10,72.3,Acquisition,8,40.26,Yes
LA106172,Ahmedabad,508,365,143,603,179,4,8,4,11,92.2,Acquisition,54,28.15,No
LA106173,Kheda,1399,1020,379,1783,622,11,9,25,23,77.2,Compensation,76,27.09,Yes
LA106174,Navsari,347,256,91,490,122,8,10,0,11,81.8,Acquisition,30,26.22,Yes
LA106175,Jamnagar,724,446,278,776,391,3,10,76,13,76.8,Acquisition,41,38.4,Yes
LA106176,Sabarkantha,708,513,195,713,237,0,11,0,13,82.6,Handover,31,27.54,No
LA106177,Mehsana,1131,860,271,1055,212,6,10,0,13,82.0,Acquisition,38,23.96,No
LA106178,Vadodara,843,498,345,996,103,7,20,44,16,71.2,Acquisition,0,40.93,Yes
LA106179,Gandhinagar,1210,820,390,1668,554,7,6,2,21,78.4,Compensation,33,32.23,No
LA106180,Navsari,1383,605,778,1507,681,5,11,44,25,77.0,Compensation,46,56.25,Yes
LA106181,Junagadh,616,302,314,465,262,3,9,55,13,67.3,Objection,0,50.97,Yes
LA106182,Ahmedabad,1319,953,366,746,274,2,10,13,20,90.9,Acquisition,31,27.75,No
LA106183,Junagadh,296,200,96,328,67,5,8,65,3,70.0,Acquisition,13,32.43,Yes
LA106184,Valsad,1379,738,641,1832,1380,5,16,16,18,70.2,Acquisition,13,46.48,Yes
LA106185,Surat,308,214,94,188,41,4,11,0,8,87.5,Acquisition,0,30.52,No
LA106186,Patan,1283,838,445,1165,110,8,11,26,22,72.1,Acquisition,3,34.68,No
LA106187,Bharuch,616,412,204,860,112,8,9,51,12,92.8,Acquisition,23,33.12,Yes
LA106188,Ahmedabad,1449,729,720,1451,279,5,15,32,25,64.5,Compensation,0,49.69,Yes
LA106189,Navsari,237,110,127,177,107,5,10,68,1,78.3,Compensation,76,53.59,Yes
LA106190,Navsari,725,337,388,630,233,7,8,1,12,66.8,Acquisition,2,53.52,No
LA106191,Rajkot,1358,644,714,1246,466,5,9,189,17,65.3,Objection,22,52.58,Yes
LA106192,Vadodara,118,114,4,77,27,5,11,65,8,92.5,Handover,43,3.39,No
LA106193,Morbi,434,313,121,497,219,3,12,37,11,85.0,Acquisition,26,27.88,Yes
LA106194,Sabarkantha,171,93,78,185,51,2,9,13,7,75.4,Compensation,5,45.61,Yes
LA106195,Mehsana,516,383,133,585,87,4,2,56,14,86.8,Compensation,25,25.78,No
LA106196,Valsad,616,604,12,677,203,5,5,0,17,94.6,Handover,31,1.95,Yes
LA106197,Kheda,948,513,435,536,8,3,3,16,9,86.0,Compensation,5,45.89,No
LA106198,Ahmedabad,423,173,250,299,67,2,6,31,7,48.1,Objection,12,59.1,No
LA106199,Sabarkantha,280,173,107,196,105,4,3,37,8,70.7,Compensation,27,38.21,Yes
LA106200,Anand,296,205,91,189,53,4,6,13,2,82.1,Acquisition,10,30.74,No
LA106201,Panchmahal,1411,840,571,1710,600,3,7,33,25,75.0,Acquisition,133,40.47,Yes
LA106202,Morbi,1433,954,479,943,252,9,7,137,14,65.4,Acquisition,24,33.43,Yes
LA106203,Mehsana,371,283,88,427,117,4,7,5,7,80.9,Acquisition,18,23.72,No
LA106204,Rajkot,333,185,148,237,49,5,10,20,1,77.9,Compensation,1,44.44,No
LA106205,Valsad,128,79,49,84,36,6,6,57,7,73.9,Acquisition,47,38.28,Yes
LA106206,Gandhinagar,1442,1208,234,1004,562,5,8,6,16,82.9,Compensation,3,16.23,No
LA106207,Patan,1074,863,211,1082,116,3,4,22,14,86.3,Acquisition,25,19.65,No
LA106208,Gandhinagar,1153,782,371,1304,247,4,11,27,20,77.3,Acquisition,25,32.18,Yes
LA106209,Sabarkantha,471,132,339,603,268,7,9,22,10,55.2,Notification,7,71.97,Yes
LA106210,Valsad,980,905,75,652,149,2,11,22,10,81.0,Handover,8,7.65,No
LA106211,Panchmahal,136,98,38,150,97,2,6,41,5,77.1,Acquisition,8,27.94,No
LA106212,Patan,1030,977,53,1284,277,2,14,22,16,88.1,Acquisition,5,5.15,No
LA106213,Junagadh,891,710,181,741,225,3,6,20,13,87.8,Acquisition,80,20.31,No
LA106214,Patan,530,284,246,330,123,2,9,40,8,66.8,Compensation,2,46.42,No
LA106215,Valsad,1080,654,426,746,243,4,14,41,10,79.0,Compensation,35,39.44,Yes
LA106216,Rajkot,987,804,183,624,141,6,9,0,16,83.3,Acquisition,44,18.54,No
LA106217,Rajkot,686,491,195,925,575,3,8,27,17,69.5,Acquisition,0,28.43,Yes
LA106218,Ahmedabad,320,259,61,284,110,3,10,67,7,82.3,Acquisition,4,19.06,No
LA106219,Amreli,84,81,3,86,29,1,3,15,5,84.9,Handover,89,3.57,No
LA106220,Patan,1410,679,731,1751,775,7,11,50,25,60.5,Compensation,2,51.84,Yes
LA106221,Anand,458,202,256,405,9,4,7,9,8,63.7,Compensation,13,55.9,No
LA106222,Surat,487,316,171,552,342,5,6,5,14,74.6,Compensation,0,35.11,Yes
LA106223,Anand,1038,742,296,643,148,5,7,50,17,75.7,Acquisition,38,28.52,Yes
LA106224,Rajkot,420,291,129,413,192,3,7,13,6,83.4,Acquisition,12,30.71,Yes
LA106225,Banaskantha,595,480,115,379,256,7,5,36,7,91.8,Acquisition,31,19.33,No
LA106226,Jamnagar,1081,710,371,836,445,7,8,23,15,75.8,Handover,68,34.32,Yes
LA106227,Kheda,913,656,257,743,339,6,14,5,12,78.9,Compensation,33,28.15,Yes
LA106228,Sabarkantha,1002,559,443,1198,264,4,10,0,20,67.5,Compensation,18,44.21,Yes
LA106229,Bharuch,56,29,27,65,30,1,6,41,3,63.4,Objection,0,48.21,No
LA106230,Gandhinagar,704,347,357,861,296,8,15,43,11,57.0,Compensation,1,50.71,Yes
LA106231,Kheda,739,438,301,448,184,4,8,99,9,64.9,Compensation,127,40.73,Yes
LA106232,Jamnagar,967,544,423,1397,167,5,9,29,23,73.7,Objection,17,43.74,Yes
LA106233,Ahmedabad,269,83,186,161,77,0,12,10,6,62.6,Notification,13,69.14,Yes
LA106234,Surat,281,146,135,363,92,2,10,38,8,74.8,Compensation,0,48.04,No
LA106235,Kheda,1156,708,448,1406,228,5,17,24,16,69.5,Compensation,0,38.75,Yes
LA106236,Patan,1026,730,296,1111,753,7,6,0,18,89.4,Handover,5,28.85,No
LA106237,Bhavnagar,1227,776,451,1159,381,4,6,33,19,73.1,Acquisition,26,36.76,No
LA106238,Navsari,442,319,123,544,150,1,8,27,9,84.3,Handover,24,27.83,No
LA106239,Kheda,1497,1207,290,1820,570,9,11,23,23,90.8,Acquisition,10,19.37,Yes
LA106240,Bharuch,445,189,256,300,35,7,6,6,4,52.1,Objection,13,57.53,Yes
LA106241,Valsad,994,919,75,1256,551,4,8,23,20,91.4,Handover,5,7.55,No
LA106242,Anand,285,153,132,177,66,1,13,7,5,67.0,Compensation,8,46.32,No
LA106243,Amreli,1382,840,542,1383,343,4,16,87,21,82.8,Acquisition,35,39.22,Yes
LA106244,Rajkot,532,353,179,601,186,4,8,9,8,75.6,Acquisition,1,33.65,No
LA106245,Patan,1214,1061,153,1565,165,3,7,27,21,91.1,Handover,44,12.6,No
LA106246,Panchmahal,530,278,252,512,135,3,7,63,13,86.2,Acquisition,5,47.55,No
LA106247,Morbi,1197,812,385,914,341,3,7,8,17,86.3,Acquisition,9,32.16,No
LA106248,Junagadh,709,490,219,703,349,5,8,18,8,80.6,Acquisition,46,30.89,Yes
LA106249,Patan,140,99,41,109,52,1,8,31,3,86.7,Compensation,1,29.29,Yes
LA106250,Banaskantha,326,229,97,334,4,2,8,21,8,80.6,Acquisition,27,29.75,No
LA106251,Mehsana,1041,730,311,1006,443,4,12,133,6,87.5,Acquisition,25,29.88,Yes
LA106252,Patan,330,221,109,413,218,4,9,43,7,70.5,Compensation,13,33.03,Yes
LA106253,Gandhinagar,449,252,197,344,73,5,11,24,8,68.6,Compensation,46,43.88,Yes
LA106254,Surat,836,231,605,610,75,3,11,47,9,59.4,Objection,19,72.37,Yes
LA106255,Rajkot,417,271,146,407,46,5,4,0,5,70.4,Acquisition,7,35.01,No
LA106256,Vadodara,237,202,35,141,52,4,8,12,5,88.3,Handover,26,14.77,No
LA106257,Bharuch,955,524,431,722,248,2,12,55,16,68.2,Compensation,31,45.13,Yes
LA106258,Amreli,1049,349,700,911,221,3,6,79,13,64.9,Objection,0,66.73,Yes
LA106259,Valsad,1113,702,411,1101,84,4,8,29,18,67.1,Compensation,19,36.93,No
LA106260,Gandhinagar,1419,799,620,1125,607,8,12,2,20,78.5,Acquisition,20,43.69,Yes
LA106261,Jamnagar,230,184,46,243,21,1,4,0,5,94.2,Acquisition,0,20.0,No
LA106262,Vadodara,669,453,216,897,481,3,15,41,13,84.9,Acquisition,55,32.29,Yes
LA106263,Rajkot,389,153,236,404,16,3,7,24,9,66.9,Compensation,14,60.67,Yes
LA106264,Anand,1357,755,602,1097,711,4,12,77,18,68.5,Compensation,8,44.36,Yes
LA106265,Gandhinagar,833,684,149,505,81,5,6,0,16,90.9,Acquisition,23,17.89,No
LA106266,Ahmedabad,192,131,61,129,44,2,9,21,7,79.2,Acquisition,0,31.77,Yes
LA106267,Jamnagar,1054,683,371,1112,120,4,7,1,19,78.9,Compensation,15,35.2,No
LA106268,Jamnagar,112,70,42,131,15,2,10,45,5,81.5,Acquisition,52,37.5,No
LA106269,Kheda,447,381,66,266,115,1,7,28,8,82.2,Acquisition,31,14.77,No
LA106270,Morbi,1096,938,158,786,210,5,12,9,17,94.3,Acquisition,48,14.42,No
LA106271,Kheda,784,298,486,656,95,3,10,3,9,61.0,Compensation,0,61.99,No
LA106272,Navsari,1154,663,491,967,244,4,15,16,14,66.2,Compensation,5,42.55,Yes
LA106273,Mehsana,878,596,282,1240,449,5,10,114,21,76.4,Acquisition,0,32.12,Yes
LA106274,Anand,1273,836,437,934,394,2,8,4,11,72.1,Compensation,28,34.33,No
LA106275,Bhavnagar,866,614,252,525,232,5,7,22,8,82.8,Acquisition,47,29.1,Yes
LA106276,Bhavnagar,132,71,61,115,44,5,5,39,11,72.6,Acquisition,7,46.21,No
LA106277,Banaskantha,153,99,54,103,21,2,3,2,6,89.1,Acquisition,17,35.29,No
LA106278,Rajkot,1177,769,408,781,167,5,8,17,9,82.3,Acquisition,16,34.66,No
LA106279,Bhavnagar,106,51,55,97,11,8,6,13,9,76.5,Acquisition,33,51.89,Yes
LA106280,Vadodara,596,461,135,492,195,5,5,27,6,85.7,Acquisition,56,22.65,Yes
LA106281,Banaskantha,73,47,26,46,11,4,6,4,6,91.2,Acquisition,0,35.62,No
LA106282,Banaskantha,490,220,270,536,56,2,6,42,9,62.0,Compensation,17,55.1,Yes
LA106283,Valsad,913,680,233,914,339,3,11,47,12,79.1,Acquisition,5,25.52,No
LA106284,Ahmedabad,301,217,84,186,63,1,8,0,6,85.9,Acquisition,1,27.91,No
LA106285,Morbi,726,397,329,963,91,7,8,13,13,68.2,Compensation,30,45.32,No
LA106286,Surat,1495,1239,256,1205,363,5,8,15,19,89.4,Acquisition,55,17.12,No
LA106287,Surat,152,80,72,215,167,3,5,22,11,61.2,Objection,84,47.37,Yes
LA106288,Anand,142,132,10,197,22,4,8,61,6,93.2,Handover,16,7.04,No
LA106289,Jamnagar,443,340,103,417,53,2,9,10,9,82.8,Handover,93,23.25,No
LA106290,Patan,1249,974,275,944,265,2,11,19,18,85.7,Handover,16,22.02,No
LA106291,Panchmahal,638,356,282,830,96,3,7,26,8,86.7,Acquisition,56,44.2,No
LA106292,Patan,977,502,475,855,289,3,8,6,20,62.5,Compensation,56,48.62,Yes
LA106293,Vadodara,99,95,4,69,11,4,5,7,4,90.5,Acquisition,76,4.04,No
LA106294,Anand,1116,881,235,1168,134,8,10,15,21,84.0,Handover,3,21.06,No
LA106295,Banaskantha,147,82,65,146,32,4,10,0,6,60.0,Compensation,13,44.22,No
LA106296,Vadodara,1082,635,447,1423,567,4,8,18,29,77.5,Compensation,28,41.31,Yes
LA106297,Bhavnagar,264,188,76,318,90,2,13,8,4,83.5,Acquisition,9,28.79,No
LA106298,Panchmahal,1295,936,359,1733,960,4,14,31,28,78.6,Acquisition,7,27.72,No
LA106299,Vadodara,479,347,132,580,107,6,11,15,5,79.9,Acquisition,13,27.56,No
LA106300,Patan,316,239,77,356,150,2,3,51,5,79.5,Acquisition,15,24.37,No
LA106301,Sabarkantha,538,247,291,538,267,1,7,57,16,70.1,Compensation,1,54.09,Yes
LA106302,Junagadh,51,35,16,73,26,3,4,6,8,87.0,Handover,4,31.37,No
LA106303,Rajkot,289,180,109,408,139,0,7,41,8,86.4,Acquisition,30,37.72,No
LA106304,Anand,918,454,464,1206,349,5,8,24,21,60.6,Objection,33,50.54,No
LA106305,Morbi,486,315,171,606,97,4,8,42,14,78.7,Compensation,0,35.19,No
LA106306,Valsad,563,261,302,602,70,2,14,17,9,61.8,Compensation,25,53.64,Yes
LA106307,Navsari,1221,802,419,957,391,8,13,47,18,84.0,Acquisition,18,34.32,Yes
LA106308,Vadodara,229,137,92,306,127,0,4,7,13,80.0,Acquisition,22,40.17,Yes
LA106309,Junagadh,624,323,301,349,105,7,11,58,7,65.0,Compensation,7,48.24,Yes
LA106310,Gandhinagar,320,165,155,242,99,8,6,23,5,54.6,Objection,33,48.44,Yes
LA106311,Rajkot,750,592,158,685,84,5,6,1,11,75.6,Acquisition,0,21.07,No
LA106312,Vadodara,531,420,111,572,199,7,7,9,6,75.7,Compensation,16,20.9,No
LA106313,Mehsana,117,71,46,123,29,4,6,16,7,77.2,Objection,22,39.32,No
LA106314,Junagadh,151,73,78,107,33,4,10,9,9,72.7,Acquisition,26,51.66,No
LA106315,Jamnagar,1286,942,344,829,181,4,9,33,17,76.6,Acquisition,29,26.75,No
LA106316,Banaskantha,132,101,31,99,13,4,11,39,4,76.2,Handover,28,23.48,No
LA106317,Kheda,1185,616,569,1024,246,2,12,70,21,61.4,Compensation,35,48.02,Yes
LA106318,Rajkot,1379,1074,305,776,197,3,7,9,17,89.1,Handover,11,22.12,No
LA106319,Jamnagar,725,508,217,851,172,2,4,1,13,87.5,Compensation,27,29.93,No
LA106320,Patan,502,315,187,388,78,3,13,23,7,69.6,Handover,0,37.25,No
LA106321,Rajkot,1176,940,236,1019,712,2,8,39,25,85.5,Acquisition,0,20.07,Yes
LA106322,Panchmahal,1475,916,559,1256,302,6,9,14,23,71.9,Compensation,5,37.9,No
LA106323,Patan,224,124,100,226,108,3,8,60,8,78.4,Compensation,8,44.64,Yes
LA106324,Rajkot,1449,715,734,1918,417,9,7,49,31,71.9,Compensation,50,50.66,Yes
LA106325,Mehsana,1419,817,602,971,22,6,9,53,14,71.2,Compensation,43,42.42,Yes
LA106326,Anand,256,178,78,219,28,5,9,43,6,71.7,Acquisition,5,30.47,No
LA106327,Vadodara,129,117,12,151,64,6,3,35,0,92.1,Handover,0,9.3,No
LA106328,Patan,1087,364,723,641,93,6,12,108,10,52.0,Notification,2,66.51,Yes
LA106329,Gandhinagar,162,87,75,210,122,4,6,0,5,83.6,Acquisition,24,46.3,No
LA106330,Kheda,921,769,152,1304,551,3,8,102,19,81.8,Handover,9,16.5,Yes
LA106331,Sabarkantha,143,136,7,157,23,3,4,15,8,93.5,Handover,36,4.9,No
LA106332,Anand,1052,763,289,1484,370,1,7,21,25,82.9,Compensation,30,27.47,No
LA106333,Kheda,386,165,221,356,67,0,14,0,7,60.8,Objection,2,57.25,No
LA106334,Panchmahal,189,136,53,175,82,7,10,111,8,86.5,Acquisition,43,28.04,Yes
LA106335,Banaskantha,146,74,72,94,21,5,3,47,7,55.4,Compensation,34,49.32,Yes
LA106336,Vadodara,323,286,37,188,9,3,6,20,11,93.7,Handover,70,11.46,No
LA106337,Panchmahal,834,370,464,642,92,4,12,5,12,62.2,Objection,9,55.64,No
LA106338,Bhavnagar,161,147,14,158,31,2,6,0,9,81.3,Handover,0,8.7,No
LA106339,Mehsana,1214,724,490,1222,547,2,8,12,17,86.2,Handover,92,40.36,Yes
LA106340,Banaskantha,926,677,249,691,154,7,8,31,7,90.1,Handover,30,26.89,No
LA106341,Surat,481,241,240,530,256,2,8,31,17,68.8,Compensation,4,49.9,Yes
LA106342,Vadodara,1481,975,506,1056,156,7,13,105,13,76.9,Compensation,57,34.17,Yes
LA106343,Kheda,1005,552,453,848,198,3,8,83,17,57.6,Objection,5,45.07,Yes
LA106344,Panchmahal,1025,895,130,744,283,3,7,0,14,90.0,Acquisition,9,12.68,No
LA106345,Patan,302,191,111,355,141,3,6,36,11,74.5,Compensation,39,36.75,Yes
LA106346,Surat,1081,331,750,1097,350,4,11,39,16,57.8,Notification,0,69.38,Yes
LA106347,Kheda,861,643,218,1044,372,9,6,0,10,77.2,Acquisition,6,25.32,No
LA106348,Amreli,1478,566,912,889,371,6,14,29,23,63.1,Compensation,9,61.71,Yes
LA106349,Sabarkantha,743,472,271,693,356,5,8,16,14,79.5,Compensation,8,36.47,No
LA106350,Gandhinagar,1033,681,352,1467,318,7,10,14,16,78.7,Compensation,35,34.08,Yes
LA106351,Banaskantha,544,381,163,325,169,4,12,33,10,89.2,Acquisition,14,29.96,No
LA106352,Bhavnagar,108,78,30,100,40,1,8,57,2,90.9,Acquisition,6,27.78,No
LA106353,Rajkot,235,166,69,138,77,2,2,5,5,74.2,Acquisition,50,29.36,Yes
LA106354,Morbi,1308,996,312,892,471,3,3,19,20,74.0,Acquisition,34,23.85,No
LA106355,Sabarkantha,1121,714,407,1083,389,3,15,11,23,76.6,Acquisition,24,36.31,Yes
LA106356,Navsari,579,266,313,401,77,4,16,84,10,76.0,Compensation,24,54.06,Yes
LA106357,Sabarkantha,1062,751,311,1080,217,2,12,49,22,79.8,Compensation,39,29.28,Yes
LA106358,Navsari,56,32,24,77,17,1,6,3,0,76.6,Compensation,9,42.86,No
LA106359,Patan,103,58,45,75,14,1,7,55,5,66.0,Acquisition,17,43.69,No
LA106360,Vadodara,785,515,270,507,223,5,11,51,10,75.0,Acquisition,28,34.39,No
LA106361,Rajkot,956,560,396,1236,224,3,9,23,13,88.5,Acquisition,6,41.42,No
LA106362,Bhavnagar,1409,736,673,1359,357,9,12,12,17,69.0,Compensation,13,47.76,Yes
LA106363,Junagadh,1152,964,188,1549,651,3,9,22,18,88.6,Acquisition,11,16.32,No
LA106364,Patan,423,138,285,349,82,3,13,10,11,48.3,Notification,1,67.38,Yes
LA106365,Rajkot,1232,602,630,1373,389,7,13,84,19,72.4,Compensation,32,51.14,Yes
LA106366,Valsad,763,443,320,1054,57,6,8,34,17,64.8,Objection,46,41.94,Yes
LA106367,Rajkot,1248,154,1094,879,379,6,17,7,14,44.2,Notification,24,87.66,Yes
LA106368,Mehsana,302,227,75,384,198,4,13,6,7,84.2,Handover,38,24.83,Yes
LA106369,Bharuch,88,56,32,98,25,1,3,0,7,80.6,Handover,28,36.36,No
LA106370,Valsad,133,110,23,170,71,3,9,0,7,89.4,Handover,43,17.29,No
LA106371,Navsari,1487,908,579,1046,174,8,10,0,17,75.6,Acquisition,40,38.94,No
LA106372,Panchmahal,166,132,34,156,34,6,4,64,2,86.2,Acquisition,0,20.48,No
LA106373,Mehsana,1413,1240,173,941,173,3,13,14,16,85.5,Handover,25,12.24,No
LA106374,Patan,1104,654,450,1561,390,4,8,18,28,65.5,Objection,3,40.76,Yes
LA106375,Panchmahal,261,216,45,158,43,0,5,0,6,87.3,Handover,0,17.24,No
LA106376,Valsad,1303,1096,207,793,229,3,7,0,4,89.3,Handover,59,15.89,No
LA106377,Banaskantha,259,67,192,352,135,2,10,10,6,57.0,Notification,18,74.13,No
LA106378,Junagadh,257,97,160,211,54,5,4,49,13,51.4,Compensation,32,62.26,Yes
LA106379,Gandhinagar,885,539,346,962,197,7,12,29,15,70.9,Compensation,28,39.1,Yes
LA106380,Banaskantha,468,400,68,378,30,2,7,73,7,90.8,Handover,10,14.53,No
LA106381,Vadodara,471,356,115,534,85,8,14,1,12,87.5,Acquisition,19,24.42,No
LA106382,Rajkot,332,235,97,240,8,2,3,23,7,75.8,Compensation,8,29.22,No
LA106383,Morbi,931,447,484,897,241,5,8,44,14,70.4,Objection,1,51.99,No
LA106384,Navsari,88,78,10,91,11,3,11,125,11,80.7,Acquisition,25,11.36,Yes
LA106385,Gandhinagar,405,336,69,344,116,4,10,9,8,88.5,Handover,71,17.04,No
LA106386,Anand,853,581,272,662,219,6,12,1,10,88.4,Acquisition,8,31.89,No
LA106387,Jamnagar,755,657,98,511,120,6,8,5,5,84.9,Acquisition,2,12.98,No
LA106388,Kheda,1065,354,711,1263,284,6,6,0,19,58.3,Compensation,42,66.76,Yes
LA106389,Patan,363,230,133,255,20,5,7,31,6,75.5,Compensation,44,36.64,Yes
LA106390,Morbi,990,692,298,805,200,5,8,9,14,80.6,Acquisition,6,30.1,Yes
LA106391,Jamnagar,1152,663,489,983,157,5,15,11,18,74.1,Compensation,1,42.45,Yes
LA106392,Surat,613,448,165,588,147,1,14,17,6,85.6,Acquisition,62,26.92,No
LA106393,Ahmedabad,422,302,120,499,298,5,12,2,15,82.6,Acquisition,16,28.44,Yes
LA106394,Gandhinagar,855,541,314,800,217,4,8,0,18,85.4,Acquisition,29,36.73,No
LA106395,Bhavnagar,889,557,332,1186,257,5,6,24,17,72.5,Compensation,0,37.35,No
LA106396,Ahmedabad,186,125,61,216,48,3,5,51,4,79.2,Acquisition,0,32.8,No
LA106397,Jamnagar,869,730,139,1134,257,6,9,67,15,76.7,Acquisition,29,16.0,No
LA106398,Valsad,273,232,41,326,152,1,13,19,11,81.8,Handover,63,15.02,No
LA106399,Ahmedabad,875,365,510,598,356,4,9,14,15,62.5,Compensation,27,58.29,Yes
LA106400,Vadodara,1402,629,773,2005,388,5,17,8,29,60.0,Compensation,39,55.14,Yes
LA106401,Surat,829,496,333,1043,407,5,10,29,17,78.8,Acquisition,10,40.17,Yes
LA106402,Surat,1154,681,473,1230,719,2,9,2,17,74.0,Compensation,22,40.99,No
LA106403,Rajkot,499,426,73,349,73,2,7,50,8,87.9,Acquisition,29,14.63,No
LA106404,Kheda,1388,974,414,979,155,5,11,14,20,82.8,Handover,49,29.83,No
LA106405,Rajkot,1229,644,585,1355,241,8,13,78,17,70.2,Compensation,0,47.6,Yes
LA106406,Bhavnagar,1380,1128,252,1276,246,5,8,16,24,86.9,Compensation,17,18.26,No
LA106407,Vadodara,1126,190,936,1304,201,5,11,19,17,50.8,Notification,80,83.13,Yes
LA106408,Rajkot,992,405,587,878,331,5,11,28,11,58.6,Compensation,4,59.17,Yes
LA106409,Rajkot,811,743,68,820,103,4,7,6,14,89.0,Handover,9,8.38,No
LA106410,Navsari,1396,1355,41,1004,140,3,3,20,12,93.5,Handover,0,2.94,No
LA106411,Surat,1280,1137,143,883,283,6,5,28,17,87.0,Handover,46,11.17,No
LA106412,Amreli,654,434,220,404,73,4,7,20,7,89.7,Acquisition,75,33.64,Yes
LA106413,Mehsana,174,95,79,224,20,2,14,31,2,78.7,Compensation,2,45.4,No
LA106414,Navsari,55,41,14,58,13,2,6,55,4,89.9,Handover,0,25.45,No
LA106415,Bharuch,388,140,248,544,156,3,11,13,11,50.6,Notification,46,63.92,Yes
LA106416,Kheda,140,69,71,171,81,3,11,43,6,69.6,Objection,2,50.71,Yes
LA106417,Bhavnagar,356,154,202,442,247,5,13,30,16,72.6,Compensation,78,56.74,Yes
LA106418,Vadodara,208,126,82,210,113,8,6,3,1,64.6,Compensation,64,39.42,Yes
LA106419,Ahmedabad,1473,1084,389,1891,641,11,10,45,29,78.0,Compensation,9,26.41,Yes
LA106420,Mehsana,188,134,54,263,56,7,3,50,11,88.5,Acquisition,28,28.72,Yes
LA106421,Patan,959,684,275,1150,375,7,11,0,13,76.4,Acquisition,0,28.68,Yes
LA106422,Vadodara,560,369,191,361,28,2,9,5,5,69.3,Compensation,39,34.11,No
LA106423,Navsari,302,139,163,343,56,5,7,40,5,81.5,Compensation,0,53.97,No
LA106424,Surat,1067,800,267,703,373,7,2,40,14,80.4,Acquisition,17,25.02,Yes
LA106425,Navsari,1458,589,869,903,228,2,15,43,18,55.2,Objection,5,59.6,Yes
LA106426,Sabarkantha,1197,445,752,1405,196,9,14,54,23,74.7,Objection,0,62.82,Yes
LA106427,Patan,1465,837,628,1906,670,9,4,0,31,60.6,Compensation,0,42.87,Yes
LA106428,Gandhinagar,906,418,488,628,154,8,8,28,10,59.2,Compensation,39,53.86,No
LA106429,Amreli,1027,367,660,633,35,5,13,57,12,65.0,Compensation,20,64.26,No
LA106430,Vadodara,262,217,45,353,117,4,5,12,11,89.9,Acquisition,20,17.18,Yes
LA106431,Valsad,1286,1029,257,860,248,5,6,22,19,89.2,Handover,0,19.98,No
LA106432,Navsari,1135,742,393,660,49,5,9,55,11,72.5,Compensation,29,34.63,Yes
LA106433,Gandhinagar,418,193,225,501,143,4,8,14,10,77.5,Compensation,23,53.83,Yes
LA106434,Banaskantha,564,429,135,741,254,4,9,26,14,90.0,Acquisition,27,23.94,Yes
LA106435,Patan,936,638,298,948,164,5,13,35,19,89.0,Acquisition,74,31.84,Yes
LA106436,Patan,68,39,29,70,22,3,11,21,1,71.3,Compensation,25,42.65,No
LA106437,Junagadh,1236,548,688,1055,152,4,10,0,15,73.8,Compensation,42,55.66,Yes
LA106438,Banaskantha,457,302,155,349,91,1,11,33,7,88.3,Acquisition,85,33.92,No
LA106439,Rajkot,158,145,13,194,119,3,7,0,4,87.5,Handover,65,8.23,No
LA106440,Rajkot,529,456,73,695,88,5,11,5,16,85.9,Handover,0,13.8,No
LA106441,Mehsana,1262,806,456,1059,346,6,5,0,15,67.2,Compensation,0,36.13,No
LA106442,Anand,447,422,25,356,90,2,2,83,14,90.5,Acquisition,0,5.59,No
LA106443,Valsad,832,185,647,658,83,9,7,17,12,55.1,Notification,29,77.76,No
LA106444,Banaskantha,1228,914,314,731,38,2,8,15,15,86.3,Handover,111,25.57,Yes
LA106445,Patan,98,64,34,79,10,3,6,13,1,74.9,Compensation,27,34.69,No
LA106446,Navsari,1152,506,646,660,33,6,12,43,10,61.4,Objection,0,56.08,No
LA106447,Banaskantha,468,199,269,589,236,3,5,34,6,73.5,Compensation,90,57.48,No
LA106448,Valsad,1059,793,266,826,223,2,13,93,17,78.1,Acquisition,60,25.12,Yes
LA106449,Amreli,322,202,120,377,19,6,5,64,9,69.3,Compensation,36,37.27,No
LA106450,Anand,251,181,70,261,52,6,6,35,11,89.4,Acquisition,19,27.89,No
LA106451,Valsad,1193,1086,107,1555,384,4,13,15,22,93.2,Handover,11,8.97,No
LA106452,Anand,1222,834,388,1728,1046,4,7,22,19,79.0,Compensation,0,31.75,No
LA106453,Bhavnagar,1473,862,611,1297,204,6,14,6,18,65.4,Objection,1,41.48,Yes
LA106454,Rajkot,1032,515,517,650,160,4,10,21,9,71.7,Compensation,3,50.1,No
LA106455,Rajkot,725,328,397,888,579,5,8,99,12,56.9,Objection,29,54.76,Yes
LA106456,Valsad,332,244,88,189,47,6,9,22,2,82.5,Acquisition,1,26.51,No
LA106457,Patan,478,206,272,359,101,9,7,6,8,59.2,Objection,25,56.9,Yes
LA106458,Bhavnagar,990,228,762,592,176,4,10,2,15,63.2,Objection,10,76.97,Yes
LA106459,Jamnagar,552,335,217,750,428,5,9,20,16,71.7,Compensation,10,39.31,Yes
LA106460,Kheda,751,418,333,417,156,5,7,26,8,66.4,Compensation,96,44.34,Yes
LA106461,Rajkot,293,98,195,291,104,4,5,24,6,57.0,Objection,27,66.55,Yes
LA106462,Navsari,687,523,164,640,417,6,12,5,10,82.1,Handover,0,23.87,No
LA106463,Morbi,395,244,151,449,148,9,7,75,11,72.0,Compensation,17,38.23,Yes
LA106464,Mehsana,212,148,64,172,52,3,10,23,5,77.7,Compensation,59,30.19,No
LA106465,Navsari,241,181,60,322,53,4,12,17,10,89.9,Acquisition,15,24.9,No
LA106466,Amreli,802,355,447,971,103,4,10,19,15,73.8,Compensation,84,55.74,No
LA106467,Valsad,581,293,288,546,130,2,14,0,10,79.2,Acquisition,64,49.57,Yes
LA106468,Vadodara,195,149,46,170,15,3,8,28,3,81.4,Compensation,12,23.59,No
LA106469,Navsari,796,357,439,1022,242,5,7,24,20,68.7,Compensation,0,55.15,Yes
LA106470,Amreli,288,171,117,355,136,3,13,14,13,79.3,Compensation,37,40.62,No
LA106471,Anand,72,62,10,65,14,1,6,76,4,88.2,Handover,13,13.89,No
LA106472,Mehsana,242,120,122,207,11,5,7,0,4,82.4,Compensation,6,50.41,No
LA106473,Mehsana,700,439,261,409,40,4,10,42,1,89.7,Acquisition,0,37.29,No
LA106474,Bharuch,1434,916,518,894,321,5,7,17,16,68.9,Acquisition,24,36.12,Yes
LA106475,Ahmedabad,400,279,121,239,30,2,7,21,7,80.6,Acquisition,67,30.25,No
LA106476,Mehsana,463,180,283,265,135,4,8,85,10,71.4,Objection,1,61.12,Yes
LA106477,Patan,402,310,92,276,99,5,2,20,11,92.3,Acquisition,26,22.89,Yes
LA106478,Banaskantha,565,349,216,747,154,4,9,21,15,72.6,Compensation,15,38.23,Yes
LA106479,Rajkot,1090,543,547,1382,301,10,7,8,18,73.3,Compensation,7,50.18,Yes
LA106480,Vadodara,517,308,209,678,147,4,7,62,14,85.4,Acquisition,68,40.43,Yes
LA106481,Junagadh,1004,498,506,1116,281,6,6,17,15,78.5,Acquisition,0,50.4,No
LA106482,Anand,1353,1016,337,1504,423,3,6,11,23,78.6,Acquisition,38,24.91,No
LA106483,Panchmahal,1422,994,428,941,179,2,10,47,15,72.1,Acquisition,0,30.1,Yes
LA106484,Banaskantha,866,421,445,1021,150,4,10,5,18,55.2,Compensation,8,51.39,No
LA106485,Valsad,1084,600,484,869,297,2,11,6,17,57.0,Compensation,54,44.65,Yes
LA106486,Junagadh,1383,949,434,1407,285,8,5,98,22,68.7,Compensation,32,31.38,Yes
LA106487,Amreli,1191,622,569,1678,492,5,11,10,26,79.3,Acquisition,21,47.77,Yes
LA106488,Vadodara,485,298,187,647,217,2,6,22,10,64.8,Objection,19,38.56,No
LA106489,Junagadh,241,182,59,183,92,4,10,23,6,85.9,Compensation,0,24.48,No
LA106490,Anand,216,192,24,262,171,1,3,47,8,81.6,Acquisition,14,11.11,Yes
LA106491,Anand,1329,986,343,855,322,5,6,2,10,54.6,Acquisition,42,25.81,No
LA106492,Bhavnagar,857,466,391,492,198,5,13,13,14,69.2,Acquisition,0,45.62,No
LA106493,Navsari,479,186,293,276,134,3,9,3,13,55.9,Objection,7,61.17,No
LA106494,Sabarkantha,551,348,203,387,131,5,10,48,5,79.0,Compensation,44,36.84,No
LA106495,Bharuch,458,355,103,538,181,6,11,2,6,87.9,Handover,23,22.49,Yes
LA106496,Banaskantha,1213,665,548,1064,152,10,10,7,13,65.7,Compensation,31,45.18,No
LA106497,Banaskantha,938,809,129,529,188,5,6,47,12,72.4,Compensation,12,13.75,No
LA106498,Ahmedabad,1326,886,440,1908,547,4,7,11,34,77.5,Acquisition,56,33.18,No
LA106499,Bharuch,487,323,164,502,45,3,12,46,8,82.2,Handover,9,33.68,No
LA106500,Junagadh,735,501,234,665,442,0,4,39,10,79.9,Compensation,19,31.84,Yes
LA106501,Anand,226,130,96,230,93,3,5,13,6,78.0,Acquisition,23,42.48,No
LA106502,Junagadh,1459,528,931,1485,416,9,15,4,24,66.1,Notification,88,63.81,Yes
LA106503,Bharuch,792,427,365,771,395,2,7,72,18,68.3,Acquisition,43,46.09,Yes
LA106504,Surat,852,660,192,939,232,5,7,2,20,67.2,Compensation,5,22.54,No
LA106505,Rajkot,650,453,197,876,112,6,9,35,15,73.3,Acquisition,106,30.31,Yes
LA106506,Gandhinagar,443,275,168,364,36,4,7,2,4,78.8,Compensation,29,37.92,Yes
LA106507,Mehsana,1426,1217,209,1409,463,9,15,36,22,92.5,Acquisition,0,14.66,No
LA106508,Rajkot,759,744,15,420,96,3,3,5,8,92.9,Handover,16,1.98,No
LA106509,Rajkot,1029,709,320,1362,590,7,15,0,30,78.9,Acquisition,14,31.1,Yes
LA106510,Junagadh,104,61,43,86,21,3,8,99,5,79.9,Acquisition,120,41.35,Yes
LA106511,Kheda,450,264,186,357,181,3,5,42,4,70.7,Acquisition,0,41.33,No
LA106512,Ahmedabad,1216,1012,204,1761,141,5,8,0,23,87.9,Handover,0,16.78,No
LA106513,Gandhinagar,177,127,50,190,55,2,11,9,4,79.3,Compensation,32,28.25,No
LA106514,Junagadh,197,129,68,130,43,6,11,4,6,64.5,Compensation,47,34.52,Yes
LA106515,Mehsana,1225,832,393,966,99,4,13,69,21,78.9,Acquisition,44,32.08,No
LA106516,Rajkot,497,209,288,431,184,4,10,18,12,77.5,Compensation,41,57.95,Yes
LA106517,Valsad,447,299,148,643,207,6,11,54,15,74.5,Compensation,3,33.11,No
LA106518,Bhavnagar,870,690,180,816,263,8,9,38,12,86.5,Acquisition,24,20.69,No
LA106519,Amreli,332,187,145,251,55,4,10,19,5,66.0,Compensation,19,43.67,Yes
LA106520,Kheda,112,78,34,119,14,1,3,28,6,89.4,Compensation,47,30.36,No
LA106521,Bhavnagar,56,39,17,51,17,2,8,10,3,62.5,Compensation,22,30.36,No
LA106522,Junagadh,165,81,84,99,27,4,13,45,4,72.7,Objection,23,50.91,Yes
LA106523,Navsari,280,145,135,371,48,3,6,46,10,73.9,Compensation,45,48.21,No
LA106524,Vadodara,1060,796,264,598,165,5,10,0,7,88.5,Handover,10,24.91,No
LA106525,Panchmahal,482,304,178,655,303,6,10,35,13,63.2,Acquisition,23,36.93,Yes
LA106526,Jamnagar,154,95,59,194,57,3,9,0,9,61.3,Compensation,33,38.31,No
LA106527,Anand,70,57,13,43,7,3,7,70,4,86.3,Handover,4,18.57,No
LA106528,Anand,742,489,253,891,298,5,11,93,5,69.8,Acquisition,26,34.1,Yes
LA106529,Amreli,1269,662,607,1578,508,8,10,69,26,77.3,Acquisition,0,47.83,Yes
LA106530,Panchmahal,541,250,291,591,255,6,6,85,13,75.5,Compensation,0,53.79,Yes
LA106531,Surat,142,107,35,152,13,3,6,36,9,89.8,Acquisition,0,24.65,No
LA106532,Rajkot,380,298,82,226,75,6,5,104,8,81.2,Handover,46,21.58,Yes
LA106533,Gandhinagar,774,612,162,467,52,3,5,43,10,81.7,Acquisition,29,20.93,No
LA106534,Bhavnagar,323,218,105,389,151,6,2,13,14,87.4,Acquisition,41,32.51,No
LA106535,Banaskantha,1469,938,531,948,176,3,11,20,17,85.0,Compensation,1,36.15,No
LA106536,Surat,1157,1023,134,888,198,4,9,29,14,87.9,Handover,28,11.58,No
LA106537,Patan,549,319,230,548,96,3,12,35,10,69.1,Compensation,10,41.89,No
LA106538,Banaskantha,1430,501,929,998,244,6,10,13,24,68.7,Compensation,25,64.97,Yes
LA106539,Sabarkantha,521,194,327,657,284,1,13,6,14,62.1,Compensation,0,62.76,No
LA106540,Panchmahal,253,150,103,323,136,4,7,25,13,67.4,Compensation,3,40.71,Yes
LA106541,Panchmahal,1411,779,632,1845,480,9,12,17,25,79.0,Acquisition,5,44.79,Yes
LA106542,Amreli,1442,705,737,857,143,1,14,45,19,71.4,Acquisition,6,51.11,Yes
LA106543,Bharuch,503,271,232,470,245,3,8,0,14,75.7,Compensation,19,46.12,No
LA106544,Sabarkantha,913,403,510,1198,409,4,11,0,14,50.1,Objection,18,55.86,No
LA106545,Morbi,301,161,140,264,92,7,11,23,8,66.6,Compensation,2,46.51,No
LA106546,Navsari,981,799,182,1154,377,4,12,35,22,76.8,Compensation,23,18.55,No
LA106547,Morbi,1051,689,362,1135,226,3,8,2,16,81.6,Compensation,3,34.44,No
LA106548,Jamnagar,1080,713,367,931,171,4,9,65,27,80.0,Acquisition,11,33.98,No
LA106549,Gandhinagar,875,582,293,699,324,3,8,33,13,75.5,Acquisition,6,33.49,No
LA106550,Banaskantha,1071,731,340,1218,567,4,11,0,16,85.8,Acquisition,35,31.75,No
LA106551,Mehsana,855,569,286,573,232,5,4,34,12,93.2,Handover,5,33.45,No
LA106552,Banaskantha,1239,864,375,1641,721,6,9,17,21,84.7,Acquisition,12,30.27,No
LA106553,Gandhinagar,310,212,98,331,90,2,4,11,13,87.1,Acquisition,52,31.61,No
LA106554,Mehsana,751,311,440,488,37,4,12,7,14,56.7,Objection,35,58.59,No
LA106555,Panchmahal,654,432,222,774,91,2,13,6,13,83.6,Acquisition,23,33.94,No
LA106556,Amreli,823,561,262,772,193,6,3,13,13,75.9,Acquisition,11,31.83,No
LA106557,Patan,256,166,90,188,34,3,7,35,2,80.1,Compensation,43,35.16,No
LA106558,Mehsana,519,233,286,734,304,6,9,31,12,73.6,Compensation,2,55.11,No
LA106559,Panchmahal,1434,969,465,1717,290,4,9,29,31,85.2,Acquisition,10,32.43,Yes
LA106560,Gandhinagar,202,127,75,219,102,1,4,5,5,86.1,Acquisition,150,37.13,Yes
LA106561,Vadodara,971,916,55,1276,586,5,6,0,16,86.4,Handover,22,5.66,No
LA106562,Amreli,1014,544,470,1054,84,7,10,95,11,66.3,Compensation,0,46.35,Yes
LA106563,Sabarkantha,738,517,221,699,331,4,10,75,10,75.7,Acquisition,0,29.95,Yes
LA106564,Rajkot,98,50,48,71,16,3,8,91,4,64.8,Compensation,8,48.98,Yes
LA106565,Banaskantha,99,85,14,68,14,0,7,25,3,79.7,Handover,82,14.14,No
LA106566,Morbi,449,260,189,422,180,6,7,0,12,82.1,Compensation,9,42.09,No
LA106567,Gandhinagar,198,127,71,190,25,1,14,36,9,83.7,Handover,4,35.86,No
LA106568,Navsari,186,114,72,225,41,4,8,15,7,63.6,Compensation,10,38.71,No
LA106569,Gandhinagar,282,140,142,267,40,2,8,0,5,67.9,Objection,0,50.35,No
LA106570,Jamnagar,326,191,135,353,143,7,9,72,8,78.1,Compensation,0,41.41,Yes
LA106571,Patan,1266,924,342,1645,481,8,5,26,23,89.6,Acquisition,94,27.01,Yes
LA106572,Amreli,976,951,25,1409,545,8,7,13,15,89.1,Handover,38,2.56,No
LA106573,Mehsana,94,90,4,79,24,8,7,10,7,86.1,Handover,10,4.26,No
LA106574,Mehsana,961,792,169,1309,401,12,7,6,22,89.3,Handover,18,17.59,No
LA106575,Gandhinagar,248,148,100,316,60,3,6,27,7,70.3,Compensation,59,40.32,Yes
LA106576,Junagadh,660,250,410,403,190,4,9,4,6,45.1,Objection,0,62.12,No
LA106577,Surat,105,58,47,89,47,2,9,7,2,64.7,Compensation,31,44.76,No
LA106578,Amreli,180,99,81,134,47,3,8,98,9,66.3,Compensation,5,45.0,Yes
LA106579,Mehsana,242,175,67,278,55,6,5,12,9,88.0,Acquisition,18,27.69,No
LA106580,Bharuch,678,468,210,712,224,10,9,12,11,86.5,Acquisition,25,30.97,Yes
LA106581,Gandhinagar,721,565,156,718,254,4,7,22,14,84.8,Acquisition,15,21.64,No
LA106582,Kheda,561,388,173,694,342,6,5,23,11,79.7,Acquisition,26,30.84,Yes
LA106583,Bhavnagar,949,759,190,807,419,6,12,25,15,77.4,Acquisition,24,20.02,No
LA106584,Navsari,1095,780,315,979,101,4,10,0,16,85.2,Compensation,4,28.77,No
LA106585,Jamnagar,1107,743,364,1471,295,4,7,32,24,87.5,Acquisition,8,32.88,No
LA106586,Navsari,890,481,409,1268,139,7,8,0,16,80.5,Compensation,61,45.96,Yes
LA106587,Mehsana,841,473,368,1050,239,2,12,1,17,76.2,Objection,26,43.76,Yes
LA106588,Bhavnagar,763,351,412,569,385,0,15,1,18,72.9,Compensation,0,54.0,Yes
LA106589,Panchmahal,395,268,127,257,40,2,8,0,6,69.2,Compensation,22,32.15,No
LA106590,Navsari,756,458,298,558,198,6,8,2,16,77.0,Acquisition,3,39.42,Yes
LA106591,Bharuch,64,45,19,60,20,9,7,29,4,89.0,Handover,37,29.69,Yes
LA106592,Kheda,1452,1095,357,1108,154,2,7,89,16,82.3,Handover,7,24.59,Yes
LA106593,Kheda,587,340,247,799,117,5,5,20,11,52.9,Compensation,23,42.08,No
LA106594,Morbi,1147,450,697,1323,382,7,13,16,17,57.5,Objection,93,60.77,Yes
LA106595,Banaskantha,1438,980,458,1330,737,12,8,14,19,90.4,Acquisition,38,31.85,Yes
LA106596,Ahmedabad,771,539,232,614,203,2,10,25,7,85.2,Acquisition,0,30.09,No
LA106597,Navsari,1300,455,845,1160,315,5,13,20,18,66.7,Compensation,23,65.0,Yes
LA106598,Ahmedabad,745,628,117,729,209,7,10,0,19,90.1,Handover,25,15.7,No
LA106599,Vadodara,241,141,100,287,27,3,9,15,6,66.1,Acquisition,19,41.49,No
LA106600,Ahmedabad,88,35,53,55,27,2,9,33,8,58.5,Objection,24,60.23,Yes
LA106601,Bhavnagar,246,142,104,323,65,8,7,33,12,80.6,Compensation,25,42.28,No
LA106602,Banaskantha,1417,1233,184,942,349,1,5,19,13,75.3,Handover,3,12.99,No
LA106603,Bhavnagar,739,447,292,581,262,6,10,0,19,84.3,Acquisition,1,39.51,No
LA106604,Mehsana,513,249,264,741,136,3,5,13,13,68.9,Compensation,1,51.46,Yes
LA106605,Gandhinagar,697,505,192,503,86,4,5,5,8,83.6,Compensation,40,27.55,No
LA106606,Panchmahal,421,304,117,270,36,7,3,1,5,75.8,Acquisition,12,27.79,Yes
LA106607,Junagadh,1313,697,616,1477,1049,7,15,48,23,67.6,Objection,0,46.92,Yes
LA106608,Banaskantha,1500,901,599,1356,43,7,10,31,12,72.3,Acquisition,7,39.93,No
LA106609,Bhavnagar,173,141,32,109,44,1,11,0,5,86.8,Handover,15,18.5,No
LA106610,Patan,1092,814,278,604,46,6,10,20,17,56.5,Compensation,1,25.46,No
LA106611,Banaskantha,536,145,391,333,201,4,7,25,6,47.8,Objection,5,72.95,Yes
LA106612,Vadodara,118,57,61,120,32,3,8,12,5,66.2,Objection,27,51.69,No
LA106613,Jamnagar,1388,708,680,1052,486,7,11,37,19,65.3,Compensation,0,48.99,Yes
LA106614,Bharuch,139,117,22,174,78,3,6,48,4,88.6,Handover,29,15.83,Yes
LA106615,Junagadh,348,234,114,460,161,4,9,18,18,56.1,Compensation,33,32.76,Yes
LA106616,Kheda,87,51,36,59,20,5,6,28,3,71.8,Acquisition,0,41.38,No
LA106617,Rajkot,733,602,131,625,311,8,10,43,17,87.7,Handover,7,17.87,No
LA106618,Anand,920,493,427,627,261,3,10,78,5,86.4,Compensation,0,46.41,No
LA106619,Anand,515,337,178,416,112,4,11,26,14,77.0,Compensation,30,34.56,No
LA106620,Surat,153,98,55,117,2,2,8,27,8,76.1,Acquisition,28,35.95,No
LA106621,Sabarkantha,218,142,76,274,101,3,10,22,4,67.9,Compensation,7,34.86,No
LA106622,Surat,1404,1011,393,1209,608,6,9,40,18,88.3,Acquisition,67,27.99,Yes
LA106623,Junagadh,1219,712,507,1214,172,5,10,80,15,82.3,Acquisition,22,41.59,Yes
LA106624,Bharuch,1409,978,431,1630,572,3,7,6,20,79.1,Handover,19,30.59,No
LA106625,Surat,820,498,322,1058,434,4,9,25,11,87.5,Acquisition,27,39.27,No
LA106626,Mehsana,842,549,293,691,222,3,10,2,7,84.7,Compensation,22,34.8,No
LA106627,Amreli,1190,652,538,879,335,4,8,29,16,67.3,Compensation,59,45.21,Yes
LA106628,Anand,944,563,381,1350,389,6,7,10,24,94.2,Acquisition,20,40.36,No
LA106629,Ahmedabad,683,384,299,572,60,4,7,75,19,71.5,Acquisition,22,43.78,Yes
LA106630,Bhavnagar,473,383,90,546,52,6,9,26,13,77.3,Acquisition,6,19.03,Yes
LA106631,Bharuch,754,363,391,875,183,6,15,3,11,76.4,Compensation,33,51.86,Yes
LA106632,Patan,142,97,45,144,66,2,6,2,2,86.5,Acquisition,0,31.69,No
LA106633,Gandhinagar,329,201,128,249,17,6,2,12,11,68.2,Objection,0,38.91,No
LA106634,Vadodara,1120,978,142,759,296,4,5,19,7,90.1,Handover,8,12.68,No
LA106635,Ahmedabad,1309,533,776,1294,225,7,10,53,25,54.4,Objection,18,59.28,Yes
LA106636,Amreli,197,131,66,199,39,3,10,8,6,80.2,Acquisition,16,33.5,No
LA106637,Surat,190,169,21,237,95,4,4,17,1,83.8,Acquisition,6,11.05,No
LA106638,Mehsana,174,130,44,207,80,2,9,20,7,84.0,Acquisition,49,25.29,No
LA106639,Mehsana,1198,632,566,1642,760,11,13,0,20,75.6,Compensation,3,47.25,Yes
LA106640,Gandhinagar,501,334,167,713,371,8,8,16,17,77.5,Acquisition,8,33.33,No
LA106641,Bhavnagar,524,315,209,631,167,7,10,30,15,73.9,Compensation,74,39.89,Yes
LA106642,Patan,68,46,22,42,17,2,3,71,1,84.2,Acquisition,57,32.35,No
LA106643,Mehsana,1461,836,625,1336,96,6,14,6,22,85.4,Acquisition,3,42.78,No
LA106644,Banaskantha,679,477,202,745,357,3,7,48,8,82.0,Acquisition,31,29.75,Yes
LA106645,Patan,1207,831,376,1305,203,7,5,16,19,75.3,Compensation,35,31.15,No
LA106646,Kheda,1076,688,388,768,199,3,13,80,14,69.3,Compensation,20,36.06,No
LA106647,Bharuch,255,149,106,274,115,6,6,69,5,70.9,Acquisition,0,41.57,Yes
LA106648,Morbi,1212,967,245,1048,218,4,9,58,12,90.3,Handover,0,20.21,No
LA106649,Mehsana,848,597,251,725,345,2,11,12,18,87.2,Acquisition,12,29.6,No
LA106650,Anand,926,847,79,1204,735,5,16,7,12,92.5,Handover,7,8.53,No
LA106651,Patan,340,219,121,316,98,2,1,2,10,87.5,Acquisition,18,35.59,No
LA106652,Rajkot,1278,692,586,1310,868,5,12,0,13,72.0,Acquisition,14,45.85,Yes
LA106653,Mehsana,1401,826,575,1480,650,5,10,10,23,79.0,Acquisition,34,41.04,Yes
LA106654,Ahmedabad,639,402,237,675,129,5,11,31,20,76.3,Handover,0,37.09,No
LA106655,Navsari,184,153,31,136,36,4,5,0,5,81.5,Acquisition,29,16.85,No
LA106656,Morbi,1281,579,702,1396,508,4,9,41,19,69.9,Compensation,5,54.8,Yes
LA106657,Navsari,1337,1147,190,1138,562,3,10,42,15,93.6,Handover,18,14.21,No
LA106658,Amreli,784,636,148,893,513,9,5,37,14,89.1,Handover,1,18.88,Yes
LA106659,Banaskantha,890,576,314,606,163,1,11,37,10,85.7,Acquisition,8,35.28,No
LA106660,Amreli,373,237,136,539,131,8,5,23,13,77.6,Compensation,28,36.46,Yes
LA106661,Jamnagar,147,71,76,183,78,3,3,21,1,70.1,Acquisition,38,51.7,No
LA106662,Patan,1419,1034,385,1313,252,5,7,8,13,83.4,Acquisition,60,27.13,No
LA106663,Banaskantha,750,540,210,616,190,5,12,1,6,84.6,Handover,31,28.0,Yes
LA106664,Vadodara,448,321,127,403,120,2,4,6,8,69.4,Compensation,5,28.35,No
LA106665,Surat,1055,515,540,1265,521,9,8,42,17,69.3,Compensation,50,51.18,Yes
LA106666,Panchmahal,88,56,32,100,69,2,6,3,8,77.5,Acquisition,43,36.36,Yes
LA106667,Ahmedabad,165,104,61,195,51,5,11,0,4,78.7,Acquisition,26,36.97,No
LA106668,Amreli,402,318,84,543,375,2,9,27,11,77.7,Acquisition,6,20.9,No
LA106669,Banaskantha,703,429,274,675,73,4,10,62,13,78.0,Compensation,20,38.98,Yes
LA106670,Ahmedabad,582,286,296,671,103,3,5,11,11,70.8,Compensation,13,50.86,Yes
LA106671,Bharuch,321,136,185,304,61,7,9,46,4,63.6,Objection,24,57.63,Yes
LA106672,Valsad,559,236,323,628,37,5,7,11,11,63.6,Objection,30,57.78,Yes
LA106673,Bharuch,534,290,244,522,122,5,9,31,11,72.6,Compensation,34,45.69,Yes
LA106674,Gandhinagar,811,473,338,1013,309,6,8,33,23,78.9,Acquisition,26,41.68,Yes
LA106675,Rajkot,866,648,218,480,108,2,7,17,7,86.0,Handover,0,25.17,No
LA106676,Gandhinagar,1331,685,646,990,484,8,9,15,13,76.6,Acquisition,61,48.53,Yes
LA106677,Gandhinagar,1220,1024,196,996,138,3,7,22,17,89.2,Handover,103,16.07,Yes
LA106678,Sabarkantha,474,376,98,664,281,2,14,0,9,89.8,Acquisition,42,20.68,No
LA106679,Anand,1359,1261,98,1368,310,2,10,0,22,87.7,Handover,10,7.21,No
LA106680,Mehsana,805,304,501,707,460,2,11,13,11,47.9,Compensation,15,62.24,No
LA106681,Bhavnagar,322,259,63,294,158,4,5,49,5,87.8,Acquisition,109,19.57,Yes
LA106682,Ahmedabad,543,470,73,519,134,6,12,20,14,78.4,Acquisition,113,13.44,No
LA106683,Patan,1126,890,236,1499,452,7,12,14,21,86.0,Handover,20,20.96,No
LA106684,Valsad,1242,623,619,1759,1069,1,9,48,28,65.5,Objection,69,49.84,Yes
LA106685,Jamnagar,592,426,166,775,238,6,4,34,4,91.4,Acquisition,47,28.04,No
LA106686,Amreli,278,161,117,363,145,5,8,15,7,57.2,Objection,2,42.09,Yes
LA106687,Bharuch,328,215,113,239,85,6,6,15,5,86.8,Compensation,62,34.45,Yes
LA106688,Sabarkantha,200,81,119,158,43,2,5,34,3,65.2,Objection,32,59.5,No
LA106689,Surat,1063,539,524,1155,132,5,11,23,20,74.4,Compensation,17,49.29,Yes
LA106690,Mehsana,779,466,313,888,89,4,9,20,17,79.3,Compensation,13,40.18,No
LA106691,Vadodara,704,523,181,516,317,3,6,19,10,85.2,Handover,16,25.71,Yes
LA106692,Junagadh,1024,645,379,1251,290,8,14,67,18,77.7,Acquisition,0,37.01,Yes
LA106693,Mehsana,1252,893,359,914,277,5,10,5,17,78.1,Acquisition,6,28.67,No
LA106694,Morbi,1204,821,383,947,599,2,9,40,10,90.0,Acquisition,1,31.81,No
LA106695,Gandhinagar,248,156,92,205,102,5,7,0,10,83.1,Handover,30,37.1,No
LA106696,Bhavnagar,905,435,470,1187,382,7,9,19,21,60.2,Compensation,0,51.93,Yes
LA106697,Patan,1330,711,619,1608,460,3,9,40,30,75.4,Compensation,1,46.54,Yes
LA106698,Junagadh,1172,656,516,1204,436,8,10,43,22,81.3,Acquisition,0,44.03,Yes
LA106699,Rajkot,527,285,242,679,147,7,8,4,7,81.1,Compensation,21,45.92,Yes
LA106700,Morbi,619,484,135,793,233,2,6,12,16,89.6,Handover,49,21.81,No
LA106701,Morbi,1341,923,418,1208,493,5,9,11,14,81.3,Acquisition,10,31.17,No
LA106702,Banaskantha,97,53,44,122,11,2,8,26,8,68.6,Objection,40,45.36,No
LA106703,Bharuch,812,546,266,597,269,3,8,0,8,68.0,Compensation,43,32.76,Yes
LA106704,Navsari,218,107,111,219,91,4,7,35,3,59.8,Compensation,78,50.92,Yes
LA106705,Anand,1348,983,365,885,275,5,8,46,10,84.4,Acquisition,58,27.08,Yes
LA106706,Jamnagar,106,87,19,99,27,6,8,4,8,80.1,Acquisition,39,17.92,No
LA106707,Panchmahal,83,57,26,85,30,3,9,7,5,72.1,Handover,99,31.33,Yes
LA106708,Anand,527,310,217,328,149,3,6,41,4,78.1,Acquisition,29,41.18,No
LA106709,Kheda,340,157,183,329,77,2,7,16,7,52.3,Objection,15,53.82,Yes
LA106710,Gandhinagar,768,435,333,873,545,5,11,2,11,53.3,Compensation,21,43.36,No
LA106711,Morbi,484,446,38,534,101,4,10,0,11,85.8,Acquisition,8,7.85,No
LA106712,Valsad,567,532,35,340,197,4,9,10,8,94.5,Handover,11,6.17,No
LA106713,Rajkot,869,573,296,553,219,4,17,57,14,74.4,Compensation,65,34.06,Yes
LA106714,Junagadh,863,557,306,748,448,8,16,20,8,74.1,Acquisition,20,35.46,Yes
LA106715,Ahmedabad,1406,1315,91,1840,376,8,8,0,18,89.9,Handover,47,6.47,No
LA106716,Ahmedabad,747,351,396,996,290,2,13,103,17,72.9,Objection,15,53.01,Yes
LA106717,Valsad,868,588,280,719,69,8,7,57,13,68.0,Acquisition,16,32.26,Yes
LA106718,Rajkot,1033,785,248,1237,77,5,8,26,14,86.0,Acquisition,30,24.01,No
LA106719,Banaskantha,302,184,118,323,49,2,7,0,8,81.9,Acquisition,67,39.07,No
LA106720,Kheda,1017,572,445,1459,323,4,6,35,30,79.9,Acquisition,21,43.76,Yes
LA106721,Jamnagar,1300,691,609,826,415,1,12,19,12,81.9,Compensation,28,46.85,No
LA106722,Ahmedabad,511,371,140,533,174,6,12,102,10,78.9,Compensation,40,27.4,No
LA106723,Navsari,308,253,55,334,67,3,8,13,10,75.2,Compensation,23,17.86,No
LA106724,Mehsana,552,299,253,456,283,2,11,22,11,71.8,Compensation,0,45.83,Yes
LA106725,Amreli,449,179,270,266,115,5,12,38,4,61.9,Objection,49,60.13,Yes
LA106726,Bhavnagar,899,621,278,537,162,4,6,44,11,69.8,Acquisition,15,30.92,No
LA106727,Bharuch,1303,888,415,1249,696,4,7,34,18,79.0,Acquisition,30,31.85,Yes
LA106728,Vadodara,915,728,187,1074,286,6,10,15,23,79.0,Acquisition,27,20.44,No
LA106729,Banaskantha,232,154,78,274,113,2,5,12,5,87.3,Handover,12,33.62,No
LA106730,Bhavnagar,506,442,64,361,252,3,9,42,7,91.6,Handover,36,12.65,No
LA106731,Junagadh,1050,899,151,1388,598,4,11,23,22,79.4,Handover,43,14.38,No
LA106732,Gandhinagar,529,225,304,471,145,5,6,18,9,66.2,Compensation,17,57.47,Yes
LA106733,Anand,900,396,504,1276,200,5,9,20,23,60.9,Objection,42,56.0,Yes
LA106734,Jamnagar,1057,572,485,694,365,5,10,16,17,70.5,Objection,22,45.88,Yes
LA106735,Amreli,527,393,134,687,407,5,9,10,10,79.1,Acquisition,31,25.43,Yes
LA106736,Morbi,989,753,236,1352,676,0,8,6,25,75.8,Handover,26,23.86,No
LA106737,Bhavnagar,627,254,373,809,184,3,9,25,15,61.0,Objection,18,59.49,Yes
LA106738,Panchmahal,245,230,15,313,50,4,4,23,5,80.8,Handover,3,6.12,Yes
LA106739,Navsari,590,398,192,516,151,5,7,6,9,78.9,Acquisition,0,32.54,No
LA106740,Gandhinagar,689,509,180,821,56,1,9,16,15,90.4,Acquisition,0,26.12,No
LA106741,Junagadh,53,44,9,57,16,2,10,10,7,80.2,Acquisition,22,16.98,No
LA106742,Vadodara,1345,635,710,1254,215,5,20,78,17,59.6,Objection,0,52.79,Yes
LA106743,Mehsana,815,522,293,1177,395,6,9,29,26,79.7,Acquisition,8,35.95,Yes
LA106744,Mehsana,102,75,27,83,21,1,5,12,7,90.3,Acquisition,24,26.47,No
LA106745,Rajkot,1309,1283,26,1207,167,4,9,17,24,89.9,Handover,24,1.99,No
LA106746,Junagadh,1290,612,678,1758,371,7,13,11,29,70.2,Compensation,0,52.56,No
LA106747,Banaskantha,67,57,10,54,13,3,10,0,4,85.8,Handover,25,14.93,No
LA106748,Patan,286,181,105,197,72,4,7,19,6,82.9,Acquisition,9,36.71,No
LA106749,Sabarkantha,577,321,256,478,131,3,8,15,8,74.2,Compensation,17,44.37,No
LA106750,Jamnagar,786,529,257,969,252,4,16,21,14,80.0,Acquisition,0,32.7,No
LA106751,Morbi,1103,856,247,1460,301,4,6,4,21,84.4,Acquisition,5,22.39,No
LA106752,Sabarkantha,665,320,345,434,226,4,10,42,7,76.8,Acquisition,0,51.88,No
LA106753,Anand,937,570,367,1040,244,3,11,1,20,78.3,Acquisition,0,39.17,No
LA106754,Jamnagar,64,42,22,68,15,6,6,0,5,68.7,Compensation,9,34.38,No
LA106755,Surat,1005,911,94,1158,287,4,3,1,22,91.2,Handover,19,9.35,No
LA106756,Rajkot,1378,879,499,1590,549,9,10,0,29,78.7,Acquisition,0,36.21,Yes
LA106757,Jamnagar,813,381,432,1149,315,8,7,13,21,71.3,Objection,5,53.14,Yes
LA106758,Jamnagar,710,378,332,612,267,4,14,18,12,64.4,Objection,53,46.76,Yes
LA106759,Banaskantha,481,427,54,394,48,4,7,32,7,91.3,Handover,6,11.23,No
LA106760,Ahmedabad,1434,973,461,1539,1019,11,11,46,18,78.1,Compensation,16,32.15,Yes
LA106761,Rajkot,98,63,35,92,26,7,6,42,4,63.6,Objection,0,35.71,Yes
LA106762,Sabarkantha,466,225,241,455,95,2,6,128,7,64.3,Compensation,40,51.72,Yes
LA106763,Kheda,251,104,147,154,44,4,9,40,4,67.5,Compensation,3,58.57,Yes
LA106764,Navsari,1306,718,588,893,425,3,7,21,8,73.4,Compensation,39,45.02,No
LA106765,Sabarkantha,750,464,286,1044,515,5,9,33,16,74.2,Objection,29,38.13,Yes
LA106766,Bhavnagar,1388,815,573,849,239,4,11,27,17,77.8,Compensation,1,41.28,No
LA106767,Sabarkantha,1015,632,383,1097,164,8,5,94,16,79.4,Handover,24,37.73,Yes
LA106768,Navsari,857,623,234,1053,185,9,9,45,16,75.4,Acquisition,11,27.3,Yes
LA106769,Patan,800,559,241,449,100,6,11,0,16,89.0,Handover,0,30.12,No
LA106770,Ahmedabad,344,220,124,258,97,3,8,0,5,88.4,Acquisition,0,36.05,No
LA106771,Jamnagar,865,495,370,769,444,7,12,8,16,62.6,Compensation,0,42.77,Yes
LA106772,Banaskantha,1044,865,179,1050,326,4,9,46,16,87.6,Handover,0,17.15,No
LA106773,Navsari,1450,581,869,1243,157,7,17,2,19,63.8,Compensation,73,59.93,Yes
LA106774,Rajkot,846,536,310,959,152,1,8,64,15,69.2,Acquisition,0,36.64,No
LA106775,Anand,1412,914,498,1064,94,2,11,36,17,87.2,Acquisition,16,35.27,No
LA106776,Navsari,1420,855,565,814,331,4,16,45,14,79.4,Acquisition,34,39.79,Yes
LA106777,Surat,808,486,322,446,80,5,6,58,5,82.8,Compensation,17,39.85,No
LA106778,Valsad,687,266,421,591,170,4,15,0,9,57.3,Notification,35,61.28,Yes
LA106779,Vadodara,257,178,79,225,44,2,11,83,9,75.8,Compensation,9,30.74,Yes
LA106780,Panchmahal,439,313,126,616,207,2,14,55,13,80.4,Acquisition,0,28.7,No
LA106781,Valsad,1325,898,427,782,53,5,8,12,9,87.1,Handover,3,32.23,No
LA106782,Patan,250,179,71,257,103,7,9,33,9,81.3,Acquisition,73,28.4,No
LA106783,Bharuch,626,406,220,670,174,8,13,34,14,73.5,Acquisition,17,35.14,No
LA106784,Bhavnagar,1063,696,367,1254,371,5,9,28,17,68.8,Compensation,2,34.52,Yes
LA106785,Rajkot,399,281,118,449,164,0,10,6,8,78.7,Acquisition,0,29.57,No
LA106786,Morbi,1463,1026,437,815,76,1,13,7,14,75.1,Acquisition,3,29.87,No
LA106787,Mehsana,992,697,295,1110,495,3,7,12,21,81.4,Acquisition,27,29.74,No
LA106788,Amreli,91,35,56,76,14,4,8,43,6,60.5,Objection,16,61.54,Yes
LA106789,Ahmedabad,408,270,138,508,137,7,3,3,16,76.7,Acquisition,3,33.82,No
LA106790,Jamnagar,1124,939,185,809,315,7,14,6,12,83.0,Handover,25,16.46,No
LA106791,Valsad,1302,1126,176,1555,75,8,12,0,23,85.2,Acquisition,15,13.52,No
LA106792,Kheda,1394,404,990,1551,497,5,19,10,21,67.8,Objection,44,71.02,Yes
LA106793,Surat,1285,873,412,1461,398,3,11,0,20,74.1,Compensation,58,32.06,No
LA106794,Banaskantha,158,107,51,112,70,2,8,29,6,84.2,Acquisition,13,32.28,Yes
LA106795,Valsad,1108,699,409,1277,423,2,7,38,16,71.7,Acquisition,1,36.91,Yes
LA106796,Surat,209,145,64,254,64,4,8,6,6,93.6,Acquisition,0,30.62,No
LA106797,Gandhinagar,161,90,71,159,57,3,7,15,8,72.6,Compensation,14,44.1,No
LA106798,Valsad,1054,466,588,903,143,7,7,96,12,72.8,Compensation,11,55.79,Yes
LA106799,Anand,743,511,232,520,150,1,10,0,13,84.5,Compensation,6,31.22,No
LA106800,Kheda,990,797,193,803,117,5,11,5,12,85.8,Acquisition,17,19.49,No
LA106801,Mehsana,1285,945,340,1590,356,6,11,5,16,80.9,Acquisition,74,26.46,Yes
LA106802,Kheda,149,141,8,137,33,7,6,16,15,84.7,Handover,5,5.37,No
LA106803,Jamnagar,815,514,301,964,147,3,6,0,13,80.1,Acquisition,23,36.93,Yes
LA106804,Morbi,1260,644,616,1532,735,7,12,23,21,72.5,Compensation,22,48.89,Yes
LA106805,Navsari,688,615,73,796,414,3,6,3,14,86.8,Acquisition,16,10.61,No
LA106806,Vadodara,809,293,516,935,228,2,7,0,17,66.5,Objection,13,63.78,Yes
LA106807,Gandhinagar,772,631,141,849,47,5,7,14,8,90.7,Acquisition,40,18.26,No
LA106808,Mehsana,1366,580,786,1389,275,1,9,21,20,51.9,Objection,3,57.54,No
LA106809,Sabarkantha,122,53,69,89,14,6,8,39,1,78.7,Compensation,10,56.56,No
LA106810,Bharuch,1323,814,509,1731,168,3,10,7,22,83.9,Acquisition,31,38.47,Yes
LA106811,Valsad,1234,686,548,1750,240,5,7,38,31,81.0,Compensation,72,44.41,Yes
LA106812,Anand,1228,1081,147,1191,481,8,6,74,14,90.6,Handover,0,11.97,No
LA106813,Jamnagar,648,476,172,901,187,7,10,11,17,90.8,Acquisition,37,26.54,No
LA106814,Junagadh,798,587,211,1156,305,3,9,0,23,87.3,Handover,13,26.44,No
LA106815,Panchmahal,585,357,228,578,240,3,9,3,13,88.3,Handover,6,38.97,Yes
LA106816,Kheda,415,281,134,499,101,8,6,16,9,87.1,Acquisition,5,32.29,No
LA106817,Mehsana,1320,957,363,1491,664,7,5,106,12,91.2,Acquisition,3,27.5,Yes
LA106818,Ahmedabad,784,406,378,599,171,6,6,6,18,67.0,Compensation,57,48.21,No
LA106819,Ahmedabad,1099,737,362,651,373,4,12,9,10,81.8,Acquisition,39,32.94,No
LA106820,Rajkot,196,146,50,188,8,4,6,0,8,72.6,Handover,19,25.51,No
LA106821,Anand,1194,725,469,1503,132,13,5,0,18,66.9,Compensation,32,39.28,No
LA106822,Bharuch,1005,372,633,847,217,3,13,37,11,67.8,Objection,7,62.99,Yes
LA106823,Bharuch,1497,1324,173,1880,127,5,9,2,19,89.3,Handover,15,11.56,No
LA106824,Anand,244,172,72,278,106,2,6,0,9,74.0,Acquisition,39,29.51,No
LA106825,Junagadh,833,673,160,980,299,5,9,0,17,91.0,Handover,2,19.21,No
LA106826,Kheda,791,623,168,638,142,2,8,68,10,80.7,Handover,31,21.24,No
LA106827,Vadodara,831,646,185,809,232,2,6,19,6,77.8,Acquisition,24,22.26,No
LA106828,Navsari,128,95,33,91,14,1,4,93,10,89.7,Acquisition,12,25.78,No
LA106829,Ahmedabad,736,493,243,568,23,4,9,21,15,90.1,Acquisition,26,33.02,No
LA106830,Ahmedabad,484,285,199,305,204,3,5,23,12,66.4,Compensation,26,41.12,Yes
LA106831,Sabarkantha,945,563,382,628,316,5,9,15,10,79.6,Acquisition,2,40.42,Yes
LA106832,Surat,386,250,136,285,21,5,7,62,5,74.5,Compensation,41,35.23,Yes
LA106833,Surat,681,318,363,730,107,4,10,17,15,69.9,Compensation,3,53.3,Yes
LA106834,Ahmedabad,949,696,253,899,637,4,13,29,17,75.9,Acquisition,62,26.66,Yes
LA106835,Ahmedabad,142,56,86,112,22,3,6,0,4,60.9,Objection,70,60.56,No
LA106836,Gandhinagar,1191,452,739,1578,679,6,12,14,28,54.3,Objection,60,62.05,Yes
LA106837,Jamnagar,1088,591,497,1113,583,2,5,55,17,69.9,Objection,8,45.68,Yes
LA106838,Morbi,133,70,63,184,87,5,12,38,2,78.6,Compensation,30,47.37,No
LA106839,Gandhinagar,143,117,26,160,71,3,11,10,5,82.9,Handover,30,18.18,No
LA106840,Patan,1283,850,433,724,142,4,10,35,10,66.5,Compensation,5,33.75,Yes
LA106841,Bharuch,461,285,176,633,25,3,5,25,11,75.6,Acquisition,31,38.18,No
LA106842,Vadodara,1298,837,461,1716,753,11,10,4,29,83.6,Compensation,40,35.52,Yes
LA106843,Mehsana,774,493,281,868,163,7,5,12,14,78.1,Acquisition,30,36.3,No
LA106844,Sabarkantha,546,319,227,563,369,4,8,9,8,75.8,Acquisition,45,41.58,No
LA106845,Panchmahal,446,202,244,427,79,9,8,2,9,59.3,Notification,30,54.71,Yes
LA106846,Anand,1006,481,525,990,414,6,5,17,16,64.3,Objection,8,52.19,Yes
LA106847,Bharuch,209,104,105,260,82,4,5,3,7,71.6,Compensation,11,50.24,No
LA106848,Kheda,634,367,267,641,96,6,7,31,12,60.3,Acquisition,20,42.11,No
LA106849,Sabarkantha,551,225,326,390,102,5,13,15,16,57.0,Objection,4,59.17,Yes
LA106850,Valsad,273,257,16,164,73,2,3,18,6,86.2,Handover,0,5.86,No
LA106851,Kheda,561,467,94,372,118,3,8,52,8,92.8,Handover,13,16.76,No
LA106852,Surat,817,480,337,634,91,7,6,62,13,75.1,Compensation,0,41.25,No
LA106853,Kheda,1033,550,483,910,644,4,7,58,11,69.0,Compensation,9,46.76,Yes
LA106854,Junagadh,175,108,67,237,148,4,6,100,10,77.6,Compensation,13,38.29,Yes
LA106855,Patan,1315,718,597,1006,511,1,11,12,16,68.6,Compensation,22,45.4,Yes
LA106856,Amreli,1324,810,514,1109,305,1,10,43,15,71.6,Compensation,17,38.82,Yes
LA106857,Junagadh,1054,614,440,791,202,1,9,51,14,81.2,Acquisition,5,41.75,Yes
LA106858,Ahmedabad,1391,813,578,1448,256,6,9,45,25,80.5,Acquisition,55,41.55,Yes
LA106859,Ahmedabad,670,329,341,741,143,2,10,92,11,55.4,Compensation,7,50.9,No
LA106860,Gandhinagar,1242,532,710,1278,454,5,9,23,22,52.2,Objection,3,57.17,Yes
LA106861,Bhavnagar,1105,601,504,1554,43,5,9,14,27,81.8,Compensation,37,45.61,No
LA106862,Jamnagar,866,485,381,1252,229,7,12,52,23,64.1,Objection,11,44.0,Yes
LA106863,Morbi,310,229,81,404,89,4,5,0,6,77.7,Compensation,22,26.13,No
LA106864,Morbi,859,542,317,1095,691,9,8,71,18,73.1,Acquisition,0,36.9,Yes
LA106865,Navsari,1357,481,876,1193,452,4,11,15,18,65.2,Objection,62,64.55,Yes
LA106866,Bhavnagar,1478,795,683,1584,318,4,13,31,27,79.1,Acquisition,9,46.21,Yes
LA106867,Mehsana,700,523,177,606,346,2,9,0,2,86.5,Acquisition,0,25.29,No
LA106868,Banaskantha,409,401,8,514,161,7,4,88,14,92.4,Handover,4,1.96,No
LA106869,Gandhinagar,1134,729,405,799,397,2,11,3,10,81.4,Acquisition,0,35.71,No
LA106870,Anand,160,98,62,119,19,4,6,31,6,68.4,Compensation,4,38.75,No
LA106871,Ahmedabad,269,192,77,157,43,4,6,7,10,88.8,Acquisition,43,28.62,Yes
LA106872,Vadodara,865,778,87,950,96,7,8,50,13,84.4,Acquisition,44,10.06,Yes
LA106873,Ahmedabad,1486,1045,441,1738,353,7,13,12,21,81.6,Acquisition,76,29.68,No
LA106874,Anand,527,274,253,291,39,6,6,63,8,76.3,Acquisition,19,48.01,No
LA106875,Vadodara,693,494,199,700,462,5,8,16,13,90.3,Acquisition,6,28.72,No
LA106876,Amreli,517,240,277,460,242,1,10,75,7,68.4,Compensation,7,53.58,No
LA106877,Ahmedabad,689,401,288,870,391,3,13,10,18,69.9,Acquisition,18,41.8,Yes
LA106878,Kheda,60,38,22,35,6,5,5,37,6,82.5,Compensation,2,36.67,No
LA106879,Mehsana,912,619,293,541,153,2,11,14,8,84.3,Acquisition,86,32.13,No
LA106880,Bhavnagar,915,805,110,1014,161,3,13,17,13,80.3,Acquisition,10,12.02,Yes
LA106881,Surat,507,357,150,549,169,5,11,54,13,87.4,Acquisition,20,29.59,No
LA106882,Navsari,433,254,179,562,66,4,2,38,15,69.7,Compensation,12,41.34,No
LA106883,Jamnagar,1155,529,626,1251,423,7,11,113,19,62.1,Objection,106,54.2,Yes
LA106884,Amreli,322,242,80,452,136,1,6,9,12,86.8,Acquisition,21,24.84,No
LA106885,Ahmedabad,118,72,46,98,24,2,4,1,3,67.6,Acquisition,35,38.98,No
LA106886,Valsad,108,27,81,98,37,4,3,48,6,60.3,Notification,13,75.0,No
LA106887,Vadodara,1329,1097,232,1900,207,2,10,2,22,91.8,Handover,27,17.46,No
LA106888,Junagadh,578,315,263,374,82,4,5,52,12,71.0,Compensation,14,45.5,No
LA106889,Bhavnagar,197,144,53,249,75,4,3,48,10,82.8,Handover,32,26.9,No
LA106890,Amreli,1325,656,669,743,161,3,9,0,19,64.8,Compensation,3,50.49,Yes
LA106891,Anand,265,208,57,262,92,4,4,22,5,91.1,Acquisition,105,21.51,No
LA106892,Anand,538,426,112,370,213,5,11,13,8,87.4,Acquisition,44,20.82,Yes
LA106893,Gandhinagar,80,34,46,87,22,0,8,5,4,61.5,Compensation,68,57.5,No
LA106894,Morbi,1035,986,49,1313,140,9,14,49,16,86.8,Acquisition,8,4.73,No
LA106895,Amreli,1064,492,572,617,85,2,10,67,9,68.8,Compensation,81,53.76,Yes
LA106896,Mehsana,1147,849,298,800,215,4,6,56,7,72.2,Acquisition,6,25.98,No
LA106897,Morbi,431,236,195,370,99,4,8,42,12,79.2,Acquisition,63,45.24,No
LA106898,Jamnagar,526,339,187,410,82,4,7,15,9,79.0,Acquisition,5,35.55,No
LA106899,Panchmahal,1411,908,503,1263,74,7,7,1,20,73.7,Acquisition,65,35.65,No
LA106900,Navsari,1242,866,376,1747,157,5,10,0,20,90.0,Acquisition,149,30.27,Yes
LA106901,Sabarkantha,103,32,71,66,30,5,7,9,6,55.6,Notification,41,68.93,Yes
LA106902,Vadodara,1053,727,326,980,214,6,14,11,18,83.4,Acquisition,23,30.96,No
LA106903,Bharuch,1229,1067,162,1182,84,10,8,13,25,88.9,Acquisition,33,13.18,No
LA106904,Jamnagar,861,705,156,691,86,6,8,8,12,91.8,Handover,14,18.12,No
LA106905,Morbi,978,847,131,783,266,2,8,39,10,79.6,Handover,41,13.39,No
LA106906,Sabarkantha,51,34,17,61,8,2,5,12,6,72.8,Acquisition,34,33.33,No
LA106907,Anand,93,66,27,103,26,5,17,4,5,87.2,Handover,4,29.03,No
LA106908,Valsad,100,35,65,128,18,7,7,19,4,74.0,Compensation,59,65.0,Yes
LA106909,Valsad,280,153,127,256,96,1,10,29,6,81.7,Compensation,35,45.36,No
LA106910,Bharuch,1487,730,757,1630,316,8,10,114,21,65.0,Compensation,9,50.91,Yes
LA106911,Rajkot,970,602,368,1314,769,5,9,17,27,88.8,Compensation,51,37.94,Yes
LA106912,Navsari,1185,704,481,1560,593,5,6,54,23,73.8,Compensation,0,40.59,Yes
LA106913,Patan,478,266,212,659,243,3,11,22,17,66.6,Acquisition,13,44.35,No
LA106914,Bharuch,1410,933,477,1117,315,4,7,24,10,80.9,Acquisition,6,33.83,No
LA106915,Amreli,338,234,104,486,128,4,11,16,13,83.4,Acquisition,27,30.77,Yes
LA106916,Amreli,1359,1201,158,1746,1106,8,8,2,27,80.6,Handover,42,11.63,Yes
LA106917,Morbi,94,62,32,119,12,1,10,0,3,77.5,Compensation,0,34.04,No
LA106918,Bhavnagar,79,56,23,91,25,8,9,2,4,83.4,Handover,90,29.11,No
LA106919,Ahmedabad,164,55,109,235,21,2,9,25,8,57.7,Objection,3,66.46,Yes
LA106920,Gandhinagar,1198,887,311,1135,280,4,6,20,18,85.4,Acquisition,71,25.96,No
LA106921,Surat,423,226,197,515,43,2,15,28,12,71.0,Compensation,0,46.57,No
LA106922,Navsari,704,585,119,830,233,3,3,29,13,77.2,Handover,0,16.9,Yes
LA106923,Vadodara,733,387,346,886,236,4,10,19,18,60.8,Compensation,3,47.2,Yes
LA106924,Amreli,1195,1036,159,1465,576,3,11,71,23,84.0,Handover,22,13.31,No
LA106925,Patan,556,352,204,401,134,4,7,35,8,73.7,Acquisition,15,36.69,No
LA106926,Morbi,59,42,17,51,6,2,13,0,2,71.0,Compensation,54,28.81,No
LA106927,Anand,610,335,275,551,79,8,9,52,15,77.0,Acquisition,70,45.08,Yes
LA106928,Ahmedabad,468,326,142,572,298,7,13,0,14,79.2,Compensation,13,30.34,No
LA106929,Junagadh,1110,663,447,1326,575,6,9,21,16,80.3,Acquisition,35,40.27,Yes
LA106930,Gandhinagar,1140,414,726,1482,529,9,10,65,25,54.9,Objection,41,63.68,Yes
LA106931,Gandhinagar,183,95,88,231,76,4,9,30,8,65.0,Compensation,0,48.09,Yes
LA106932,Sabarkantha,1200,792,408,1304,448,6,9,0,24,86.8,Acquisition,0,34.0,No
LA106933,Rajkot,152,100,52,103,48,2,5,0,6,91.5,Compensation,15,34.21,No
LA106934,Vadodara,949,827,122,1065,392,1,9,24,13,88.4,Acquisition,0,12.86,No
LA106935,Anand,614,248,366,828,260,3,6,29,10,70.0,Objection,72,59.61,Yes
LA106936,Gandhinagar,487,437,50,550,353,5,11,38,4,84.3,Handover,0,10.27,No
LA106937,Jamnagar,751,402,349,1018,169,5,10,0,15,74.1,Compensation,18,46.47,Yes
LA106938,Surat,500,414,86,725,202,2,7,1,12,88.3,Handover,15,17.2,No
LA106939,Jamnagar,1201,746,455,1049,336,4,10,6,16,68.8,Acquisition,7,37.89,Yes
LA106940,Amreli,1452,605,847,1744,556,9,13,22,24,65.9,Objection,52,58.33,Yes
LA106941,Jamnagar,1233,894,339,1277,471,9,4,15,21,79.8,Acquisition,6,27.49,No
LA106942,Amreli,687,508,179,659,302,7,9,14,13,83.8,Handover,8,26.06,Yes
LA106943,Kheda,780,678,102,597,172,3,8,54,13,91.4,Acquisition,29,13.08,No
LA106944,Jamnagar,698,603,95,538,159,1,3,26,10,85.6,Acquisition,0,13.61,Yes
LA106945,Gandhinagar,1201,829,372,860,109,5,11,69,21,73.4,Acquisition,28,30.97,Yes
LA106946,Junagadh,851,430,421,952,280,6,8,26,13,71.8,Compensation,33,49.47,Yes
LA106947,Vadodara,729,526,203,494,85,4,8,55,9,84.9,Acquisition,25,27.85,No
LA106948,Mehsana,644,400,244,604,230,7,4,19,12,82.1,Compensation,0,37.89,No
LA106949,Bharuch,594,367,227,606,108,4,6,0,19,79.5,Acquisition,14,38.22,Yes
LA106950,Rajkot,851,561,290,804,400,3,7,12,17,73.5,Acquisition,26,34.08,No
LA106951,Valsad,1049,670,379,1384,432,4,6,10,29,70.6,Compensation,0,36.13,No
LA106952,Morbi,677,508,169,642,315,4,9,8,13,81.0,Acquisition,2,24.96,No
LA106953,Bharuch,1220,885,335,762,59,7,16,23,13,81.4,Acquisition,18,27.46,Yes
LA106954,Morbi,1249,998,251,1802,1070,4,4,55,29,86.7,Handover,12,20.1,Yes
LA106955,Bhavnagar,672,372,300,881,412,6,10,3,17,72.5,Compensation,0,44.64,No
LA106956,Mehsana,1369,1089,280,1566,581,8,9,0,26,78.1,Handover,35,20.45,Yes
LA106957,Patan,301,250,51,370,137,4,6,79,14,87.4,Handover,32,16.94,Yes
LA106958,Patan,1402,1167,235,933,149,3,13,12,17,94.0,Handover,29,16.76,No
LA106959,Vadodara,476,358,118,590,256,5,11,23,9,76.1,Acquisition,21,24.79,Yes
LA106960,Rajkot,868,593,275,640,139,3,3,6,14,84.9,Acquisition,21,31.68,No
LA106961,Ahmedabad,461,258,203,456,22,3,7,41,5,67.7,Objection,16,44.03,No
LA106962,Valsad,691,494,197,491,250,4,9,16,9,74.9,Acquisition,5,28.51,No
LA106963,Panchmahal,543,300,243,667,376,3,6,7,4,79.3,Acquisition,2,44.75,No
LA106964,Jamnagar,1073,811,262,828,549,5,7,7,19,66.5,Compensation,29,24.42,No
LA106965,Morbi,167,82,85,130,34,5,9,13,4,67.9,Compensation,18,50.9,No
LA106966,Bharuch,1266,855,411,821,284,4,11,5,19,83.6,Handover,19,32.46,No
LA106967,Valsad,1361,662,699,1631,536,4,7,52,23,62.0,Objection,1,51.36,Yes
LA106968,Mehsana,866,567,299,707,107,3,5,19,24,70.8,Compensation,8,34.53,No
LA106969,Vadodara,844,669,175,858,263,7,12,22,14,82.5,Acquisition,0,20.73,Yes
LA106970,Mehsana,1065,869,196,904,325,5,9,8,12,78.6,Acquisition,4,18.4,No
LA106971,Panchmahal,338,254,84,422,154,2,7,57,8,87.1,Acquisition,45,24.85,Yes
LA106972,Gandhinagar,1137,586,551,857,406,5,7,9,12,61.8,Objection,0,48.46,No
LA106973,Panchmahal,367,176,191,513,113,6,11,42,9,75.7,Compensation,9,52.04,No
LA106974,Banaskantha,1031,642,389,865,313,4,7,52,10,84.4,Acquisition,25,37.73,Yes
LA106975,Junagadh,493,249,244,317,203,7,6,13,9,64.7,Compensation,8,49.49,Yes
LA106976,Jamnagar,1132,815,317,867,366,6,10,28,17,80.3,Compensation,2,28.0,No
LA106977,Surat,1197,535,662,738,348,3,10,40,13,59.0,Objection,56,55.3,Yes
LA106978,Jamnagar,352,184,168,342,168,3,9,33,5,60.8,Compensation,4,47.73,No
LA106979,Rajkot,945,542,403,733,173,4,8,25,8,70.7,Compensation,31,42.65,No
LA106980,Mehsana,773,615,158,1042,302,3,16,6,20,92.6,Acquisition,0,20.44,No
LA106981,Gandhinagar,476,410,66,483,254,8,10,4,10,74.5,Acquisition,10,13.87,No
LA106982,Panchmahal,903,471,432,686,297,7,5,1,13,67.8,Compensation,0,47.84,No
LA106983,Amreli,1490,1236,254,1425,998,4,6,29,20,84.3,Handover,1,17.05,No
LA106984,Banaskantha,53,20,33,38,2,3,1,26,4,64.7,Compensation,40,62.26,Yes
LA106985,Gandhinagar,1438,729,709,1022,210,6,11,158,18,62.9,Compensation,104,49.3,Yes
LA106986,Amreli,1292,751,541,1060,423,7,11,8,24,77.0,Acquisition,0,41.87,Yes
LA106987,Gandhinagar,818,574,244,530,106,8,9,14,5,63.8,Acquisition,8,29.83,No
LA106988,Banaskantha,935,406,529,673,275,6,8,20,17,62.5,Objection,45,56.58,Yes
LA106989,Junagadh,585,369,216,816,99,5,10,8,18,75.7,Acquisition,32,36.92,No
LA106990,Mehsana,237,122,115,273,17,6,4,0,7,72.4,Compensation,25,48.52,No
LA106991,Gandhinagar,879,635,244,1212,802,7,9,24,26,91.8,Acquisition,0,27.76,No
LA106992,Patan,1234,916,318,964,185,4,9,14,17,86.3,Acquisition,5,25.77,No
LA106993,Bhavnagar,385,275,110,509,109,4,8,38,9,79.8,Acquisition,12,28.57,No
LA106994,Junagadh,1090,708,382,955,124,8,12,15,19,67.4,Compensation,73,35.05,Yes
LA106995,Gandhinagar,1135,546,589,772,185,4,12,65,13,67.0,Compensation,25,51.89,No
LA106996,Vadodara,1150,663,487,1465,869,7,12,29,20,75.9,Handover,19,42.35,Yes
LA106997,Surat,543,507,36,328,73,4,6,13,8,91.4,Handover,4,6.63,No
LA106998,Anand,618,353,265,565,288,3,11,68,16,55.3,Compensation,0,42.88,Yes
LA106999,Bhavnagar,653,299,354,841,222,11,7,48,17,60.4,Compensation,24,54.21,Yes
LA107000,Anand,1289,962,327,1425,796,10,9,32,21,81.7,Acquisition,4,25.37,Yes
LA107001,Bharuch,1356,694,662,1378,341,3,13,2,20,49.2,Objection,51,48.82,Yes
LA107002,Gandhinagar,650,521,129,564,351,5,6,45,10,66.7,Compensation,5,19.85,No
LA107003,Ahmedabad,1457,941,516,900,174,3,7,26,15,72.9,Compensation,3,35.42,Yes
LA107004,Junagadh,877,444,433,1265,448,7,11,28,13,57.1,Compensation,17,49.37,Yes
LA107005,Bhavnagar,608,338,270,430,109,5,9,54,11,67.3,Objection,48,44.41,Yes
LA107006,Patan,50,33,17,39,11,5,6,79,9,91.3,Acquisition,0,34.0,No
LA107007,Banaskantha,936,644,292,714,245,2,8,3,10,77.4,Compensation,18,31.2,No
LA107008,Valsad,985,570,415,1347,343,6,11,6,21,58.1,Compensation,16,42.13,Yes
LA107009,Bhavnagar,1455,1039,416,1800,715,13,16,1,20,89.9,Acquisition,0,28.59,Yes
LA107010,Panchmahal,1092,623,469,1050,547,5,12,29,9,86.8,Compensation,26,42.95,Yes
LA107011,Vadodara,93,54,39,131,102,4,7,28,5,65.4,Compensation,33,41.94,Yes
LA107012,Patan,872,216,656,521,158,2,9,47,13,56.4,Objection,78,75.23,Yes
LA107013,Sabarkantha,1127,518,609,1526,193,7,6,27,19,74.1,Objection,7,54.04,Yes
LA107014,Panchmahal,770,390,380,465,216,4,9,58,6,78.9,Acquisition,40,49.35,Yes
LA107015,Navsari,672,237,435,606,162,6,10,23,10,68.2,Objection,3,64.73,Yes
LA107016,Amreli,1225,947,278,733,51,4,6,9,13,78.7,Acquisition,0,22.69,No
LA107017,Ahmedabad,937,564,373,1358,414,5,13,36,23,71.5,Compensation,18,39.81,Yes
LA107018,Gandhinagar,1038,923,115,1425,586,4,4,0,28,80.2,Handover,20,11.08,No
LA107019,Gandhinagar,723,505,218,778,340,2,5,0,9,74.8,Compensation,0,30.15,No
LA107020,Banaskantha,453,418,35,338,154,5,11,38,7,83.2,Handover,67,7.73,Yes
LA107021,Rajkot,803,454,349,642,27,8,9,0,16,75.3,Compensation,46,43.46,Yes
LA107022,Anand,1441,889,552,1376,388,6,10,19,15,70.8,Compensation,32,38.31,Yes
LA107023,Valsad,924,522,402,777,222,4,11,25,14,81.0,Acquisition,114,43.51,Yes
LA107024,Sabarkantha,1076,813,263,612,283,4,3,50,14,89.3,Acquisition,15,24.44,No
LA107025,Jamnagar,230,220,10,262,24,4,7,8,9,92.0,Handover,8,4.35,No
LA107026,Anand,1483,907,576,1634,331,5,14,8,24,74.0,Compensation,4,38.84,Yes
LA107027,Valsad,405,255,150,552,321,2,10,0,12,77.5,Acquisition,36,37.04,Yes
LA107028,Navsari,1459,1200,259,1429,660,6,10,47,26,93.1,Handover,7,17.75,No
LA107029,Anand,696,478,218,599,100,4,10,20,13,79.2,Acquisition,12,31.32,No
LA107030,Morbi,1383,967,416,1397,421,5,9,3,16,80.3,Acquisition,11,30.08,No
LA107031,Gandhinagar,1344,811,533,975,656,4,12,60,23,60.7,Compensation,33,39.66,Yes
LA107032,Bhavnagar,1146,505,641,1275,563,4,16,5,11,64.6,Compensation,2,55.93,No
LA107033,Banaskantha,1379,525,854,1714,444,8,12,23,32,54.4,Objection,23,61.93,Yes
LA107034,Anand,934,722,212,643,144,6,11,48,13,87.5,Acquisition,8,22.7,No
LA107035,Morbi,1281,502,779,1072,662,8,9,50,14,61.8,Compensation,0,60.81,Yes
LA107036,Sabarkantha,299,121,178,398,163,4,8,114,6,58.7,Compensation,9,59.53,No
LA107037,Kheda,151,120,31,152,81,3,6,20,5,83.6,Acquisition,32,20.53,No
LA107038,Morbi,838,428,410,862,158,3,15,32,12,71.9,Compensation,71,48.93,Yes
LA107039,Bhavnagar,1225,1028,197,1470,422,4,6,79,25,69.1,Acquisition,0,16.08,No
LA107040,Patan,1160,941,219,1241,212,4,8,44,21,76.9,Acquisition,19,18.88,No
LA107041,Vadodara,815,514,301,499,117,5,8,52,8,73.8,Compensation,14,36.93,Yes
LA107042,Banaskantha,805,479,326,1025,363,3,11,0,16,66.8,Compensation,29,40.5,Yes
LA107043,Mehsana,934,536,398,1289,423,6,8,22,29,63.1,Objection,127,42.61,Yes
LA107044,Rajkot,1309,982,327,783,533,0,8,22,8,81.2,Compensation,33,24.98,No
LA107045,Anand,1271,896,375,838,635,4,11,17,16,81.3,Compensation,26,29.5,Yes
LA107046,Kheda,209,205,4,247,43,5,12,17,4,88.9,Acquisition,0,1.91,No
LA107047,Valsad,914,491,423,1000,355,3,8,8,17,73.4,Compensation,13,46.28,Yes
LA107048,Rajkot,602,372,230,538,28,2,13,17,8,77.8,Compensation,23,38.21,Yes
LA107049,Bharuch,1209,877,332,1252,146,7,6,67,21,83.4,Compensation,5,27.46,Yes
LA107050,Jamnagar,784,666,118,927,107,5,10,11,16,89.5,Acquisition,44,15.05,Yes
LA107051,Mehsana,1488,1284,204,1494,110,5,8,34,20,78.2,Handover,31,13.71,Yes
LA107052,Panchmahal,677,474,203,458,110,5,5,27,13,81.8,Acquisition,5,29.99,No
LA107053,Ahmedabad,1035,699,336,653,115,5,10,19,9,74.2,Compensation,3,32.46,No
LA107054,Banaskantha,207,110,97,196,12,3,8,25,4,62.9,Compensation,0,46.86,No
LA107055,Patan,1402,869,533,1936,340,3,11,12,26,75.1,Objection,10,38.02,No
LA107056,Valsad,272,232,40,286,191,2,6,86,7,84.2,Handover,16,14.71,Yes
LA107057,Ahmedabad,599,341,258,523,227,6,12,86,15,65.8,Compensation,61,43.07,Yes
LA107058,Bharuch,1265,633,632,1730,557,4,13,40,26,54.4,Objection,0,49.96,No
LA107059,Ahmedabad,1453,741,712,1307,451,8,11,37,25,67.0,Compensation,18,49.0,Yes
LA107060,Surat,752,526,226,758,316,5,12,0,10,86.6,Acquisition,9,30.05,No
LA107061,Ahmedabad,753,486,267,493,125,3,9,74,13,79.9,Acquisition,8,35.46,Yes
LA107062,Banaskantha,120,54,66,146,18,3,4,11,2,56.2,Objection,0,55.0,Yes
LA107063,Surat,1470,1225,245,1735,186,10,6,24,22,83.7,Acquisition,42,16.67,No
LA107064,Jamnagar,73,72,1,92,43,3,3,33,8,88.2,Handover,19,1.37,No
LA107065,Vadodara,87,39,48,73,15,3,3,18,8,56.8,Compensation,18,55.17,Yes
LA107066,Bhavnagar,737,674,63,695,311,9,9,18,18,84.3,Acquisition,29,8.55,Yes
LA107067,Gandhinagar,55,35,20,39,17,5,5,9,1,69.9,Acquisition,24,36.36,No
LA107068,Navsari,288,105,183,408,69,6,9,86,9,57.1,Compensation,8,63.54,Yes
LA107069,Vadodara,960,726,234,602,226,3,16,27,14,85.8,Compensation,17,24.38,No
LA107070,Anand,1073,910,163,1217,298,6,7,13,19,88.2,Acquisition,3,15.19,No
LA107071,Sabarkantha,482,389,93,571,179,7,9,16,16,83.7,Acquisition,7,19.29,Yes
LA107072,Banaskantha,1204,880,324,833,46,6,8,16,11,88.9,Compensation,43,26.91,No
LA107073,Kheda,931,616,315,818,170,8,10,20,15,81.5,Acquisition,4,33.83,Yes
LA107074,Navsari,381,286,95,224,54,5,7,25,3,89.5,Acquisition,8,24.93,No
LA107075,Rajkot,1083,544,539,1138,403,4,10,8,11,65.4,Compensation,74,49.77,Yes
LA107076,Surat,909,468,441,1314,337,5,7,28,12,62.0,Compensation,34,48.51,Yes
LA107077,Banaskantha,1228,1121,107,1151,239,4,7,39,14,83.9,Handover,2,8.71,Yes
LA107078,Navsari,274,98,176,395,83,1,7,21,10,54.4,Objection,50,64.23,Yes
LA107079,Navsari,384,153,231,255,78,6,6,16,8,69.1,Compensation,41,60.16,Yes
LA107080,Bhavnagar,490,309,181,443,144,5,10,13,10,91.0,Acquisition,74,36.94,No
LA107081,Banaskantha,545,483,62,742,220,4,10,5,14,91.3,Acquisition,24,11.38,No
LA107082,Surat,1339,740,599,1793,274,3,10,36,16,73.2,Objection,38,44.73,Yes
LA107083,Navsari,1112,872,240,935,84,4,9,27,13,86.9,Handover,11,21.58,No
LA107084,Bharuch,839,427,412,974,558,2,10,40,13,70.7,Compensation,4,49.11,Yes
LA107085,Panchmahal,834,493,341,1124,661,6,9,47,16,73.1,Compensation,0,40.89,Yes
LA107086,Rajkot,1335,621,714,1656,57,4,9,21,20,63.2,Objection,37,53.48,Yes
LA107087,Jamnagar,698,433,265,779,105,7,9,95,19,80.7,Acquisition,16,37.97,Yes
LA107088,Banaskantha,376,309,67,258,41,4,10,32,7,81.5,Acquisition,8,17.82,Yes
LA107089,Anand,248,229,19,153,76,4,7,29,5,90.1,Handover,55,7.66,No
LA107090,Rajkot,528,351,177,582,171,3,8,1,10,72.7,Compensation,14,33.52,No
LA107091,Vadodara,997,869,128,997,457,4,9,57,17,78.7,Acquisition,0,12.84,No
LA107092,Sabarkantha,733,280,453,560,144,6,19,9,12,64.7,Compensation,0,61.8,Yes
LA107093,Gandhinagar,662,441,221,539,195,1,9,7,19,80.6,Acquisition,0,33.38,No
LA107094,Amreli,746,542,204,674,77,4,9,20,10,87.3,Handover,27,27.35,No
LA107095,Gandhinagar,1464,1132,332,1458,718,4,8,46,31,81.9,Acquisition,6,22.68,No
LA107096,Rajkot,1497,632,865,1349,547,5,13,0,17,67.8,Objection,9,57.78,Yes
LA107097,Surat,284,168,116,255,55,5,9,13,9,65.8,Compensation,2,40.85,No
LA107098,Jamnagar,216,68,148,141,28,6,7,9,7,59.5,Compensation,6,68.52,Yes
LA107099,Valsad,404,230,174,537,227,3,8,55,10,63.0,Objection,23,43.07,No
LA107100,Surat,1286,1136,150,1412,512,5,8,57,19,87.9,Handover,78,11.66,No
LA107101,Vadodara,716,414,302,488,209,5,9,17,4,80.9,Acquisition,16,42.18,Yes
LA107102,Valsad,1303,666,637,1214,767,3,15,0,18,67.8,Compensation,25,48.89,Yes
LA107103,Vadodara,988,865,123,914,389,5,3,0,16,86.9,Acquisition,46,12.45,No
LA107104,Morbi,852,642,210,929,166,5,7,1,14,73.9,Acquisition,0,24.65,No
LA107105,Valsad,458,296,162,503,70,7,5,16,17,89.9,Compensation,0,35.37,No
LA107106,Bharuch,549,465,84,621,43,5,4,39,8,91.7,Acquisition,0,15.3,No
LA107107,Bhavnagar,264,172,92,311,91,4,11,25,5,71.3,Acquisition,37,34.85,No
LA107108,Banaskantha,803,613,190,516,161,4,9,5,7,87.6,Acquisition,16,23.66,No
LA107109,Amreli,456,384,72,376,116,1,6,0,11,81.5,Acquisition,8,15.79,Yes
LA107110,Sabarkantha,474,202,272,268,29,5,8,0,7,61.7,Compensation,41,57.38,No
LA107111,Junagadh,107,59,48,103,27,4,8,11,7,71.7,Compensation,99,44.86,Yes
LA107112,Jamnagar,1209,686,523,1132,263,2,11,0,22,75.6,Compensation,11,43.26,No
LA107113,Mehsana,1412,949,463,1710,514,4,14,30,24,76.9,Acquisition,36,32.79,No
LA107114,Bhavnagar,773,379,394,541,154,4,2,0,21,65.0,Objection,82,50.97,Yes
LA107115,Ahmedabad,827,584,243,925,349,6,10,0,5,74.3,Acquisition,0,29.38,No
LA107116,Vadodara,1393,1126,267,1151,458,5,14,27,20,94.8,Handover,1,19.17,Yes
LA107117,Navsari,792,571,221,708,229,4,11,9,12,85.1,Compensation,12,27.9,No
LA107118,Surat,953,492,461,1141,133,6,9,6,17,62.6,Objection,36,48.37,Yes
LA107119,Banaskantha,671,338,333,412,94,4,13,29,10,70.9,Acquisition,17,49.63,Yes
LA107120,Junagadh,796,553,243,683,198,5,7,45,22,71.5,Compensation,14,30.53,No
LA107121,Vadodara,807,579,228,728,155,4,21,11,17,76.5,Acquisition,5,28.25,No
LA107122,Banaskantha,1081,763,318,1291,789,5,11,27,12,75.8,Acquisition,0,29.42,Yes
LA107123,Panchmahal,926,618,308,675,132,2,13,48,9,87.6,Handover,26,33.26,No
LA107124,Amreli,781,756,25,1095,395,4,5,18,23,91.6,Handover,4,3.2,No
LA107125,Mehsana,160,73,87,232,65,2,3,32,12,76.0,Objection,21,54.38,Yes
LA107126,Morbi,1362,844,518,1753,318,9,15,12,28,67.1,Compensation,7,38.03,Yes
LA107127,Vadodara,1338,1085,253,1097,482,6,8,0,17,90.1,Handover,21,18.91,No
LA107128,Jamnagar,317,251,66,364,98,3,5,116,10,83.6,Acquisition,46,20.82,Yes
LA107129,Navsari,475,384,91,297,130,6,8,11,6,93.1,Acquisition,17,19.16,No
LA107130,Junagadh,1462,905,557,1951,306,10,9,3,26,73.0,Compensation,21,38.1,No
LA107131,Jamnagar,515,379,136,522,105,3,13,6,9,78.0,Acquisition,6,26.41,No
LA107132,Amreli,1228,584,644,870,258,4,12,17,10,60.7,Objection,33,52.44,Yes
LA107133,Mehsana,1190,857,333,1005,249,5,10,11,22,81.1,Acquisition,0,27.98,No
LA107134,Valsad,1298,914,384,1649,506,4,7,11,22,79.3,Acquisition,0,29.58,Yes
LA107135,Surat,73,51,22,97,26,4,6,5,8,61.0,Compensation,8,30.14,No
LA107136,Vadodara,750,419,331,763,249,5,13,14,16,82.9,Compensation,11,44.13,Yes
LA107137,Amreli,870,531,339,855,137,2,10,24,18,61.1,Compensation,35,38.97,Yes
LA107138,Surat,1264,912,352,1549,676,4,7,19,21,79.0,Handover,2,27.85,Yes
LA107139,Panchmahal,375,306,69,485,95,5,5,13,8,88.9,Handover,15,18.4,No
LA107140,Rajkot,495,328,167,613,37,7,8,9,10,89.5,Acquisition,21,33.74,No
LA107141,Patan,311,251,60,279,126,4,6,20,9,80.4,Acquisition,73,19.29,Yes
LA107142,Banaskantha,1155,613,542,1303,89,8,14,42,13,76.1,Compensation,11,46.93,No
LA107143,Mehsana,1499,1095,404,1981,919,6,9,7,18,70.5,Acquisition,5,26.95,No
LA107144,Kheda,253,139,114,174,33,2,9,8,5,72.5,Compensation,70,45.06,Yes
LA107145,Mehsana,388,357,31,349,108,5,12,6,3,87.9,Handover,11,7.99,No
LA107146,Navsari,495,375,120,297,16,2,8,61,4,92.9,Handover,36,24.24,No
LA107147,Bhavnagar,1339,669,670,1229,404,3,9,24,23,71.4,Compensation,0,50.04,Yes
LA107148,Sabarkantha,696,467,229,867,130,8,6,22,9,79.4,Handover,9,32.9,No
LA107149,Bharuch,459,285,174,334,91,4,7,30,4,80.8,Handover,43,37.91,No
LA107150,Mehsana,517,369,148,536,121,2,5,20,10,84.7,Compensation,46,28.63,No
LA107151,Kheda,917,825,92,535,105,3,8,27,18,84.1,Acquisition,14,10.03,No
LA107152,Surat,611,455,156,830,465,3,4,4,15,90.3,Handover,17,25.53,No
LA107153,Banaskantha,253,207,46,326,63,3,9,0,9,90.4,Acquisition,10,18.18,No
LA107154,Bharuch,1239,963,276,1266,189,1,12,21,26,73.7,Acquisition,65,22.28,No
LA107155,Anand,662,509,153,785,321,5,6,35,11,85.4,Handover,12,23.11,Yes
LA107156,Jamnagar,422,308,114,272,19,4,10,0,3,73.7,Acquisition,15,27.01,No
LA107157,Valsad,1106,780,326,1450,615,3,6,0,27,76.6,Acquisition,114,29.48,Yes
LA107158,Sabarkantha,1131,1011,120,1350,234,4,6,0,17,89.8,Acquisition,37,10.61,No
LA107159,Bhavnagar,274,161,113,180,105,5,8,28,8,71.6,Acquisition,7,41.24,Yes
LA107160,Ahmedabad,156,86,70,223,53,4,8,23,4,62.3,Compensation,9,44.87,No
LA107161,Vadodara,115,79,36,66,27,3,5,32,6,63.6,Acquisition,4,31.3,Yes
LA107162,Anand,1161,864,297,1295,71,5,6,15,24,88.3,Handover,18,25.58,No
LA107163,Junagadh,957,786,171,674,236,6,11,0,13,88.5,Acquisition,0,17.87,No
LA107164,Morbi,1199,447,752,1436,479,6,9,42,20,57.5,Objection,0,62.72,Yes
LA107165,Jamnagar,958,645,313,588,187,1,10,9,14,69.3,Compensation,19,32.67,No
LA107166,Morbi,632,331,301,394,139,3,4,10,7,80.4,Compensation,27,47.63,No
LA107167,Banaskantha,905,432,473,878,121,3,13,36,21,63.6,Acquisition,13,52.27,Yes
LA107168,Rajkot,1098,713,385,1586,716,8,11,13,20,67.4,Compensation,18,35.06,Yes
LA107169,Gandhinagar,628,430,198,502,139,3,10,49,8,81.3,Acquisition,46,31.53,No
LA107170,Morbi,1377,702,675,1516,440,6,10,50,21,80.2,Compensation,46,49.02,Yes
LA107171,Patan,1355,725,630,1378,606,3,7,17,24,73.2,Acquisition,11,46.49,Yes
LA107172,Patan,1211,627,584,1584,535,7,22,98,20,70.8,Objection,36,48.22,Yes
LA107173,Morbi,1489,1269,220,1206,354,4,8,55,20,80.8,Acquisition,13,14.78,No
LA107174,Kheda,616,485,131,646,93,3,7,93,5,82.0,Acquisition,3,21.27,No
LA107175,Bharuch,215,171,44,302,70,2,8,4,9,82.0,Acquisition,20,20.47,No
LA107176,Vadodara,752,508,244,639,139,5,9,0,13,90.3,Acquisition,17,32.45,No
LA107177,Mehsana,1132,784,348,1070,188,2,7,25,21,80.5,Acquisition,62,30.74,No
LA107178,Bhavnagar,1180,933,247,1593,292,8,10,4,24,75.3,Compensation,8,20.93,Yes
LA107179,Kheda,613,455,158,521,37,2,9,35,10,76.9,Acquisition,18,25.77,No
LA107180,Gandhinagar,474,201,273,423,279,3,14,50,12,60.6,Compensation,31,57.59,Yes
LA107181,Navsari,696,564,132,573,109,4,3,27,23,84.1,Handover,37,18.97,No
LA107182,Anand,1216,868,348,1555,173,8,9,0,23,94.3,Acquisition,65,28.62,No
LA107183,Mehsana,137,82,55,190,3,2,5,0,7,79.6,Compensation,1,40.15,No
LA107184,Bharuch,526,176,350,588,44,3,7,38,13,65.1,Compensation,7,66.54,Yes
LA107185,Morbi,383,286,97,426,214,8,8,21,8,86.6,Acquisition,2,25.33,Yes
LA107186,Sabarkantha,1219,856,363,1098,537,5,12,0,17,75.7,Compensation,30,29.78,No
LA107187,Anand,731,317,414,410,172,6,10,30,10,65.7,Compensation,26,56.63,No
LA107188,Patan,175,143,32,124,46,4,8,1,5,92.6,Acquisition,24,18.29,No
LA107189,Panchmahal,429,321,108,293,83,2,5,10,8,93.4,Handover,10,25.17,No
LA107190,Vadodara,114,43,71,75,12,3,8,0,8,56.8,Objection,23,62.28,Yes
LA107191,Anand,740,479,261,843,36,6,4,29,14,86.0,Compensation,107,35.27,No
LA107192,Sabarkantha,1497,1326,171,1007,271,1,9,179,18,86.9,Acquisition,38,11.42,Yes
LA107193,Banaskantha,873,606,267,547,123,8,5,23,8,87.0,Acquisition,13,30.58,No
LA107194,Sabarkantha,1311,649,662,1172,168,3,10,29,21,64.8,Compensation,3,50.5,Yes
LA107195,Ahmedabad,1127,755,372,872,202,1,7,15,20,83.3,Acquisition,63,33.01,No
LA107196,Bhavnagar,1331,1041,290,907,441,3,13,31,13,85.9,Acquisition,6,21.79,Yes
LA107197,Ahmedabad,501,410,91,341,142,4,2,46,4,69.3,Acquisition,20,18.16,No
LA107198,Rajkot,1430,1036,394,1116,427,6,8,13,19,58.0,Compensation,17,27.55,Yes
LA107199,Sabarkantha,396,260,136,409,134,3,13,25,9,79.3,Compensation,21,34.34,No
LA107200,Ahmedabad,685,539,146,844,252,4,4,99,13,85.4,Acquisition,16,21.31,No
LA107201,Junagadh,1038,686,352,1368,133,5,7,32,22,68.9,Compensation,10,33.91,Yes
LA107202,Navsari,466,287,179,571,73,3,9,20,9,62.1,Compensation,18,38.41,No
LA107203,Navsari,433,268,165,483,263,1,8,1,10,68.0,Compensation,41,38.11,No
LA107204,Morbi,238,213,25,325,229,6,5,15,8,88.9,Acquisition,0,10.5,No
LA107205,Surat,56,33,23,57,11,3,4,0,8,66.7,Acquisition,13,41.07,No
LA107206,Surat,777,351,426,870,334,7,11,64,11,64.3,Objection,7,54.83,Yes
LA107207,Valsad,1481,990,491,1363,362,6,14,10,18,68.3,Acquisition,23,33.15,No
LA107208,Panchmahal,369,257,112,312,73,4,7,0,6,79.6,Acquisition,68,30.35,No
LA107209,Vadodara,688,567,121,584,158,1,7,15,13,89.5,Handover,18,17.59,No
LA107210,Mehsana,1407,911,496,962,308,5,10,43,12,88.8,Acquisition,13,35.25,Yes
LA107211,Anand,1170,594,576,1482,843,4,13,16,22,70.7,Compensation,18,49.23,Yes
LA107212,Panchmahal,55,25,30,33,10,3,5,10,5,63.1,Compensation,25,54.55,Yes
LA107213,Patan,776,264,512,898,161,6,10,27,14,43.5,Objection,30,65.98,Yes
LA107214,Valsad,257,201,56,341,45,0,11,9,6,72.3,Acquisition,29,21.79,No
LA107215,Panchmahal,408,314,94,407,86,6,5,0,7,80.5,Compensation,0,23.04,No
LA107216,Mehsana,407,287,120,250,38,8,5,20,9,83.3,Handover,91,29.48,No
LA107217,Kheda,938,423,515,878,274,3,8,18,21,67.5,Compensation,24,54.9,Yes
LA107218,Patan,338,224,114,290,72,4,4,12,7,66.4,Acquisition,8,33.73,No
LA107219,Bharuch,415,327,88,596,241,3,5,94,11,86.3,Acquisition,18,21.2,No
LA107220,Surat,377,133,244,442,65,4,5,0,14,78.7,Compensation,2,64.72,No
LA107221,Amreli,567,470,97,680,176,2,7,36,16,83.5,Handover,43,17.11,No
LA107222,Anand,1001,729,272,1015,825,6,4,0,17,80.4,Handover,9,27.17,Yes
LA107223,Mehsana,630,312,318,749,278,3,11,24,21,82.2,Acquisition,0,50.48,Yes
LA107224,Ahmedabad,525,279,246,630,284,3,10,56,11,60.1,Compensation,52,46.86,Yes
LA107225,Vadodara,801,600,201,488,130,4,10,14,9,84.9,Acquisition,8,25.09,No
LA107226,Anand,942,386,556,707,271,4,7,58,17,66.7,Compensation,43,59.02,Yes
LA107227,Bhavnagar,72,71,1,40,5,4,3,42,4,91.6,Handover,0,1.39,No
LA107228,Ahmedabad,1341,947,394,1353,408,6,11,33,14,77.8,Acquisition,0,29.38,Yes
LA107229,Sabarkantha,1379,823,556,1845,459,12,11,22,18,76.2,Acquisition,12,40.32,Yes
LA107230,Banaskantha,924,569,355,1015,866,3,16,12,14,80.7,Acquisition,8,38.42,Yes
LA107231,Ahmedabad,883,647,236,883,214,6,12,53,17,86.0,Handover,0,26.73,No
LA107232,Mehsana,1057,724,333,1462,217,7,11,0,14,81.3,Acquisition,41,31.5,Yes
LA107233,Amreli,689,453,236,486,45,2,8,26,10,72.1,Acquisition,42,34.25,No
LA107234,Gandhinagar,580,394,186,358,59,3,5,20,8,81.6,Acquisition,109,32.07,Yes
LA107235,Bhavnagar,561,237,324,772,90,3,12,2,15,59.7,Compensation,2,57.75,Yes
LA107236,Gandhinagar,281,190,91,383,83,5,9,0,8,77.5,Compensation,5,32.38,Yes
LA107237,Rajkot,1270,822,448,1479,624,7,4,20,21,80.4,Acquisition,22,35.28,Yes
LA107238,Gandhinagar,515,329,186,397,35,3,4,17,9,76.7,Acquisition,8,36.12,No
LA107239,Patan,462,404,58,657,169,4,9,0,8,84.6,Acquisition,29,12.55,No
LA107240,Kheda,1449,801,648,1795,1191,6,13,158,25,72.2,Compensation,79,44.72,Yes
LA107241,Morbi,785,388,397,908,497,4,13,41,8,64.0,Compensation,38,50.57,Yes
LA107242,Vadodara,952,504,448,715,89,1,11,22,16,73.1,Compensation,0,47.06,No
LA107243,Morbi,406,254,152,411,83,3,10,51,7,64.7,Compensation,40,37.44,Yes
LA107244,Rajkot,452,209,243,583,278,6,12,0,7,75.4,Compensation,16,53.76,Yes
LA107245,Banaskantha,1106,544,562,1465,400,7,11,57,24,70.3,Objection,41,50.81,Yes
LA107246,Banaskantha,704,451,253,743,76,2,9,2,13,69.8,Compensation,0,35.94,No
LA107247,Navsari,264,133,131,269,60,2,7,2,10,65.0,Objection,18,49.62,No
LA107248,Sabarkantha,1262,655,607,1487,238,10,11,68,20,57.1,Compensation,38,48.1,Yes
LA107249,Navsari,634,341,293,650,69,8,13,2,3,68.6,Compensation,41,46.21,No
LA107250,Gandhinagar,1019,270,749,944,153,5,10,21,21,48.1,Objection,11,73.5,Yes
LA107251,Bhavnagar,545,289,256,342,72,2,9,57,8,67.3,Compensation,37,46.97,No
LA107252,Anand,863,356,507,573,70,3,18,0,11,67.2,Compensation,4,58.75,No
LA107253,Morbi,1175,564,611,1450,514,3,6,14,23,69.1,Compensation,32,52.0,Yes
LA107254,Bharuch,1334,987,347,763,242,6,4,39,19,77.0,Acquisition,4,26.01,Yes
LA107255,Rajkot,350,266,84,209,75,3,14,40,7,89.6,Acquisition,8,24.0,Yes
LA107256,Surat,1025,692,333,1398,337,5,4,18,15,79.7,Compensation,0,32.49,No
LA107257,Bhavnagar,1377,1047,330,1630,525,4,15,22,24,86.1,Handover,72,23.97,Yes
LA107258,Bharuch,982,530,452,544,203,4,7,60,11,81.4,Compensation,7,46.03,Yes
LA107259,Vadodara,257,130,127,214,58,6,8,7,6,78.3,Compensation,0,49.42,No
LA107260,Sabarkantha,325,283,42,402,46,4,3,43,9,93.8,Acquisition,62,12.92,No
LA107261,Gandhinagar,344,204,140,318,83,3,6,23,7,75.8,Compensation,15,40.7,No
LA107262,Bharuch,204,141,63,198,22,1,3,8,5,82.9,Compensation,21,30.88,No
LA107263,Kheda,1143,487,656,1101,107,5,10,26,15,51.0,Objection,2,57.39,No
LA107264,Ahmedabad,1450,864,586,1061,224,4,8,70,13,80.7,Acquisition,28,40.41,No
LA107265,Vadodara,799,379,420,958,171,2,7,50,12,66.2,Objection,0,52.57,No
LA107266,Bharuch,918,413,505,590,31,4,11,37,11,62.1,Compensation,17,55.01,No
LA107267,Ahmedabad,1172,906,266,1180,545,11,12,19,24,85.3,Acquisition,14,22.7,Yes
LA107268,Junagadh,653,315,338,459,153,4,9,24,15,65.1,Compensation,8,51.76,Yes
LA107269,Anand,735,338,397,435,92,2,10,9,5,65.5,Objection,32,54.01,No
LA107270,Mehsana,904,857,47,614,380,4,10,6,8,88.9,Handover,52,5.2,Yes
LA107271,Rajkot,492,352,140,656,79,4,8,16,9,82.8,Handover,0,28.46,No
LA107272,Amreli,139,105,34,98,44,4,9,9,4,80.7,Acquisition,0,24.46,No
LA107273,Vadodara,873,563,310,699,262,4,11,5,11,93.2,Acquisition,75,35.51,Yes
LA107274,Morbi,1242,747,495,837,323,8,9,58,11,84.5,Acquisition,11,39.86,Yes
LA107275,Vadodara,156,109,47,189,11,6,2,37,6,76.0,Acquisition,0,30.13,No
LA107276,Valsad,364,213,151,346,87,3,10,24,5,73.4,Compensation,8,41.48,Yes
LA107277,Kheda,431,215,216,603,201,4,7,1,14,66.8,Acquisition,0,50.12,No
LA107278,Bhavnagar,1217,736,481,1397,423,8,9,11,17,81.7,Compensation,18,39.52,Yes
LA107279,Rajkot,782,555,227,804,446,8,13,5,8,73.7,Handover,80,29.03,Yes
LA107280,Mehsana,825,693,132,941,482,5,5,37,7,88.5,Handover,146,16.0,Yes
LA107281,Bharuch,986,607,379,578,244,6,7,4,10,74.6,Compensation,21,38.44,No
LA107282,Morbi,451,258,193,634,77,2,6,26,14,67.7,Compensation,11,42.79,No
LA107283,Vadodara,1085,722,363,1531,244,6,5,26,29,81.3,Compensation,13,33.46,Yes
LA107284,Kheda,93,29,64,74,19,0,12,55,5,52.1,Objection,0,68.82,Yes
LA107285,Navsari,215,83,132,240,157,4,12,0,5,57.9,Objection,29,61.4,Yes
LA107286,Morbi,1233,1008,225,902,501,7,6,12,11,85.5,Acquisition,68,18.25,Yes
LA107287,Morbi,1005,702,303,1048,505,6,11,3,20,85.2,Acquisition,0,30.15,Yes
LA107288,Valsad,306,198,108,381,142,7,10,25,6,76.3,Acquisition,21,35.29,No
LA107289,Mehsana,686,330,356,958,100,7,6,18,18,65.6,Objection,0,51.9,Yes
LA107290,Jamnagar,125,63,62,107,15,2,5,28,3,55.0,Objection,1,49.6,No
LA107291,Rajkot,1024,732,292,1202,640,5,5,9,25,89.0,Acquisition,61,28.52,Yes
LA107292,Gandhinagar,1146,947,199,1369,325,2,10,0,24,79.3,Compensation,7,17.36,No
LA107293,Sabarkantha,453,192,261,339,37,4,11,24,6,61.6,Compensation,16,57.62,No
LA107294,Junagadh,557,321,236,622,289,8,8,25,14,75.6,Compensation,2,42.37,Yes
LA107295,Kheda,393,385,8,448,194,6,7,0,8,92.5,Handover,35,2.04,No
LA107296,Rajkot,614,409,205,760,99,7,9,33,16,88.4,Acquisition,14,33.39,No
LA107297,Bharuch,445,289,156,645,350,6,7,45,15,77.5,Compensation,8,35.06,Yes
LA107298,Amreli,408,180,228,239,60,4,8,0,13,48.7,Objection,17,55.88,Yes
LA107299,Surat,674,369,305,493,76,2,8,43,11,81.9,Compensation,13,45.25,No
LA107300,Junagadh,1296,833,463,882,331,3,15,13,5,74.1,Acquisition,20,35.73,No
LA107301,Rajkot,1156,568,588,796,191,5,11,41,15,76.7,Acquisition,3,50.87,No
LA107302,Sabarkantha,481,309,172,461,332,3,11,5,8,76.2,Handover,11,35.76,Yes
LA107303,Junagadh,1418,1090,328,1901,1248,5,7,13,28,69.4,Acquisition,6,23.13,Yes
LA107304,Anand,354,161,193,338,201,2,10,14,10,80.8,Objection,24,54.52,Yes
LA107305,Bhavnagar,1371,775,596,1579,79,5,7,3,24,70.1,Compensation,12,43.47,Yes
LA107306,Anand,498,335,163,443,41,0,12,44,10,83.4,Acquisition,14,32.73,No
LA107307,Jamnagar,833,474,359,698,229,3,4,8,19,78.9,Acquisition,3,43.1,Yes
LA107308,Bharuch,344,181,163,447,146,4,14,0,6,79.7,Acquisition,26,47.38,Yes
LA107309,Sabarkantha,1155,1079,76,1317,737,7,10,9,28,93.1,Acquisition,22,6.58,No
LA107310,Banaskantha,510,350,160,442,64,5,8,33,9,78.6,Acquisition,25,31.37,No
LA107311,Gandhinagar,1316,717,599,1807,366,10,12,7,31,84.5,Compensation,0,45.52,Yes
LA107312,Kheda,170,80,90,170,20,2,10,2,7,69.5,Objection,8,52.94,No
LA107313,Bharuch,778,430,348,560,188,3,9,28,13,73.2,Compensation,48,44.73,No
LA107314,Amreli,280,118,162,276,84,1,14,41,7,70.7,Objection,29,57.86,Yes
LA107315,Bharuch,1339,962,377,1550,931,7,8,2,22,82.6,Acquisition,0,28.16,No
LA107316,Kheda,655,477,178,577,294,7,10,9,7,81.9,Acquisition,2,27.18,No
LA107317,Jamnagar,1028,823,205,1346,171,8,11,43,27,88.7,Compensation,13,19.94,No
LA107318,Mehsana,1326,826,500,1366,209,6,5,0,15,56.2,Compensation,23,37.71,Yes
LA107319,Gandhinagar,827,500,327,803,115,2,13,0,11,81.6,Compensation,42,39.54,No
LA107320,Anand,133,62,71,176,97,0,10,4,7,64.6,Compensation,35,53.38,Yes
LA107321,Banaskantha,370,123,247,358,84,6,7,36,10,53.0,Notification,0,66.76,Yes
LA107322,Anand,358,271,87,330,119,1,5,8,6,79.2,Compensation,19,24.3,No
LA107323,Valsad,1376,1142,234,885,168,7,4,4,15,86.8,Acquisition,6,17.01,No
LA107324,Navsari,1368,893,475,1199,317,5,8,53,18,87.7,Acquisition,19,34.72,No
LA107325,Ahmedabad,742,725,17,673,171,3,11,73,11,93.8,Handover,34,2.29,No
LA107326,Vadodara,1341,855,486,956,239,5,13,48,15,84.3,Acquisition,17,36.24,Yes
LA107327,Vadodara,406,269,137,438,133,4,8,33,6,70.4,Acquisition,0,33.74,No
LA107328,Sabarkantha,1035,730,305,703,255,4,8,0,10,74.9,Compensation,57,29.47,No
LA107329,Panchmahal,618,368,250,464,101,1,12,36,9,68.5,Compensation,4,40.45,Yes
LA107330,Vadodara,398,212,186,420,231,4,4,0,6,69.5,Compensation,54,46.73,No
LA107331,Bharuch,412,239,173,326,30,5,7,20,3,73.6,Acquisition,35,41.99,No
LA107332,Ahmedabad,659,400,259,742,199,2,7,57,11,68.8,Acquisition,35,39.3,No
LA107333,Anand,542,410,132,635,78,5,3,25,8,82.0,Acquisition,25,24.35,No
LA107334,Ahmedabad,356,226,130,292,151,7,9,52,9,69.3,Acquisition,0,36.52,No
LA107335,Navsari,534,283,251,336,121,5,12,16,10,59.6,Compensation,1,47.0,Yes
LA107336,Rajkot,236,198,38,234,51,2,7,12,9,91.3,Acquisition,6,16.1,No
LA107337,Surat,1456,1086,370,923,332,5,8,0,13,73.0,Compensation,0,25.41,No
LA107338,Ahmedabad,601,446,155,609,267,2,11,36,16,91.1,Acquisition,7,25.79,No
LA107339,Patan,205,150,55,247,49,2,5,23,5,84.3,Compensation,9,26.83,No
LA107340,Gandhinagar,885,510,375,981,497,5,18,47,20,75.5,Acquisition,28,42.37,Yes
LA107341,Ahmedabad,1331,1292,39,1269,54,4,9,8,13,84.1,Handover,0,2.93,No
LA107342,Bhavnagar,572,412,160,802,321,7,7,0,7,76.5,Acquisition,56,27.97,Yes
LA107343,Jamnagar,1276,755,521,819,146,6,16,107,9,62.5,Acquisition,0,40.83,Yes
LA107344,Vadodara,936,552,384,1256,416,5,16,1,24,67.5,Compensation,46,41.03,No
LA107345,Sabarkantha,1122,702,420,1425,405,2,9,29,25,75.4,Compensation,9,37.43,Yes
LA107346,Rajkot,479,443,36,444,120,6,2,18,15,77.9,Acquisition,0,7.52,No
LA107347,Panchmahal,103,75,28,71,19,3,9,22,6,73.2,Compensation,50,27.18,Yes
LA107348,Bharuch,551,354,197,380,68,1,5,32,5,79.3,Acquisition,43,35.75,No
LA107349,Rajkot,1391,522,869,1919,661,7,13,25,30,54.5,Notification,34,62.47,Yes
LA107350,Vadodara,1197,735,462,910,131,6,9,0,13,71.8,Compensation,3,38.6,No
LA107351,Jamnagar,1187,842,345,1587,404,7,8,33,26,87.5,Acquisition,34,29.06,No
LA107352,Junagadh,1324,752,572,1328,484,6,15,58,26,72.8,Compensation,17,43.2,Yes
LA107353,Anand,591,332,259,571,259,5,7,26,16,82.9,Compensation,19,43.82,Yes
LA107354,Panchmahal,517,278,239,573,122,5,6,23,7,88.7,Acquisition,30,46.23,Yes
LA107355,Surat,1392,1364,28,1035,405,6,6,9,10,92.0,Handover,4,2.01,No
LA107356,Morbi,879,461,418,822,186,1,10,1,14,70.3,Compensation,64,47.55,No
LA107357,Panchmahal,482,361,121,672,188,5,12,27,15,89.0,Compensation,43,25.1,Yes
LA107358,Sabarkantha,453,325,128,346,23,2,13,12,10,82.7,Acquisition,3,28.26,No
LA107359,Valsad,1322,933,389,1824,799,6,6,20,27,75.9,Acquisition,10,29.43,Yes
LA107360,Rajkot,127,78,49,183,37,7,8,30,8,66.6,Compensation,9,38.58,No
LA107361,Banaskantha,139,95,44,83,18,7,7,13,3,70.9,Acquisition,0,31.65,No
LA107362,Gandhinagar,1120,925,195,1152,179,6,6,57,30,88.0,Acquisition,34,17.41,Yes
LA107363,Navsari,51,33,18,36,3,2,9,20,6,79.7,Acquisition,74,35.29,No
LA107364,Valsad,298,193,105,331,101,6,6,19,10,65.3,Compensation,14,35.23,Yes
LA107365,Bhavnagar,1487,941,546,2142,551,1,4,31,29,77.2,Acquisition,24,36.72,Yes
LA107366,Morbi,667,523,144,905,394,2,14,15,11,80.0,Acquisition,0,21.59,No
LA107367,Amreli,1105,569,536,1528,879,8,12,0,18,78.9,Acquisition,45,48.51,Yes
LA107368,Junagadh,756,570,186,561,127,5,11,4,13,74.8,Compensation,8,24.6,No
LA107369,Sabarkantha,181,128,53,188,85,2,8,21,7,90.3,Acquisition,11,29.28,No
LA107370,Mehsana,317,176,141,241,77,4,4,20,8,81.6,Acquisition,22,44.48,No
LA107371,Banaskantha,1154,612,542,1569,303,3,13,7,19,78.1,Compensation,33,46.97,Yes
LA107372,Amreli,187,146,41,135,28,4,5,147,4,87.2,Acquisition,8,21.93,Yes
LA107373,Gandhinagar,912,583,329,628,310,3,7,18,13,55.2,Compensation,24,36.07,No
LA107374,Vadodara,554,290,264,311,123,4,8,47,6,67.4,Compensation,0,47.65,Yes
LA107375,Ahmedabad,587,399,188,419,61,2,12,7,11,80.9,Objection,55,32.03,No
LA107376,Navsari,1431,1158,273,1031,301,6,9,9,20,84.7,Acquisition,17,19.08,No
LA107377,Banaskantha,929,400,529,576,194,11,8,15,10,62.3,Compensation,34,56.94,Yes
LA107378,Kheda,942,535,407,1254,141,7,8,5,20,71.0,Compensation,72,43.21,Yes
LA107379,Banaskantha,558,256,302,699,103,8,10,38,11,62.8,Compensation,36,54.12,Yes
LA107380,Junagadh,603,591,12,470,210,3,7,29,10,91.3,Acquisition,0,1.99,No
LA107381,Bhavnagar,1045,507,538,1311,183,5,11,34,15,61.4,Compensation,33,51.48,Yes
LA107382,Rajkot,106,81,25,99,6,0,4,40,5,80.9,Acquisition,12,23.58,No
LA107383,Ahmedabad,394,270,124,492,83,5,5,22,11,86.9,Acquisition,0,31.47,No
LA107384,Anand,920,578,342,773,154,3,12,16,18,85.6,Compensation,58,37.17,No
LA107385,Ahmedabad,954,827,127,1010,38,7,8,0,18,90.9,Handover,49,13.31,No
LA107386,Patan,183,125,58,164,109,5,5,15,3,77.9,Acquisition,1,31.69,No
LA107387,Patan,1193,1060,133,858,244,2,9,0,7,89.5,Handover,26,11.15,No
LA107388,Panchmahal,837,538,299,902,173,4,12,0,17,84.6,Acquisition,56,35.72,No
LA107389,Anand,394,282,112,483,216,4,8,52,9,84.0,Handover,28,28.43,Yes
LA107390,Junagadh,1141,670,471,1401,638,6,14,0,20,83.2,Compensation,29,41.28,Yes
LA107391,Sabarkantha,1487,998,489,1295,76,6,8,76,24,83.6,Handover,24,32.89,Yes
LA107392,Anand,664,335,329,675,465,4,4,15,10,77.1,Acquisition,5,49.55,Yes
LA107393,Kheda,461,332,129,570,117,4,7,21,10,86.2,Acquisition,19,27.98,No
LA107394,Surat,484,363,121,290,87,2,6,86,7,74.3,Acquisition,25,25.0,No
LA107395,Banaskantha,909,327,582,559,159,5,12,14,9,58.4,Objection,28,64.03,No
LA107396,Jamnagar,118,83,35,105,21,7,6,16,4,90.1,Handover,63,29.66,No
LA107397,Morbi,751,497,254,564,191,2,8,28,19,79.8,Compensation,0,33.82,No
LA107398,Ahmedabad,85,48,37,75,48,2,7,4,5,71.0,Acquisition,36,43.53,Yes
LA107399,Sabarkantha,105,71,34,67,24,2,8,26,4,72.7,Acquisition,0,32.38,No
LA107400,Kheda,673,311,362,729,329,9,15,103,16,71.8,Compensation,15,53.79,Yes
LA107401,Bhavnagar,1131,517,614,1306,166,4,8,18,22,82.4,Acquisition,21,54.29,Yes
LA107402,Vadodara,1331,982,349,1681,978,8,9,8,25,84.6,Acquisition,15,26.22,Yes
LA107403,Amreli,177,172,5,201,71,6,6,48,6,91.3,Handover,16,2.82,No
LA107404,Surat,404,235,169,366,53,4,7,5,5,72.7,Acquisition,0,41.83,No
LA107405,Mehsana,661,533,128,920,113,6,4,54,9,87.8,Handover,29,19.36,No
LA107406,Vadodara,882,360,522,1062,43,9,10,2,28,55.7,Objection,11,59.18,Yes
LA107407,Vadodara,1482,1167,315,1519,179,10,14,27,29,82.9,Handover,23,21.26,Yes
LA107408,Junagadh,1042,668,374,767,43,3,10,4,19,79.0,Acquisition,0,35.89,No
LA107409,Valsad,831,466,365,942,43,2,10,5,19,69.6,Compensation,0,43.92,No
LA107410,Banaskantha,138,135,3,149,20,0,9,7,3,94.9,Handover,27,2.17,No
LA107411,Bhavnagar,167,82,85,195,54,6,8,12,9,52.0,Compensation,17,50.9,Yes
LA107412,Navsari,272,128,144,341,65,4,5,68,5,67.2,Compensation,10,52.94,Yes
LA107413,Kheda,1008,611,397,1385,281,7,10,5,11,79.2,Compensation,9,39.38,No
LA107414,Patan,530,361,169,744,323,3,9,0,13,85.4,Acquisition,36,31.89,No
LA107415,Navsari,399,122,277,446,67,3,7,3,6,56.0,Objection,65,69.42,Yes
LA107416,Amreli,1022,602,420,1451,955,2,11,15,20,76.6,Acquisition,24,41.1,Yes
LA107417,Amreli,1233,880,353,1690,577,11,10,0,25,84.1,Acquisition,33,28.63,Yes
LA107418,Banaskantha,687,428,259,379,42,10,5,23,11,81.7,Objection,45,37.7,Yes
LA107419,Gandhinagar,1329,864,465,1494,190,5,9,48,28,72.5,Compensation,8,34.99,No
LA107420,Kheda,1115,636,479,792,518,5,11,4,15,85.2,Acquisition,0,42.96,Yes
LA107421,Sabarkantha,1089,761,328,888,282,5,11,64,16,92.4,Acquisition,0,30.12,No
LA107422,Amreli,1308,1070,238,1070,243,5,6,54,22,86.5,Acquisition,30,18.2,No
LA107423,Anand,316,247,69,311,42,4,8,0,9,71.8,Acquisition,0,21.84,No
LA107424,Mehsana,1150,989,161,644,168,1,11,20,11,94.0,Handover,45,14.0,No
LA107425,Bhavnagar,1439,620,819,1097,107,5,12,0,17,64.7,Compensation,17,56.91,Yes
LA107426,Panchmahal,1489,946,543,858,205,7,10,65,11,86.0,Acquisition,12,36.47,No
LA107427,Bhavnagar,888,414,474,1008,270,6,11,16,15,63.8,Compensation,70,53.38,Yes
LA107428,Navsari,1144,674,470,1545,324,4,13,14,16,60.0,Compensation,63,41.08,Yes
LA107429,Ahmedabad,1339,914,425,1939,326,7,6,52,25,75.4,Acquisition,18,31.74,No
LA107430,Jamnagar,1286,541,745,1226,581,3,12,7,11,67.5,Compensation,67,57.93,No
LA107431,Navsari,1352,892,460,1060,251,4,12,59,22,74.7,Acquisition,34,34.02,No
LA107432,Navsari,1257,1085,172,1656,29,9,8,34,19,83.5,Handover,63,13.68,No
LA107433,Ahmedabad,603,450,153,393,126,1,6,22,3,75.2,Acquisition,17,25.37,Yes
LA107434,Navsari,1109,971,138,1582,252,4,13,1,24,85.6,Handover,28,12.44,No
LA107435,Bharuch,645,517,128,770,214,6,9,52,11,83.7,Handover,0,19.84,Yes
LA107436,Valsad,1213,354,859,1217,597,4,9,0,25,56.1,Objection,0,70.82,Yes
LA107437,Bhavnagar,1225,535,690,780,39,7,9,18,10,65.0,Objection,0,56.33,No
LA107438,Patan,1406,1173,233,796,81,7,12,45,18,78.1,Acquisition,68,16.57,No
LA107439,Bhavnagar,903,646,257,939,132,5,9,8,11,86.2,Handover,3,28.46,No
LA107440,Gandhinagar,739,383,356,682,173,11,14,9,10,82.4,Compensation,0,48.17,No
LA107441,Patan,290,185,105,379,124,1,6,49,6,70.4,Objection,7,36.21,Yes
LA107442,Kheda,976,742,234,1101,486,6,4,28,16,77.5,Acquisition,5,23.98,Yes
LA107443,Panchmahal,871,454,417,818,433,7,6,65,13,66.1,Objection,4,47.88,Yes
LA107444,Vadodara,797,678,119,600,31,6,1,15,9,90.5,Handover,22,14.93,No
LA107445,Navsari,1031,477,554,1013,170,3,12,33,16,67.6,Compensation,32,53.73,Yes
LA107446,Sabarkantha,1284,803,481,895,174,6,1,4,17,79.1,Compensation,17,37.46,Yes
LA107447,Panchmahal,265,106,159,305,69,2,5,57,11,70.9,Compensation,13,60.0,Yes
LA107448,Banaskantha,675,282,393,739,376,2,8,115,11,65.7,Compensation,0,58.22,Yes
LA107449,Navsari,1098,855,243,1404,644,8,9,44,16,75.8,Handover,27,22.13,Yes
LA107450,Valsad,1239,345,894,1183,254,2,13,32,23,73.5,Objection,7,72.15,Yes
LA107451,Morbi,1179,634,545,944,514,5,10,49,18,70.4,Compensation,21,46.23,Yes
LA107452,Amreli,1209,511,698,1575,813,7,12,14,19,61.2,Objection,73,57.73,Yes
LA107453,Surat,1290,702,588,1512,499,4,7,44,22,62.0,Objection,60,45.58,Yes
LA107454,Vadodara,1445,690,755,1714,467,8,8,7,27,80.9,Compensation,0,52.25,Yes
LA107455,Anand,932,537,395,956,136,2,13,19,15,77.4,Handover,35,42.38,No
LA107456,Kheda,411,197,214,550,191,3,4,2,12,66.9,Compensation,23,52.07,Yes
LA107457,Gandhinagar,867,620,247,655,182,10,6,9,12,79.4,Compensation,39,28.49,No
LA107458,Jamnagar,1079,712,367,984,320,3,10,0,21,78.1,Acquisition,32,34.01,No
LA107459,Junagadh,196,69,127,248,112,8,10,16,6,65.0,Compensation,11,64.8,Yes
LA107460,Rajkot,1148,615,533,769,154,1,6,57,11,69.8,Compensation,10,46.43,No
LA107461,Vadodara,839,344,495,1072,276,4,2,2,15,62.3,Objection,44,59.0,Yes
LA107462,Patan,1408,1003,405,1221,238,4,5,41,20,78.6,Handover,0,28.76,Yes
LA107463,Anand,357,149,208,237,47,2,12,42,6,58.0,Objection,35,58.26,No
LA107464,Surat,1365,1275,90,848,166,7,5,12,12,87.1,Handover,54,6.59,No
LA107465,Banaskantha,700,353,347,916,163,4,7,21,15,69.9,Acquisition,76,49.57,Yes
LA107466,Surat,882,484,398,1103,219,4,10,61,10,73.1,Compensation,19,45.12,Yes
LA107467,Banaskantha,1007,550,457,815,530,1,6,35,16,72.5,Acquisition,0,45.38,Yes
LA107468,Surat,890,600,290,583,178,3,15,26,16,81.1,Acquisition,74,32.58,Yes
LA107469,Navsari,1361,881,480,1051,326,5,6,43,9,69.2,Compensation,54,35.27,Yes
LA107470,Mehsana,292,196,96,217,168,0,9,27,11,83.1,Compensation,28,32.88,Yes
LA107471,Gandhinagar,1109,498,611,1342,422,2,14,1,15,62.4,Compensation,26,55.09,Yes
LA107472,Bhavnagar,1464,1034,430,1089,367,4,11,42,11,79.0,Acquisition,0,29.37,Yes
LA107473,Junagadh,369,190,179,275,66,1,6,0,14,73.4,Compensation,0,48.51,No
LA107474,Surat,420,280,140,243,64,0,4,17,7,72.9,Compensation,6,33.33,No
LA107475,Gandhinagar,739,441,298,803,32,1,7,38,14,75.7,Acquisition,16,40.32,No
LA107476,Valsad,1101,426,675,1288,136,11,13,10,22,61.3,Acquisition,23,61.31,Yes
LA107477,Banaskantha,1441,491,950,1640,252,8,14,3,26,65.7,Objection,9,65.93,Yes
LA107478,Bharuch,1204,643,561,1278,844,7,20,19,18,76.6,Acquisition,27,46.59,Yes
LA107479,Ahmedabad,1202,772,430,1706,494,10,8,0,22,78.3,Acquisition,109,35.77,Yes
LA107480,Bharuch,690,519,171,673,53,7,9,12,9,87.3,Acquisition,25,24.78,No
LA107481,Surat,986,669,317,1306,334,10,11,12,22,82.3,Acquisition,14,32.15,Yes
LA107482,Rajkot,356,171,185,403,51,3,7,7,9,75.1,Acquisition,0,51.97,No
LA107483,Bharuch,722,482,240,452,94,4,14,42,7,80.7,Acquisition,10,33.24,No
LA107484,Bhavnagar,324,212,112,414,112,4,5,41,10,91.7,Acquisition,10,34.57,No
LA107485,Navsari,89,50,39,96,27,4,12,36,6,80.3,Acquisition,0,43.82,No
LA107486,Sabarkantha,1292,823,469,1471,667,3,15,0,18,66.0,Compensation,10,36.3,No
LA107487,Bhavnagar,1217,991,226,867,56,5,9,13,9,93.4,Handover,20,18.57,No
LA107488,Vadodara,791,441,350,746,151,6,13,166,9,64.8,Compensation,3,44.25,Yes
LA107489,Gandhinagar,71,38,33,95,23,3,7,4,6,53.3,Objection,19,46.48,No
LA107490,Morbi,180,132,48,134,31,4,6,42,5,85.8,Acquisition,18,26.67,No
LA107491,Navsari,212,160,52,117,67,1,6,57,4,78.1,Handover,70,24.53,Yes
LA107492,Surat,1090,829,261,852,188,4,8,22,18,84.0,Compensation,10,23.94,No
LA107493,Rajkot,345,176,169,341,131,5,5,25,7,71.3,Compensation,44,48.99,Yes
LA107494,Valsad,412,216,196,531,290,6,11,40,6,67.2,Compensation,92,47.57,Yes
LA107495,Mehsana,1299,699,600,1467,161,5,13,62,21,74.1,Compensation,19,46.19,Yes
LA107496,Surat,1321,962,359,1819,501,4,9,13,35,79.0,Acquisition,70,27.18,Yes
LA107497,Banaskantha,1157,823,334,1111,213,5,5,0,17,73.9,Compensation,18,28.87,Yes
LA107498,Surat,499,217,282,450,124,2,8,42,8,70.3,Compensation,17,56.51,Yes
LA107499,Valsad,891,652,239,676,424,7,7,0,12,93.0,Acquisition,33,26.82,No
LA107500,Jamnagar,340,135,205,254,197,6,7,85,7,57.5,Notification,3,60.29,Yes
LA107501,Navsari,1294,790,504,1569,266,10,10,30,17,81.3,Acquisition,12,38.95,No
LA107502,Banaskantha,173,108,65,108,40,4,7,0,9,77.0,Compensation,18,37.57,No
LA107503,Morbi,1130,643,487,868,126,5,14,47,14,66.7,Compensation,14,43.1,Yes
LA107504,Anand,792,601,191,1067,412,5,8,19,18,75.6,Acquisition,5,24.12,No
LA107505,Ahmedabad,1149,536,613,1229,149,6,6,39,21,65.3,Compensation,0,53.35,No
LA107506,Jamnagar,704,468,236,417,103,5,8,20,2,83.8,Acquisition,9,33.52,No
LA107507,Mehsana,279,188,91,330,58,4,13,52,11,76.1,Compensation,0,32.62,Yes
LA107508,Amreli,1140,654,486,1147,300,7,8,3,21,70.9,Compensation,16,42.63,Yes
LA107509,Morbi,965,475,490,1273,348,3,8,22,15,77.3,Compensation,27,50.78,Yes
LA107510,Ahmedabad,724,502,222,843,33,7,9,25,8,89.3,Acquisition,13,30.66,No
LA107511,Surat,590,268,322,327,140,5,10,24,11,62.7,Compensation,49,54.58,Yes
LA107512,Surat,548,425,123,403,194,2,6,38,7,81.9,Acquisition,0,22.45,No
LA107513,Anand,748,594,154,585,248,6,5,95,13,80.5,Acquisition,19,20.59,Yes
LA107514,Amreli,429,236,193,507,62,3,4,21,10,78.0,Acquisition,36,44.99,No
LA107515,Rajkot,459,288,171,463,139,8,6,20,9,82.5,Compensation,55,37.25,No
LA107516,Morbi,453,349,104,554,183,3,4,18,9,80.6,Handover,45,22.96,No
LA107517,Panchmahal,68,35,33,69,19,4,5,27,6,68.8,Compensation,41,48.53,Yes
LA107518,Valsad,1396,796,600,1179,855,6,8,32,11,66.9,Compensation,14,42.98,Yes
LA107519,Gandhinagar,393,301,92,253,121,2,8,83,4,89.9,Handover,18,23.41,Yes
LA107520,Jamnagar,289,162,127,212,53,2,6,49,5,69.1,Acquisition,0,43.94,No
LA107521,Mehsana,269,142,127,245,54,7,11,17,7,70.0,Compensation,39,47.21,No
LA107522,Rajkot,1483,1267,216,1552,200,4,6,0,26,86.0,Handover,37,14.57,No
LA107523,Patan,741,492,249,1034,490,6,8,29,13,93.0,Acquisition,10,33.6,Yes
LA107524,Surat,524,208,316,401,109,3,3,14,6,58.0,Compensation,32,60.31,No
LA107525,Kheda,636,369,267,731,150,7,10,13,20,61.8,Compensation,13,41.98,Yes
LA107526,Banaskantha,178,118,60,122,49,1,5,5,4,80.5,Acquisition,9,33.71,No
LA107527,Bhavnagar,505,358,147,602,202,3,9,30,9,84.0,Compensation,20,29.11,No
LA107528,Amreli,410,359,51,230,98,7,7,18,4,89.4,Handover,6,12.44,No
LA107529,Sabarkantha,1215,880,335,1385,397,8,9,12,22,80.1,Handover,6,27.57,Yes
LA107530,Panchmahal,134,102,32,93,24,2,6,27,5,80.0,Handover,21,23.88,No
LA107531,Gandhinagar,667,384,283,475,17,2,8,12,3,59.8,Acquisition,5,42.43,No
LA107532,Patan,1196,491,705,1259,341,7,11,49,22,68.9,Objection,34,58.95,Yes
LA107533,Kheda,1259,904,355,1118,558,2,7,34,19,88.0,Acquisition,24,28.2,Yes
LA107534,Jamnagar,793,435,358,773,115,2,9,0,13,75.9,Compensation,20,45.15,Yes
LA107535,Patan,372,243,129,308,155,4,12,11,4,75.0,Acquisition,55,34.68,Yes
LA107536,Gandhinagar,538,463,75,758,124,7,2,16,17,87.4,Handover,2,13.94,No
LA107537,Navsari,372,186,186,302,132,3,8,0,8,86.8,Objection,0,50.0,No
LA107538,Morbi,1010,433,577,1048,231,4,5,0,13,71.9,Compensation,33,57.13,No
LA107539,Junagadh,474,191,283,625,38,3,7,5,13,74.0,Objection,1,59.7,No
LA107540,Navsari,965,582,383,1108,212,6,10,82,19,81.3,Acquisition,9,39.69,Yes
LA107541,Amreli,1001,755,246,841,298,6,10,1,14,87.0,Handover,12,24.58,No
LA107542,Bharuch,1413,1111,302,1480,779,2,14,43,20,75.5,Handover,7,21.37,Yes
LA107543,Rajkot,587,345,242,367,158,6,9,0,6,84.2,Compensation,37,41.23,No
LA107544,Ahmedabad,1444,1211,233,1503,260,4,4,41,26,73.3,Acquisition,46,16.14,No
LA107545,Morbi,631,481,150,592,79,2,9,35,10,83.4,Acquisition,0,23.77,No
LA107546,Banaskantha,1037,693,344,1278,638,1,11,19,13,74.5,Compensation,7,33.17,No
LA107547,Ahmedabad,1010,619,391,1326,647,9,13,38,21,68.0,Compensation,51,38.71,Yes
LA107548,Bharuch,1236,722,514,902,224,5,11,11,10,84.9,Acquisition,6,41.59,No
LA107549,Amreli,730,371,359,455,188,3,8,8,9,70.4,Acquisition,1,49.18,Yes
LA107550,Valsad,1199,788,411,1081,148,7,8,0,18,88.0,Compensation,31,34.28,No
LA107551,Vadodara,565,264,301,582,290,5,11,34,23,55.4,Objection,9,53.27,Yes
LA107552,Kheda,762,428,334,678,302,5,7,27,12,78.2,Acquisition,9,43.83,No
LA107553,Patan,775,508,267,865,381,10,7,9,13,80.5,Acquisition,37,34.45,Yes
LA107554,Rajkot,1072,604,468,1077,603,7,12,14,20,76.2,Compensation,31,43.66,Yes
LA107555,Anand,947,764,183,1319,365,8,8,41,19,79.3,Handover,2,19.32,Yes
LA107556,Rajkot,163,104,59,150,21,2,13,16,9,82.7,Acquisition,63,36.2,No
LA107557,Panchmahal,1223,551,672,763,35,3,13,21,10,69.9,Compensation,11,54.95,No
LA107558,Morbi,1149,854,295,944,420,3,15,15,21,82.2,Acquisition,0,25.67,No
LA107559,Bhavnagar,201,143,58,220,78,1,6,30,8,84.1,Acquisition,18,28.86,No
LA107560,Valsad,1445,1291,154,1128,578,4,9,12,17,87.5,Handover,72,10.66,Yes
LA107561,Morbi,1008,735,273,798,132,2,10,12,9,82.5,Acquisition,12,27.08,No
LA107562,Sabarkantha,173,113,60,148,41,3,8,61,6,75.9,Acquisition,17,34.68,No
LA107563,Sabarkantha,763,598,165,932,365,3,7,32,9,82.3,Acquisition,4,21.63,No
LA107564,Mehsana,1263,1033,230,1763,383,6,7,46,19,89.2,Acquisition,26,18.21,Yes
LA107565,Morbi,456,298,158,395,126,5,6,27,9,71.1,Acquisition,40,34.65,Yes
LA107566,Sabarkantha,1403,1067,336,1018,83,7,7,6,14,81.7,Handover,6,23.95,No
LA107567,Gandhinagar,657,362,295,610,297,6,17,61,15,72.0,Acquisition,11,44.9,Yes
LA107568,Junagadh,378,176,202,328,20,3,12,37,6,72.2,Objection,53,53.44,No
LA107569,Panchmahal,567,364,203,817,319,7,13,26,16,79.0,Handover,27,35.8,Yes
LA107570,Amreli,811,286,525,785,459,1,9,20,11,69.2,Objection,45,64.73,Yes
LA107571,Ahmedabad,1048,784,264,1217,569,2,15,4,11,93.8,Handover,19,25.19,No
LA107572,Jamnagar,1396,914,482,1916,1169,3,9,24,19,82.1,Acquisition,70,34.53,Yes
LA107573,Bharuch,332,258,74,371,103,3,8,12,8,77.7,Handover,44,22.29,Yes
LA107574,Amreli,1443,887,556,1118,23,6,13,9,19,76.2,Compensation,10,38.53,No
LA107575,Mehsana,815,754,61,894,199,6,5,33,19,87.2,Handover,33,7.48,No
LA107576,Rajkot,235,151,84,214,49,3,5,3,5,73.0,Acquisition,1,35.74,No
LA107577,Bhavnagar,1394,649,745,1297,778,6,14,43,22,76.1,Compensation,25,53.44,Yes
LA107578,Banaskantha,556,408,148,796,309,2,8,32,14,75.2,Acquisition,33,26.62,Yes
LA107579,Bhavnagar,950,507,443,761,156,3,7,27,10,57.9,Objection,34,46.63,Yes
LA107580,Bhavnagar,1063,517,546,1033,154,10,15,8,15,78.4,Objection,16,51.36,Yes
LA107581,Sabarkantha,69,51,18,48,19,8,8,26,5,79.6,Acquisition,49,26.09,No
LA107582,Vadodara,371,306,65,264,111,2,7,96,7,80.7,Acquisition,34,17.52,Yes
LA107583,Morbi,1046,466,580,1143,406,6,8,3,17,78.9,Compensation,49,55.45,Yes
LA107584,Morbi,521,144,377,639,158,5,6,43,13,53.7,Objection,16,72.36,Yes
LA107585,Gandhinagar,63,36,27,71,8,0,5,14,7,61.9,Compensation,111,42.86,Yes
LA107586,Rajkot,83,56,27,70,32,2,9,10,9,81.7,Acquisition,0,32.53,No
LA107587,Kheda,1249,959,290,754,325,5,6,21,10,75.2,Acquisition,22,23.22,No
LA107588,Sabarkantha,272,221,51,265,34,3,12,0,6,84.1,Handover,16,18.75,No
LA107589,Ahmedabad,195,158,37,196,44,3,8,7,9,85.2,Handover,16,18.97,No
LA107590,Surat,865,694,171,1076,702,5,7,23,22,81.1,Compensation,58,19.77,Yes
LA107591,Sabarkantha,222,72,150,250,72,3,8,26,4,55.4,Objection,40,67.57,No
LA107592,Anand,997,761,236,1330,128,6,11,30,14,91.1,Acquisition,10,23.67,Yes
LA107593,Surat,839,687,152,1053,456,3,6,25,23,75.5,Acquisition,5,18.12,No
LA107594,Surat,991,772,219,871,68,2,9,35,10,92.9,Handover,16,22.1,No
LA107595,Morbi,763,421,342,854,51,3,2,33,14,58.9,Acquisition,0,44.82,No
LA107596,Kheda,1179,692,487,1441,425,7,8,49,16,73.9,Acquisition,36,41.31,Yes
LA107597,Bharuch,985,617,368,1390,739,10,9,19,19,82.7,Acquisition,13,37.36,Yes
LA107598,Valsad,652,338,314,606,168,3,10,0,8,74.9,Compensation,9,48.16,Yes
LA107599,Patan,72,56,16,82,37,0,8,110,5,84.4,Handover,43,22.22,Yes
LA107600,Gandhinagar,446,409,37,403,91,3,6,19,10,90.4,Handover,33,8.3,No
LA107601,Navsari,240,191,49,291,26,3,5,3,5,86.8,Acquisition,42,20.42,No
LA107602,Bharuch,72,32,40,99,60,2,1,19,3,56.2,Objection,0,55.56,Yes
LA107603,Patan,446,150,296,614,357,5,13,76,7,59.6,Objection,24,66.37,Yes
LA107604,Mehsana,349,182,167,241,62,4,7,0,6,66.1,Compensation,4,47.85,No
LA107605,Vadodara,161,122,39,118,22,3,3,29,6,86.2,Acquisition,71,24.22,Yes
LA107606,Amreli,503,320,183,618,182,3,8,20,10,84.6,Handover,30,36.38,No
LA107607,Mehsana,785,434,351,878,216,8,12,0,18,65.0,Objection,39,44.71,Yes
LA107608,Bharuch,308,133,175,420,147,2,6,13,13,64.2,Compensation,10,56.82,No
LA107609,Ahmedabad,446,300,146,371,216,8,6,11,6,83.6,Acquisition,36,32.74,Yes
LA107610,Panchmahal,79,47,32,104,62,1,6,24,2,66.2,Compensation,24,40.51,No
LA107611,Jamnagar,123,100,23,143,32,3,5,9,5,77.8,Acquisition,35,18.7,No
LA107612,Patan,278,246,32,202,40,4,5,7,10,85.6,Acquisition,6,11.51,No
LA107613,Ahmedabad,707,549,158,469,185,4,8,0,8,90.8,Acquisition,0,22.35,No
LA107614,Bharuch,1016,501,515,1201,119,5,8,13,17,58.5,Compensation,17,50.69,No
LA107615,Gandhinagar,1193,650,543,826,356,4,11,49,15,62.4,Compensation,1,45.52,No
LA107616,Anand,963,721,242,1218,279,5,10,42,16,81.1,Acquisition,16,25.13,No
LA107617,Morbi,945,304,641,994,708,8,9,21,22,46.7,Objection,34,67.83,Yes
LA107618,Navsari,1407,1107,300,1378,22,5,7,43,19,78.5,Handover,33,21.32,No
LA107619,Junagadh,420,274,146,335,153,6,8,0,8,83.7,Acquisition,6,34.76,No
LA107620,Amreli,1208,841,367,1734,600,6,6,72,20,92.5,Acquisition,25,30.38,No
LA107621,Ahmedabad,1409,870,539,1691,518,3,10,22,18,71.6,Compensation,6,38.25,No
LA107622,Jamnagar,873,633,240,1091,430,5,7,6,12,87.5,Acquisition,0,27.49,No
LA107623,Vadodara,1269,1132,137,1576,389,4,6,0,17,82.4,Handover,2,10.8,No
LA107624,Morbi,249,125,124,268,144,5,8,14,7,68.4,Compensation,14,49.8,Yes
LA107625,Valsad,1325,956,369,1849,324,10,6,20,30,74.9,Acquisition,60,27.85,No
LA107626,Navsari,868,731,137,933,340,8,4,1,12,91.1,Handover,58,15.78,No
LA107627,Surat,371,190,181,378,111,3,6,52,5,78.1,Compensation,20,48.79,No
LA107628,Mehsana,139,101,38,111,81,2,6,0,9,79.1,Acquisition,61,27.34,Yes
LA107629,Banaskantha,1094,696,398,879,494,3,11,10,18,82.5,Acquisition,7,36.38,Yes
LA107630,Banaskantha,675,526,149,819,361,5,9,3,20,67.7,Compensation,76,22.07,No
LA107631,Mehsana,499,294,205,425,248,5,3,31,9,79.4,Acquisition,8,41.08,No
LA107632,Ahmedabad,616,341,275,743,24,1,14,80,8,77.4,Compensation,7,44.64,Yes
LA107633,Gandhinagar,1487,538,949,2093,367,4,13,21,21,71.4,Objection,29,63.82,Yes
LA107634,Patan,670,266,404,633,106,4,9,48,12,61.7,Objection,0,60.3,No
LA107635,Morbi,164,103,61,105,28,4,8,15,6,69.3,Compensation,0,37.2,No
LA107636,Banaskantha,456,219,237,524,231,1,14,69,9,71.7,Compensation,35,51.97,No
LA107637,Amreli,260,191,69,145,91,6,7,8,4,80.8,Acquisition,0,26.54,No
LA107638,Amreli,1045,747,298,1315,140,3,8,19,22,81.4,Acquisition,66,28.52,Yes
LA107639,Valsad,1211,678,533,1239,156,7,15,0,19,78.5,Acquisition,3,44.01,Yes
LA107640,Vadodara,1270,888,382,1258,246,7,15,5,12,83.4,Handover,20,30.08,No
LA107641,Navsari,968,543,425,1028,323,3,7,53,13,78.3,Compensation,22,43.9,Yes
LA107642,Navsari,1165,814,351,1182,310,8,11,0,20,74.4,Acquisition,0,30.13,No
LA107643,Bhavnagar,655,240,415,551,17,3,13,0,12,68.6,Objection,31,63.36,No
LA107644,Morbi,960,770,190,771,301,7,7,3,14,85.0,Acquisition,0,19.79,No
LA107645,Rajkot,205,128,77,189,19,4,9,2,6,81.9,Compensation,27,37.56,No
LA107646,Surat,831,598,233,1126,150,5,10,46,6,83.1,Handover,21,28.04,Yes
LA107647,Kheda,858,514,344,576,42,4,6,35,6,68.9,Compensation,41,40.09,No
LA107648,Vadodara,95,72,23,80,48,4,4,62,5,86.7,Acquisition,0,24.21,No
LA107649,Mehsana,845,734,111,611,293,3,9,17,6,78.9,Compensation,0,13.14,No
LA107650,Jamnagar,1098,751,347,1026,251,3,2,1,9,84.7,Acquisition,12,31.6,Yes
LA107651,Navsari,583,179,404,391,177,5,7,15,5,59.0,Objection,20,69.3,Yes
LA107652,Ahmedabad,840,694,146,1037,398,9,8,0,17,74.0,Acquisition,0,17.38,No
LA107653,Gandhinagar,465,315,150,299,130,7,7,21,4,76.9,Acquisition,3,32.26,No
LA107654,Valsad,442,344,98,508,136,2,3,0,7,88.2,Acquisition,9,22.17,No
LA107655,Sabarkantha,237,219,18,187,72,5,3,36,8,82.5,Handover,4,7.59,Yes
LA107656,Patan,525,274,251,512,295,3,7,73,10,78.0,Objection,5,47.81,Yes
LA107657,Navsari,1215,641,574,887,147,6,15,16,26,67.3,Compensation,18,47.24,Yes
LA107658,Junagadh,1407,459,948,1699,622,2,11,54,33,58.1,Objection,9,67.38,Yes
LA107659,Ahmedabad,972,775,197,1364,181,6,13,30,12,92.2,Acquisition,66,20.27,No
LA107660,Patan,955,349,606,716,100,5,6,29,7,64.8,Compensation,27,63.46,No
LA107661,Navsari,940,648,292,1323,522,7,8,43,15,80.5,Compensation,32,31.06,Yes
LA107662,Rajkot,740,531,209,624,141,4,5,16,6,83.8,Acquisition,37,28.24,No
LA107663,Kheda,663,451,212,698,263,7,10,20,13,80.8,Acquisition,32,31.98,Yes
LA107664,Patan,950,113,837,1122,300,3,14,33,29,49.9,Objection,2,88.11,Yes
LA107665,Gandhinagar,1188,960,228,866,96,4,7,13,13,85.1,Handover,8,19.19,No
LA107666,Valsad,650,308,342,618,383,6,10,9,9,63.7,Compensation,36,52.62,Yes
LA107667,Mehsana,871,854,17,532,75,2,7,6,16,90.5,Handover,0,1.95,No
LA107668,Jamnagar,732,392,340,862,242,6,14,28,11,71.5,Compensation,0,46.45,No
LA107669,Bhavnagar,464,319,145,429,212,7,7,41,8,86.9,Acquisition,12,31.25,Yes
LA107670,Banaskantha,471,360,111,637,173,3,7,8,9,86.6,Acquisition,66,23.57,No
LA107671,Amreli,164,74,90,131,43,5,10,59,1,70.9,Compensation,2,54.88,Yes
LA107672,Valsad,688,472,216,950,328,1,12,13,14,69.7,Compensation,28,31.4,Yes
LA107673,Surat,1083,757,326,733,172,5,7,1,12,90.7,Acquisition,41,30.1,No
LA107674,Navsari,1044,666,378,1145,493,8,13,6,18,84.1,Acquisition,13,36.21,Yes
LA107675,Valsad,1480,1122,358,1224,476,5,10,9,25,79.8,Compensation,0,24.19,Yes
LA107676,Rajkot,107,59,48,76,25,5,9,1,6,66.0,Objection,19,44.86,No
LA107677,Ahmedabad,1153,852,301,732,285,8,7,34,17,83.5,Acquisition,1,26.11,Yes
LA107678,Mehsana,1203,756,447,1372,95,12,12,44,20,87.6,Acquisition,0,37.16,Yes
LA107679,Bhavnagar,683,540,143,519,65,3,5,12,7,81.1,Acquisition,12,20.94,No
LA107680,Sabarkantha,460,298,162,490,99,2,5,75,11,86.3,Acquisition,8,35.22,No
LA107681,Navsari,568,306,262,813,317,6,13,0,12,82.7,Compensation,13,46.13,No
LA107682,Morbi,1040,874,166,868,358,6,8,9,19,91.2,Handover,67,15.96,Yes
LA107683,Anand,1301,765,536,756,505,6,12,27,18,73.4,Acquisition,24,41.2,Yes
LA107684,Panchmahal,982,507,475,666,132,1,10,26,11,67.1,Compensation,46,48.37,No
LA107685,Junagadh,796,575,221,523,149,1,7,19,12,77.6,Acquisition,4,27.76,No
LA107686,Gandhinagar,996,672,324,963,205,8,14,12,17,82.3,Acquisition,0,32.53,No
LA107687,Anand,152,74,78,185,11,4,15,32,9,78.5,Compensation,45,51.32,No
LA107688,Morbi,932,410,522,761,162,9,12,0,8,61.0,Objection,11,56.01,No
LA107689,Morbi,111,68,43,76,26,0,5,67,5,70.8,Compensation,20,38.74,Yes
LA107690,Jamnagar,1441,1067,374,1624,410,4,9,13,20,83.8,Handover,5,25.95,No
LA107691,Morbi,1340,1022,318,1100,38,3,7,21,13,89.1,Acquisition,16,23.73,No
LA107692,Gandhinagar,787,698,89,840,82,8,8,58,8,76.7,Handover,12,11.31,No
LA107693,Navsari,592,562,30,823,527,7,4,68,17,89.3,Handover,16,5.07,Yes
LA107694,Morbi,1112,673,439,903,217,4,12,33,13,84.0,Acquisition,0,39.48,No
LA107695,Bhavnagar,975,592,383,986,656,3,15,0,14,85.7,Acquisition,15,39.28,Yes
LA107696,Kheda,1073,819,254,1369,482,4,8,9,16,75.4,Compensation,1,23.67,No
LA107697,Morbi,798,583,215,936,391,4,8,29,18,74.8,Acquisition,54,26.94,Yes
LA107698,Patan,392,311,81,481,168,3,7,11,9,76.7,Handover,14,20.66,No
LA107699,Anand,156,105,51,194,101,3,5,37,3,83.6,Compensation,6,32.69,Yes
LA107700,Amreli,461,227,234,478,136,1,11,38,12,64.1,Compensation,97,50.76,Yes
LA107701,Banaskantha,817,340,477,844,280,4,8,14,11,72.0,Compensation,4,58.38,Yes
LA107702,Bhavnagar,665,442,223,796,471,3,11,33,14,77.1,Acquisition,0,33.53,No
LA107703,Gandhinagar,784,458,326,923,294,6,5,23,15,76.9,Compensation,48,41.58,Yes
LA107704,Gandhinagar,452,284,168,521,281,7,5,39,17,82.3,Acquisition,7,37.17,Yes
LA107705,Gandhinagar,1410,1059,351,1260,99,6,12,43,15,77.9,Acquisition,18,24.89,No
LA107706,Morbi,582,408,174,754,170,7,9,13,14,83.3,Acquisition,19,29.9,No
LA107707,Panchmahal,1277,1119,158,974,442,6,3,14,11,90.3,Acquisition,15,12.37,No
LA107708,Mehsana,617,328,289,426,53,7,11,0,7,67.3,Objection,58,46.84,No
LA107709,Navsari,693,519,174,596,82,4,6,0,10,81.2,Acquisition,0,25.11,No
LA107710,Valsad,926,524,402,721,304,4,6,37,15,81.4,Compensation,3,43.41,Yes
LA107711,Junagadh,431,186,245,494,162,3,9,33,16,66.1,Notification,19,56.84,Yes
LA107712,Patan,369,281,88,280,91,4,6,14,8,83.1,Acquisition,0,23.85,No
LA107713,Sabarkantha,600,495,105,685,219,3,4,81,12,77.6,Acquisition,28,17.5,Yes
LA107714,Banaskantha,1217,874,343,1231,162,8,11,4,23,79.1,Acquisition,26,28.18,No
LA107715,Bhavnagar,259,195,64,178,8,2,5,68,6,86.5,Acquisition,21,24.71,No
LA107716,Bharuch,684,574,110,535,271,5,9,8,10,80.7,Handover,17,16.08,No
LA107717,Mehsana,1025,751,274,1045,201,3,8,62,11,86.7,Compensation,11,26.73,No
LA107718,Rajkot,1074,418,656,1299,303,4,14,95,17,60.6,Objection,41,61.08,Yes
LA107719,Navsari,680,411,269,618,185,5,7,152,12,72.9,Compensation,1,39.56,No
LA107720,Patan,168,74,94,128,59,4,5,6,2,54.3,Objection,2,55.95,No
LA107721,Navsari,73,44,29,60,1,4,7,14,6,84.5,Acquisition,4,39.73,No
LA107722,Vadodara,731,567,164,465,205,4,14,31,12,87.4,Handover,24,22.44,No
LA107723,Panchmahal,1225,686,539,701,262,7,13,0,21,84.7,Acquisition,7,44.0,No
LA107724,Bharuch,90,61,29,128,10,10,3,0,8,82.6,Acquisition,16,32.22,No
LA107725,Valsad,1337,986,351,851,81,6,8,42,14,86.6,Acquisition,8,26.25,No
LA107726,Morbi,1030,707,323,682,340,3,10,7,9,80.8,Acquisition,16,31.36,No
LA107727,Bhavnagar,61,25,36,81,27,4,8,0,3,73.6,Compensation,35,59.02,Yes
LA107728,Navsari,548,370,178,629,43,3,14,3,10,78.6,Acquisition,5,32.48,No
LA107729,Bhavnagar,369,271,98,348,38,7,7,14,12,76.9,Acquisition,4,26.56,No
LA107730,Anand,1427,1117,310,1618,436,6,2,3,25,76.4,Acquisition,92,21.72,Yes
LA107731,Ahmedabad,854,569,285,1188,510,6,13,84,18,65.3,Compensation,6,33.37,Yes
LA107732,Banaskantha,520,243,277,333,75,2,9,52,9,60.2,Compensation,8,53.27,Yes
LA107733,Amreli,453,345,108,349,173,1,1,19,7,64.7,Acquisition,9,23.84,Yes
LA107734,Bharuch,868,523,345,1149,512,5,8,9,11,79.7,Acquisition,7,39.75,No
LA107735,Bhavnagar,57,28,29,71,31,1,2,33,4,68.5,Compensation,44,50.88,Yes
LA107736,Navsari,423,326,97,611,84,5,2,18,8,88.1,Acquisition,12,22.93,No
LA107737,Bhavnagar,290,217,73,241,61,3,11,25,8,78.6,Acquisition,0,25.17,No
LA107738,Rajkot,949,635,314,1329,94,6,9,16,19,73.0,Acquisition,17,33.09,No
LA107739,Sabarkantha,1021,223,798,877,540,4,15,55,9,59.3,Objection,46,78.16,Yes
LA107740,Ahmedabad,727,485,242,868,226,2,10,20,16,87.5,Acquisition,22,33.29,No
LA107741,Ahmedabad,253,217,36,340,163,7,5,12,16,89.2,Handover,30,14.23,No
LA107742,Kheda,587,332,255,413,70,2,9,80,8,77.5,Acquisition,0,43.44,No
LA107743,Patan,1273,1001,272,936,450,7,15,0,16,90.8,Acquisition,6,21.37,No
LA107744,Anand,345,255,90,370,79,5,12,46,8,82.0,Acquisition,16,26.09,No
LA107745,Patan,287,251,36,376,99,8,9,3,6,93.3,Acquisition,2,12.54,No
LA107746,Anand,211,106,105,131,22,7,10,3,8,55.8,Objection,23,49.76,Yes
LA107747,Valsad,1235,1143,92,1625,752,3,4,0,19,90.7,Handover,10,7.45,No
LA107748,Junagadh,223,162,61,192,86,1,8,18,4,78.5,Acquisition,14,27.35,No
LA107749,Navsari,893,557,336,818,228,3,10,21,15,86.0,Acquisition,2,37.63,Yes
LA107750,Rajkot,1499,1217,282,1283,280,4,6,0,24,86.6,Handover,11,18.81,No
LA107751,Junagadh,981,761,220,1344,534,2,9,63,21,78.7,Acquisition,15,22.43,No
LA107752,Patan,648,512,136,433,177,6,4,23,5,85.8,Handover,17,20.99,No
LA107753,Navsari,350,297,53,373,129,2,10,6,7,83.6,Handover,35,15.14,No
LA107754,Navsari,52,33,19,36,13,1,8,2,4,73.3,Compensation,16,36.54,No
LA107755,Anand,275,201,74,381,207,3,6,35,13,85.8,Acquisition,0,26.91,Yes
LA107756,Morbi,1432,796,636,1816,1198,6,7,56,25,76.3,Acquisition,36,44.41,Yes
LA107757,Panchmahal,258,237,21,196,13,7,5,0,6,83.1,Handover,93,8.14,No
LA107758,Bhavnagar,78,53,25,64,9,4,5,0,8,89.6,Acquisition,51,32.05,No
LA107759,Jamnagar,1234,1018,216,1102,619,7,10,29,14,93.2,Handover,36,17.5,No
LA107760,Valsad,657,408,249,601,179,2,5,45,14,77.7,Acquisition,29,37.9,No
LA107761,Surat,568,231,337,730,171,6,9,36,15,67.1,Compensation,5,59.33,Yes
LA107762,Panchmahal,1091,846,245,1154,320,3,8,15,28,80.5,Acquisition,7,22.46,Yes
LA107763,Surat,808,681,127,756,38,4,9,69,13,90.2,Handover,41,15.72,No
LA107764,Anand,1377,680,697,1649,311,7,16,19,15,60.6,Compensation,6,50.62,Yes
LA107765,Junagadh,728,353,375,700,142,6,9,62,16,67.8,Compensation,10,51.51,Yes
LA107766,Sabarkantha,1084,672,412,721,127,2,14,0,10,69.2,Handover,37,38.01,No
LA107767,Navsari,1325,1035,290,857,135,5,7,36,17,91.5,Acquisition,0,21.89,No
LA107768,Amreli,722,512,210,609,156,1,9,44,11,78.1,Acquisition,23,29.09,Yes
LA107769,Kheda,462,379,83,505,218,3,9,0,11,79.5,Acquisition,17,17.97,No
LA107770,Valsad,1463,230,1233,982,324,8,12,10,11,54.4,Objection,31,84.28,Yes
LA107771,Amreli,379,252,127,396,116,5,7,6,5,69.4,Acquisition,14,33.51,No
LA107772,Banaskantha,107,105,2,85,41,5,5,12,7,91.8,Acquisition,36,1.87,Yes
LA107773,Bharuch,888,736,152,1044,209,6,5,5,26,77.7,Acquisition,6,17.12,No
LA107774,Mehsana,1481,1007,474,852,117,7,11,4,9,72.8,Compensation,0,32.01,No
LA107775,Gandhinagar,175,144,31,170,33,3,9,21,5,82.0,Acquisition,33,17.71,No
LA107776,Amreli,1282,708,574,765,189,6,6,22,14,76.0,Acquisition,19,44.77,No
LA107777,Bhavnagar,1254,887,367,1063,455,3,4,0,17,80.2,Acquisition,0,29.27,No
LA107778,Rajkot,1397,803,594,788,119,3,12,0,12,71.6,Objection,0,42.52,No
LA107779,Navsari,661,387,274,643,84,7,5,0,23,75.5,Acquisition,25,41.45,Yes
LA107780,Banaskantha,419,298,121,520,179,2,9,65,5,73.6,Acquisition,10,28.88,No
LA107781,Anand,793,635,158,508,169,5,7,6,6,92.7,Acquisition,18,19.92,No
LA107782,Patan,256,144,112,310,201,2,4,65,7,86.2,Acquisition,14,43.75,Yes
LA107783,Navsari,1272,320,952,1368,152,4,11,33,19,36.7,Notification,30,74.84,Yes
LA107784,Junagadh,1012,794,218,1016,401,3,7,16,10,89.7,Acquisition,12,21.54,No
LA107785,Anand,751,542,209,818,156,4,10,33,14,77.4,Compensation,51,27.83,Yes
LA107786,Kheda,798,402,396,680,356,3,12,48,12,67.5,Compensation,3,49.62,Yes
LA107787,Kheda,1083,389,694,1288,654,4,13,8,20,66.3,Objection,18,64.08,Yes
LA107788,Bharuch,809,447,362,1013,739,3,10,1,19,77.1,Compensation,5,44.75,Yes
LA107789,Jamnagar,1268,834,434,1586,682,8,8,18,22,86.2,Compensation,14,34.23,Yes
LA107790,Rajkot,1391,742,649,1102,565,4,8,44,11,75.9,Compensation,59,46.66,Yes
LA107791,Rajkot,1428,713,715,1626,638,4,8,44,29,68.5,Objection,10,50.07,Yes
LA107792,Gandhinagar,949,582,367,648,160,3,8,46,8,67.1,Compensation,0,38.67,No
LA107793,Patan,1127,345,782,1122,465,7,11,29,21,58.3,Notification,37,69.39,Yes
LA107794,Panchmahal,501,408,93,277,33,8,2,10,11,84.1,Handover,26,18.56,No
LA107795,Morbi,105,44,61,76,3,6,12,14,3,67.4,Objection,14,58.1,Yes
LA107796,Gandhinagar,630,252,378,705,259,11,13,17,14,57.7,Objection,51,60.0,Yes
LA107797,Amreli,1314,728,586,1757,817,5,12,46,27,68.7,Compensation,71,44.6,Yes
LA107798,Sabarkantha,243,110,133,144,77,1,5,110,3,61.7,Compensation,40,54.73,Yes
LA107799,Sabarkantha,841,666,175,885,308,6,6,77,16,84.4,Handover,10,20.81,Yes
LA107800,Bharuch,329,163,166,369,124,8,5,30,11,64.0,Objection,11,50.46,No
LA107801,Valsad,672,370,302,934,437,4,10,13,14,69.5,Acquisition,0,44.94,Yes
LA107802,Kheda,258,133,125,294,73,4,6,3,12,86.6,Acquisition,32,48.45,No
LA107803,Jamnagar,1116,751,365,717,274,6,9,18,10,75.6,Compensation,22,32.71,No
LA107804,Panchmahal,1225,895,330,836,27,4,4,38,8,67.3,Compensation,0,26.94,No
LA107805,Surat,1150,698,452,1291,69,3,10,38,15,77.7,Acquisition,41,39.3,No
LA107806,Kheda,1072,656,416,798,246,5,3,7,8,67.6,Acquisition,16,38.81,Yes
LA107807,Bharuch,391,262,129,542,132,3,5,2,8,86.6,Handover,55,32.99,No
LA107808,Valsad,819,577,242,1129,258,8,6,7,16,73.1,Compensation,52,29.55,Yes
LA107809,Banaskantha,202,130,72,284,73,3,5,84,11,71.7,Compensation,87,35.64,Yes
LA107810,Ahmedabad,593,317,276,482,313,6,14,31,10,70.0,Compensation,14,46.54,Yes
LA107811,Jamnagar,783,549,234,936,478,5,15,8,20,85.8,Handover,51,29.89,No
LA107812,Junagadh,1019,707,312,1169,750,1,9,31,17,75.2,Compensation,45,30.62,Yes
LA107813,Bhavnagar,190,100,90,111,83,3,4,17,6,65.4,Objection,0,47.37,Yes
LA107814,Patan,1229,634,595,970,182,4,11,30,11,76.1,Objection,45,48.41,Yes
LA107815,Anand,715,203,512,526,125,5,7,4,9,57.6,Objection,0,71.61,Yes
LA107816,Patan,1328,941,387,1174,234,5,7,30,19,77.1,Compensation,5,29.14,No
LA107817,Mehsana,815,562,253,1147,179,5,11,104,15,87.7,Acquisition,0,31.04,Yes
LA107818,Morbi,843,566,277,1105,445,11,10,12,25,78.8,Acquisition,71,32.86,Yes
LA107819,Ahmedabad,1054,656,398,858,460,12,7,31,15,69.2,Objection,11,37.76,Yes
LA107820,Mehsana,1239,799,440,1272,264,3,5,21,17,87.7,Handover,0,35.51,No
LA107821,Anand,278,197,81,201,49,2,10,21,9,91.8,Acquisition,35,29.14,No
LA107822,Bhavnagar,791,713,78,633,199,3,2,8,12,85.3,Handover,22,9.86,No
LA107823,Navsari,93,56,37,57,14,3,5,78,3,76.7,Compensation,11,39.78,Yes
LA107824,Ahmedabad,738,648,90,833,177,5,11,45,12,88.7,Handover,71,12.2,No
LA107825,Rajkot,1230,1047,183,1404,210,6,9,25,16,72.6,Acquisition,9,14.88,No
LA107826,Patan,1305,956,349,1703,262,11,10,0,33,82.5,Acquisition,66,26.74,Yes
LA107827,Sabarkantha,461,246,215,615,86,8,11,47,12,74.4,Acquisition,25,46.64,Yes
LA107828,Sabarkantha,610,503,107,423,45,5,6,15,7,91.9,Handover,42,17.54,Yes
LA107829,Junagadh,850,584,266,1036,510,8,10,120,15,82.3,Compensation,0,31.29,Yes
LA107830,Mehsana,624,402,222,419,216,10,3,18,7,76.0,Acquisition,59,35.58,Yes
LA107831,Bharuch,308,194,114,273,139,4,10,43,8,68.7,Compensation,0,37.01,Yes
LA107832,Panchmahal,492,439,53,499,93,4,7,70,11,91.7,Handover,7,10.77,Yes
LA107833,Sabarkantha,636,325,311,378,146,4,10,10,11,82.7,Acquisition,1,48.9,Yes
LA107834,Bharuch,802,656,146,554,342,2,4,9,11,81.6,Compensation,34,18.2,Yes
LA107835,Amreli,1385,1001,384,1100,643,6,13,100,19,81.3,Handover,21,27.73,Yes
LA107836,Banaskantha,840,581,259,558,62,4,12,27,12,86.2,Acquisition,105,30.83,Yes
LA107837,Jamnagar,611,412,199,850,99,5,4,65,15,72.7,Acquisition,33,32.57,Yes
LA107838,Kheda,1008,578,430,816,380,4,18,25,8,79.7,Acquisition,15,42.66,No
LA107839,Navsari,1171,781,390,1172,622,6,8,24,16,87.9,Acquisition,0,33.3,No
LA107840,Gandhinagar,674,371,303,975,418,8,13,0,25,58.3,Compensation,4,44.96,Yes
LA107841,Banaskantha,759,395,364,805,288,3,6,30,13,64.7,Compensation,68,47.96,Yes
LA107842,Amreli,366,326,40,337,126,4,8,93,9,84.9,Handover,7,10.93,No
LA107843,Vadodara,1304,735,569,1808,1044,5,7,17,39,75.5,Acquisition,28,43.63,Yes
LA107844,Navsari,1307,871,436,981,38,9,11,149,12,76.0,Acquisition,10,33.36,Yes
LA107845,Navsari,303,174,129,216,77,3,5,20,5,66.7,Compensation,5,42.57,No
LA107846,Gandhinagar,552,405,147,570,165,3,8,23,7,81.0,Acquisition,5,26.63,No
LA107847,Mehsana,444,291,153,415,235,2,13,14,6,72.0,Compensation,30,34.46,Yes
LA107848,Patan,1389,1025,364,1760,513,8,9,36,26,81.0,Handover,99,26.21,Yes
LA107849,Valsad,144,117,27,85,38,4,10,59,5,91.6,Handover,23,18.75,No
LA107850,Valsad,350,211,139,387,104,5,6,17,14,90.6,Acquisition,16,39.71,No
LA107851,Kheda,506,429,77,602,79,3,11,23,10,87.4,Compensation,30,15.22,No
LA107852,Sabarkantha,862,348,514,1228,332,5,8,29,19,76.3,Compensation,32,59.63,No
LA107853,Patan,411,220,191,280,39,2,12,36,8,78.0,Acquisition,0,46.47,Yes
LA107854,Surat,828,257,571,639,429,2,12,60,18,52.5,Objection,0,68.96,Yes
LA107855,Mehsana,1134,890,244,1575,510,6,5,41,18,81.2,Handover,24,21.52,No
LA107856,Valsad,1252,651,601,1399,248,9,10,0,19,67.3,Compensation,48,48.0,Yes
LA107857,Vadodara,193,185,8,113,23,6,7,0,5,88.3,Handover,39,4.15,No
LA107858,Amreli,251,120,131,156,21,3,8,21,7,74.2,Acquisition,17,52.19,No
LA107859,Surat,188,123,65,236,42,0,6,63,5,87.5,Acquisition,0,34.57,No
LA107860,Navsari,1370,682,688,1453,757,6,14,0,18,83.8,Compensation,26,50.22,Yes
LA107861,Sabarkantha,996,580,416,1055,156,6,5,7,11,81.4,Compensation,55,41.77,No
LA107862,Bharuch,821,446,375,1102,830,4,9,48,24,73.2,Compensation,34,45.68,Yes
LA107863,Vadodara,1197,817,380,918,48,3,6,51,20,66.7,Compensation,63,31.75,Yes
LA107864,Navsari,900,548,352,625,420,4,11,42,16,63.8,Acquisition,73,39.11,Yes
LA107865,Ahmedabad,391,239,152,431,81,2,9,8,8,71.4,Compensation,31,38.87,No
LA107866,Amreli,790,461,329,1062,186,7,12,25,24,73.9,Compensation,23,41.65,Yes
LA107867,Mehsana,1070,826,244,844,429,2,6,107,12,81.3,Compensation,80,22.8,Yes
LA107868,Jamnagar,102,69,33,119,21,3,9,60,7,67.9,Compensation,56,32.35,No
LA107869,Anand,929,598,331,638,158,6,8,23,6,82.5,Acquisition,38,35.63,No
LA107870,Panchmahal,771,540,231,543,92,6,12,5,12,86.8,Acquisition,52,29.96,No
LA107871,Gandhinagar,150,68,82,204,95,1,5,0,5,63.2,Compensation,14,54.67,No
LA107872,Jamnagar,432,257,175,283,48,3,10,11,9,88.0,Acquisition,18,40.51,No
LA107873,Sabarkantha,700,487,213,400,107,2,11,39,11,70.2,Compensation,38,30.43,Yes
LA107874,Jamnagar,547,414,133,682,52,1,4,22,11,92.3,Acquisition,61,24.31,No
LA107875,Vadodara,470,216,254,412,77,3,5,43,8,62.4,Compensation,0,54.04,Yes
LA107876,Jamnagar,991,752,239,899,61,1,9,12,16,73.8,Acquisition,30,24.12,No
LA107877,Vadodara,636,365,271,808,244,5,8,8,10,75.1,Compensation,0,42.61,No
LA107878,Patan,772,501,271,550,244,3,13,18,13,65.5,Compensation,11,35.1,No
LA107879,Junagadh,1208,546,662,1371,315,4,11,35,18,75.0,Compensation,29,54.8,Yes
LA107880,Surat,185,142,43,154,89,4,11,18,8,82.8,Handover,5,23.24,No
LA107881,Amreli,572,334,238,368,106,3,6,18,6,75.1,Acquisition,0,41.61,No
LA107882,Bharuch,155,65,90,181,29,1,7,13,5,70.3,Objection,0,58.06,No
LA107883,Bharuch,1395,566,829,1167,366,6,14,48,19,65.2,Compensation,28,59.43,Yes
LA107884,Banaskantha,319,191,128,424,63,5,11,22,10,71.1,Compensation,22,40.13,No
LA107885,Rajkot,1239,671,568,1706,372,7,9,8,22,76.0,Compensation,1,45.84,No
LA107886,Panchmahal,326,174,152,428,123,4,11,7,7,63.0,Compensation,9,46.63,Yes
LA107887,Jamnagar,520,341,179,437,122,4,13,59,6,84.4,Acquisition,9,34.42,No
LA107888,Mehsana,932,463,469,711,70,8,11,80,10,77.9,Compensation,0,50.32,Yes
LA107889,Valsad,1256,1112,144,1700,116,7,16,4,20,89.8,Handover,0,11.46,No
LA107890,Banaskantha,308,182,126,295,136,8,8,65,6,69.1,Compensation,15,40.91,Yes
LA107891,Mehsana,359,101,258,426,116,4,8,14,9,60.0,Objection,33,71.87,Yes
LA107892,Surat,1329,1068,261,1720,505,8,8,25,29,85.2,Handover,40,19.64,Yes
LA107893,Surat,517,387,130,414,10,5,6,30,7,85.1,Acquisition,51,25.15,No
LA107894,Surat,354,122,232,233,24,2,6,56,8,53.1,Objection,0,65.54,Yes
LA107895,Navsari,1128,760,368,1255,516,6,3,76,23,82.9,Acquisition,33,32.62,Yes
LA107896,Ahmedabad,182,112,70,197,75,2,5,25,9,61.8,Compensation,0,38.46,No
LA107897,Vadodara,1307,998,309,1037,306,8,7,38,18,84.6,Acquisition,0,23.64,No
LA107898,Rajkot,1320,1169,151,1421,251,6,10,20,29,86.0,Handover,49,11.44,No
LA107899,Panchmahal,1292,1110,182,1630,222,7,11,28,23,91.9,Handover,65,14.09,No
LA107900,Kheda,478,263,215,413,92,7,14,55,8,65.9,Compensation,1,44.98,No
LA107901,Amreli,215,112,103,165,14,5,10,67,6,72.1,Acquisition,0,47.91,No
LA107902,Valsad,667,346,321,802,52,3,9,3,10,63.7,Compensation,0,48.13,No
LA107903,Surat,535,412,123,673,71,5,5,16,10,78.7,Acquisition,4,22.99,No
LA107904,Amreli,1441,976,465,2030,983,4,13,49,23,78.9,Handover,0,32.27,Yes
LA107905,Gandhinagar,966,805,161,660,510,0,6,4,6,76.2,Acquisition,0,16.67,No
LA107906,Gandhinagar,1420,1266,154,1917,698,7,11,20,34,89.9,Acquisition,38,10.85,No
LA107907,Anand,1139,423,716,1411,623,8,14,7,24,62.6,Objection,58,62.86,Yes
LA107908,Vadodara,1087,436,651,1285,460,6,8,28,10,58.8,Objection,41,59.89,Yes
LA107909,Sabarkantha,212,167,45,176,74,1,12,51,6,83.6,Acquisition,9,21.23,Yes
LA107910,Navsari,150,88,62,85,8,4,11,30,6,85.4,Acquisition,0,41.33,No
LA107911,Bharuch,117,84,33,118,41,4,9,5,5,84.4,Acquisition,4,28.21,No
LA107912,Amreli,910,550,360,735,135,7,13,44,15,81.5,Acquisition,39,39.56,Yes
LA107913,Navsari,342,236,106,277,87,6,13,104,8,80.4,Compensation,0,30.99,Yes
LA107914,Patan,1485,993,492,2056,282,9,8,1,30,87.3,Acquisition,28,33.13,No
LA107915,Banaskantha,242,183,59,166,44,3,5,38,6,77.4,Acquisition,26,24.38,Yes
LA107916,Sabarkantha,1423,989,434,1979,208,5,13,68,33,85.9,Acquisition,19,30.5,Yes
LA107917,Amreli,1018,686,332,1021,334,5,11,10,9,73.2,Acquisition,9,32.61,No
LA107918,Surat,203,92,111,265,69,4,7,31,8,73.0,Compensation,10,54.68,No
LA107919,Valsad,134,59,75,108,17,6,9,22,4,60.6,Compensation,33,55.97,No
LA107920,Bharuch,624,429,195,699,141,5,14,21,10,92.2,Handover,39,31.25,No
LA107921,Rajkot,541,365,176,569,102,4,13,0,14,68.4,Handover,0,32.53,Yes
LA107922,Bharuch,507,306,201,701,292,9,6,10,17,80.0,Compensation,11,39.64,Yes
LA107923,Vadodara,816,629,187,580,205,3,12,29,13,89.0,Acquisition,28,22.92,Yes
LA107924,Vadodara,238,140,98,175,25,2,9,14,8,68.1,Objection,6,41.18,Yes
LA107925,Anand,237,170,67,333,64,2,6,40,8,90.0,Acquisition,0,28.27,No
LA107926,Junagadh,1058,559,499,675,232,4,7,7,8,77.0,Acquisition,44,47.16,No
LA107927,Surat,1486,791,695,1666,478,9,8,54,22,64.7,Compensation,28,46.77,Yes
LA107928,Rajkot,447,261,186,270,31,6,8,28,7,88.7,Acquisition,28,41.61,No
LA107929,Rajkot,1402,969,433,868,114,5,9,32,16,68.6,Acquisition,0,30.88,Yes
LA107930,Gandhinagar,550,311,239,598,308,5,12,7,19,70.6,Compensation,9,43.45,Yes
LA107931,Valsad,537,264,273,562,210,3,8,22,14,76.2,Objection,0,50.84,No
LA107932,Ahmedabad,181,130,51,193,91,1,3,9,4,85.6,Handover,0,28.18,Yes
LA107933,Panchmahal,664,513,151,648,238,7,8,6,8,83.1,Handover,0,22.74,No
LA107934,Bharuch,772,534,238,940,246,7,13,9,18,88.4,Acquisition,55,30.83,Yes
LA107935,Anand,1013,653,360,1462,1139,7,17,53,13,94.4,Acquisition,35,35.54,Yes
LA107936,Patan,279,196,83,223,98,4,4,0,8,83.1,Acquisition,19,29.75,No
LA107937,Panchmahal,323,274,49,272,131,2,7,33,6,88.3,Handover,56,15.17,No
LA107938,Junagadh,676,509,167,568,213,8,9,41,6,84.4,Compensation,27,24.7,Yes
LA107939,Bhavnagar,151,90,61,187,63,2,6,78,6,68.6,Acquisition,1,40.4,Yes
LA107940,Bhavnagar,257,176,81,222,74,5,6,0,2,71.5,Acquisition,29,31.52,No
LA107941,Patan,962,940,22,1115,268,5,7,64,17,92.6,Handover,58,2.29,No
LA107942,Patan,1434,495,939,1364,459,9,12,24,15,73.9,Compensation,27,65.48,Yes
LA107943,Ahmedabad,881,574,307,966,69,4,6,37,25,89.4,Compensation,8,34.85,No
LA107944,Patan,260,154,106,337,99,4,5,4,6,70.2,Compensation,0,40.77,No
LA107945,Kheda,1487,1019,468,1506,378,8,12,40,24,77.8,Acquisition,54,31.47,Yes
LA107946,Gandhinagar,807,442,365,789,273,3,6,27,13,82.0,Handover,16,45.23,Yes
LA107947,Sabarkantha,1090,799,291,861,173,7,11,24,20,91.9,Acquisition,117,26.7,Yes
LA107948,Patan,335,211,124,340,114,1,12,0,10,59.6,Compensation,55,37.01,Yes
LA107949,Mehsana,889,560,329,699,262,1,9,7,11,78.5,Acquisition,2,37.01,No
LA107950,Junagadh,160,107,53,209,158,4,8,0,8,76.7,Compensation,56,33.12,Yes
LA107951,Surat,957,907,50,861,379,4,6,0,18,88.0,Acquisition,47,5.22,No
LA107952,Junagadh,343,160,183,229,116,5,9,6,7,59.6,Objection,12,53.35,Yes
LA107953,Jamnagar,1369,855,514,1049,545,2,9,30,20,67.6,Acquisition,21,37.55,Yes
LA107954,Bhavnagar,129,110,19,133,33,1,2,0,7,90.4,Handover,0,14.73,No
LA107955,Rajkot,996,634,362,1369,469,3,18,46,20,79.0,Acquisition,41,36.35,No
LA107956,Mehsana,252,194,58,207,45,5,7,32,3,91.8,Acquisition,28,23.02,No
LA107957,Junagadh,1047,834,213,825,374,1,5,35,17,79.7,Acquisition,1,20.34,No
LA107958,Rajkot,766,464,302,702,111,3,7,20,18,73.2,Acquisition,1,39.43,No
LA107959,Gandhinagar,1453,429,1024,2065,1009,4,18,10,28,53.9,Objection,72,70.47,Yes
LA107960,Navsari,995,482,513,1304,505,3,13,22,16,52.1,Objection,0,51.56,Yes
LA107961,Kheda,589,238,351,403,72,6,9,31,6,80.7,Objection,31,59.59,No
LA107962,Panchmahal,176,127,49,194,122,3,7,86,4,69.3,Compensation,51,27.84,Yes
LA107963,Navsari,914,666,248,1154,525,5,6,22,19,86.0,Compensation,28,27.13,Yes
LA107964,Patan,689,510,179,855,198,4,10,32,10,85.3,Acquisition,19,25.98,No
LA107965,Anand,126,55,71,125,39,4,8,1,6,56.7,Objection,17,56.35,No
LA107966,Ahmedabad,893,800,93,1079,465,5,4,12,18,87.5,Handover,17,10.41,No
LA107967,Patan,354,157,197,381,103,7,13,23,6,56.7,Compensation,9,55.65,Yes
LA107968,Bharuch,389,195,194,284,137,4,10,67,8,63.7,Compensation,18,49.87,Yes
LA107969,Junagadh,62,39,23,37,27,3,5,18,0,83.3,Compensation,1,37.1,No
LA107970,Navsari,589,328,261,520,136,9,9,0,7,75.2,Compensation,3,44.31,No
LA107971,Mehsana,366,238,128,222,7,3,3,65,10,71.4,Compensation,0,34.97,No
LA107972,Bharuch,154,96,58,139,29,6,8,52,4,72.6,Acquisition,1,37.66,No
LA107973,Surat,680,606,74,881,261,8,7,34,14,83.8,Handover,32,10.88,No
LA107974,Kheda,369,237,132,483,83,4,10,9,9,84.0,Acquisition,41,35.77,Yes
LA107975,Gandhinagar,244,140,104,142,53,3,12,33,4,80.9,Acquisition,31,42.62,Yes
LA107976,Ahmedabad,727,425,302,445,172,1,3,25,15,68.4,Compensation,11,41.54,Yes
LA107977,Junagadh,141,92,49,163,40,2,8,0,3,77.9,Acquisition,41,34.75,No
LA107978,Sabarkantha,1487,588,899,1487,599,9,14,11,29,64.8,Objection,0,60.46,Yes
LA107979,Vadodara,733,524,209,502,95,3,7,13,11,87.8,Acquisition,0,28.51,Yes
LA107980,Surat,1495,1044,451,1906,329,9,7,12,29,75.1,Compensation,39,30.17,Yes
LA107981,Amreli,1328,798,530,989,592,5,11,59,11,84.7,Acquisition,33,39.91,Yes
LA107982,Jamnagar,1471,711,760,913,484,0,14,65,13,72.3,Compensation,13,51.67,No
LA107983,Amreli,837,313,524,1025,185,9,12,19,11,58.5,Objection,5,62.6,Yes
LA107984,Morbi,663,248,415,728,68,4,15,10,18,58.3,Compensation,13,62.59,Yes
LA107985,Rajkot,1094,866,228,990,187,5,12,0,15,82.8,Acquisition,15,20.84,No
LA107986,Panchmahal,167,97,70,196,79,0,11,7,5,75.9,Acquisition,53,41.92,Yes
LA107987,Ahmedabad,1269,1185,84,1739,721,6,9,13,21,88.2,Handover,39,6.62,No
LA107988,Valsad,519,308,211,301,66,1,9,0,7,81.5,Acquisition,1,40.66,No
LA107989,Anand,60,43,17,67,45,4,9,0,7,80.4,Handover,20,28.33,No
LA107990,Panchmahal,394,187,207,294,125,4,9,9,7,61.4,Objection,2,52.54,Yes
LA107991,Anand,401,232,169,392,214,4,7,33,17,70.5,Compensation,20,42.14,Yes
LA107992,Panchmahal,70,35,35,65,9,6,5,36,4,86.4,Compensation,13,50.0,Yes
LA107993,Banaskantha,1020,557,463,919,392,6,10,8,7,77.7,Acquisition,36,45.39,No
LA107994,Panchmahal,188,111,77,136,56,3,11,0,3,73.1,Compensation,6,40.96,No
LA107995,Rajkot,1278,215,1063,1626,389,4,12,33,26,51.1,Objection,0,83.18,Yes
LA107996,Amreli,707,166,541,630,157,6,5,8,9,65.9,Notification,24,76.52,No
LA107997,Patan,1092,675,417,1473,353,3,10,39,19,85.5,Compensation,0,38.19,Yes
LA107998,Kheda,542,398,144,471,10,4,3,0,5,81.8,Acquisition,30,26.57,No
LA107999,Navsari,241,173,68,315,132,2,6,47,7,78.9,Acquisition,23,28.22,No
LA108000,Ahmedabad,311,159,152,323,50,4,4,25,6,75.7,Compensation,30,48.87,Yes
LA108001,Banaskantha,987,619,368,885,283,5,7,12,19,76.9,Acquisition,64,37.28,Yes
LA108002,Morbi,1089,841,248,1289,237,6,10,19,14,84.4,Acquisition,0,22.77,No
LA108003,Navsari,438,389,49,551,205,2,11,62,16,86.7,Handover,16,11.19,Yes
LA108004,Mehsana,568,520,48,559,280,5,6,3,11,89.7,Handover,18,8.45,No
LA108005,Junagadh,1421,902,519,1326,397,9,7,15,28,67.4,Acquisition,3,36.52,Yes
LA108006,Banaskantha,1286,672,614,1376,233,11,14,36,21,70.4,Acquisition,43,47.74,Yes
LA108007,Ahmedabad,649,442,207,699,257,6,7,31,9,80.4,Acquisition,10,31.9,No
LA108008,Navsari,399,212,187,372,173,5,4,69,10,65.7,Compensation,28,46.87,Yes
LA108009,Surat,487,214,273,600,231,3,11,0,11,59.9,Compensation,12,56.06,Yes
LA108010,Anand,831,406,425,756,66,2,15,42,14,75.0,Compensation,0,51.14,No
LA108011,Panchmahal,872,608,264,835,240,7,10,16,12,68.3,Acquisition,25,30.28,No
LA108012,Kheda,317,239,78,347,42,4,7,17,7,82.7,Acquisition,25,24.61,No
LA108013,Surat,145,123,22,209,42,4,6,53,10,87.5,Handover,0,15.17,Yes
LA108014,Vadodara,768,568,200,603,341,3,6,27,11,79.3,Compensation,10,26.04,No
LA108015,Bharuch,1207,865,342,916,282,5,7,13,12,87.2,Acquisition,9,28.33,No
LA108016,Kheda,271,133,138,192,22,1,7,41,6,76.4,Acquisition,0,50.92,No
LA108017,Kheda,642,420,222,751,147,2,15,7,12,70.6,Acquisition,63,34.58,No
LA108018,Valsad,284,242,42,271,81,3,4,20,9,89.4,Acquisition,11,14.79,No
LA108019,Mehsana,401,241,160,361,25,5,9,101,6,70.0,Compensation,4,39.9,Yes
LA108020,Ahmedabad,938,658,280,688,294,2,6,4,11,62.2,Acquisition,0,29.85,Yes
LA108021,Vadodara,465,288,177,629,167,3,13,9,14,79.5,Acquisition,3,38.06,No
LA108022,Morbi,432,280,152,410,191,2,12,26,8,79.8,Acquisition,41,35.19,Yes
LA108023,Ahmedabad,1494,1021,473,1639,330,5,7,61,18,78.3,Compensation,6,31.66,No
LA108024,Sabarkantha,300,217,83,195,89,5,12,4,10,88.3,Acquisition,33,27.67,No
LA108025,Jamnagar,324,213,111,210,100,3,10,8,8,80.0,Acquisition,3,34.26,Yes
LA108026,Mehsana,1399,1139,260,854,417,5,9,30,11,82.7,Acquisition,75,18.58,Yes
LA108027,Jamnagar,848,535,313,747,216,4,9,32,9,81.3,Acquisition,59,36.91,No
LA108028,Rajkot,112,63,49,109,79,1,10,63,5,74.7,Compensation,0,43.75,Yes
LA108029,Patan,666,381,285,513,79,3,6,9,9,64.7,Compensation,27,42.79,Yes
LA108030,Gandhinagar,870,513,357,752,214,5,6,46,17,83.7,Compensation,0,41.03,Yes
LA108031,Amreli,417,218,199,232,80,2,6,25,6,66.2,Compensation,0,47.72,No
LA108032,Sabarkantha,845,595,250,732,486,1,7,22,12,83.3,Acquisition,18,29.59,No
LA108033,Bharuch,990,808,182,651,297,4,8,17,10,86.6,Acquisition,15,18.38,No
LA108034,Ahmedabad,413,366,47,275,72,2,8,17,8,91.3,Handover,21,11.38,No
LA108035,Banaskantha,1228,840,388,680,220,2,6,1,13,81.7,Compensation,11,31.6,No
LA108036,Kheda,706,488,218,831,221,4,5,85,10,81.7,Acquisition,7,30.88,No
LA108037,Rajkot,1447,1118,329,2009,564,5,6,14,40,88.7,Handover,1,22.74,No
LA108038,Vadodara,177,108,69,196,11,1,5,0,5,76.2,Acquisition,20,38.98,No
LA108039,Navsari,520,424,96,331,10,10,11,19,7,80.4,Handover,4,18.46,No
LA108040,Anand,1096,518,578,1579,866,7,10,19,22,56.3,Compensation,18,52.74,Yes
LA108041,Panchmahal,1348,1195,153,1925,1190,4,3,7,16,87.2,Handover,10,11.35,Yes
LA108042,Bharuch,371,103,268,360,48,5,9,26,11,51.1,Notification,88,72.24,Yes
LA108043,Bhavnagar,1472,1194,278,953,111,5,10,92,20,80.4,Handover,33,18.89,Yes
LA108044,Junagadh,330,219,111,396,86,3,15,7,8,77.4,Acquisition,14,33.64,Yes
LA108045,Gandhinagar,653,502,151,924,184,1,3,2,22,81.8,Handover,25,23.12,No
LA108046,Mehsana,506,88,418,633,318,2,2,22,9,51.1,Notification,0,82.61,Yes
LA108047,Navsari,665,387,278,739,467,1,9,5,14,56.0,Compensation,36,41.8,Yes
LA108048,Mehsana,1359,1057,302,1495,574,0,8,20,19,84.8,Handover,6,22.22,No
LA108049,Vadodara,1112,1080,32,1590,410,6,7,1,9,89.5,Acquisition,0,2.88,No
LA108050,Valsad,1205,819,386,742,171,5,0,7,18,69.7,Acquisition,35,32.03,No
LA108051,Amreli,418,194,224,286,183,1,9,30,8,78.9,Objection,0,53.59,Yes
LA108052,Bharuch,1423,920,503,1847,468,9,12,0,28,62.9,Compensation,53,35.35,No
LA108053,Bharuch,681,569,112,463,180,6,10,21,10,92.4,Acquisition,24,16.45,No
LA108054,Banaskantha,995,761,234,890,433,7,13,28,17,81.8,Acquisition,32,23.52,Yes
LA108055,Navsari,1062,887,175,853,588,1,3,26,12,89.1,Handover,33,16.48,No
LA108056,Kheda,1011,808,203,778,171,5,10,3,16,91.7,Handover,6,20.08,No
LA108057,Kheda,923,702,221,529,63,3,16,8,12,90.9,Acquisition,43,23.94,No
LA108058,Amreli,746,595,151,790,119,5,6,16,14,84.2,Handover,1,20.24,No
LA108059,Gandhinagar,989,629,360,901,202,3,10,3,13,83.5,Compensation,59,36.4,Yes
LA108060,Bhavnagar,1363,1061,302,1426,692,2,11,29,21,88.6,Acquisition,58,22.16,Yes
LA108061,Bhavnagar,615,453,162,507,377,4,10,5,12,72.3,Compensation,27,26.34,No
LA108062,Junagadh,791,511,280,1105,558,8,11,31,14,87.9,Acquisition,4,35.4,Yes
LA108063,Rajkot,311,194,117,337,205,4,5,63,5,76.7,Acquisition,8,37.62,Yes
LA108064,Kheda,565,343,222,800,38,5,6,8,9,62.5,Acquisition,0,39.29,No
LA108065,Sabarkantha,1170,796,374,1012,163,4,8,8,24,87.4,Compensation,31,31.97,No
LA108066,Surat,979,368,611,540,188,4,6,12,12,69.5,Compensation,2,62.41,Yes
LA108067,Mehsana,356,79,277,446,213,4,4,20,15,56.1,Notification,0,77.81,Yes
LA108068,Jamnagar,842,409,433,1090,299,5,8,21,15,66.4,Compensation,13,51.43,Yes
LA108069,Rajkot,1228,1107,121,740,362,2,4,40,18,84.7,Acquisition,109,9.85,No
LA108070,Panchmahal,229,86,143,255,150,1,10,37,3,58.9,Objection,2,62.45,Yes
LA108071,Bhavnagar,139,54,85,159,37,4,7,4,2,55.7,Objection,0,61.15,No
LA108072,Sabarkantha,619,313,306,422,116,5,8,21,8,63.4,Objection,7,49.43,No
LA108073,Vadodara,1002,694,308,1049,316,5,5,11,15,70.9,Acquisition,30,30.74,Yes
LA108074,Jamnagar,504,282,222,388,142,6,8,20,9,61.1,Objection,19,44.05,No
LA108075,Sabarkantha,1241,957,284,701,282,3,4,63,17,89.6,Acquisition,8,22.88,No
LA108076,Valsad,1278,813,465,1700,490,5,10,16,24,70.4,Acquisition,36,36.38,Yes
LA108077,Junagadh,822,763,59,816,278,5,4,44,17,92.9,Acquisition,0,7.18,Yes
LA108078,Surat,599,362,237,751,188,3,9,23,17,88.0,Compensation,4,39.57,No
LA108079,Jamnagar,110,78,32,132,36,3,11,0,7,86.0,Acquisition,58,29.09,No
LA108080,Gandhinagar,1242,802,440,1794,617,7,13,8,24,87.7,Acquisition,12,35.43,Yes
LA108081,Mehsana,1349,842,507,1274,770,7,8,20,11,81.4,Acquisition,22,37.58,Yes
LA108082,Panchmahal,691,481,210,646,85,3,11,46,14,75.4,Compensation,13,30.39,No
LA108083,Panchmahal,799,363,436,642,252,4,7,57,13,70.2,Compensation,0,54.57,No
LA108084,Patan,1143,865,278,1272,489,5,6,50,22,65.8,Acquisition,0,24.32,No
LA108085,Amreli,1058,498,560,1045,336,4,19,78,15,54.7,Notification,35,52.93,Yes
LA108086,Morbi,246,177,69,297,127,4,10,39,5,88.7,Acquisition,15,28.05,No
LA108087,Bhavnagar,1025,601,424,893,258,10,12,0,19,72.5,Objection,0,41.37,No
LA108088,Jamnagar,1391,641,750,929,206,7,9,49,15,71.6,Objection,52,53.92,Yes
LA108089,Panchmahal,1139,537,602,1511,404,9,13,5,31,74.3,Compensation,22,52.85,Yes
LA108090,Panchmahal,747,541,206,968,274,3,5,0,18,87.4,Acquisition,48,27.58,No
LA108091,Bharuch,809,367,442,701,192,6,8,45,15,47.2,Notification,0,54.64,Yes
LA108092,Surat,426,222,204,499,75,4,11,49,11,78.3,Objection,0,47.89,No
LA108093,Morbi,1008,789,219,1001,584,4,10,4,19,78.0,Compensation,49,21.73,No
LA108094,Bharuch,400,157,243,494,65,8,9,0,10,55.3,Compensation,22,60.75,Yes
LA108095,Banaskantha,546,340,206,492,66,6,7,55,14,72.4,Acquisition,13,37.73,Yes
LA108096,Patan,434,289,145,448,32,0,5,70,5,77.9,Compensation,48,33.41,Yes
LA108097,Mehsana,536,432,104,323,137,6,10,12,6,84.4,Acquisition,28,19.4,Yes
LA108098,Anand,582,509,73,412,78,4,5,14,10,87.6,Handover,16,12.54,No
LA108099,Bharuch,170,95,75,213,109,5,13,16,6,70.6,Compensation,13,44.12,No
LA108100,Morbi,1091,835,256,975,446,7,8,14,18,83.0,Acquisition,21,23.46,No
LA108101,Gandhinagar,689,341,348,401,136,5,19,19,8,51.1,Compensation,66,50.51,Yes
LA108102,Gandhinagar,1427,722,705,1000,256,1,11,0,6,56.5,Compensation,41,49.4,No
LA108103,Sabarkantha,312,156,156,287,83,7,4,57,7,67.2,Objection,24,50.0,Yes
LA108104,Surat,1020,441,579,1220,376,2,12,12,24,59.0,Compensation,10,56.76,Yes
LA108105,Banaskantha,310,151,159,272,72,4,8,5,10,71.4,Objection,22,51.29,Yes
LA108106,Gandhinagar,843,717,126,1029,209,2,10,26,17,78.8,Acquisition,32,14.95,No
LA108107,Ahmedabad,762,645,117,1008,411,5,5,29,17,92.3,Handover,18,15.35,Yes
LA108108,Kheda,700,252,448,600,128,6,15,29,11,63.4,Objection,12,64.0,Yes
LA108109,Navsari,999,576,423,1269,383,4,17,17,20,78.1,Acquisition,7,42.34,Yes
LA108110,Vadodara,1251,331,920,831,404,6,9,3,14,43.3,Notification,26,73.54,No
LA108111,Panchmahal,509,353,156,470,288,0,12,33,5,68.9,Compensation,0,30.65,Yes
LA108112,Rajkot,1282,932,350,818,210,8,6,0,11,85.9,Handover,0,27.3,No
LA108113,Anand,318,143,175,190,54,3,9,7,3,53.3,Objection,41,55.03,No
LA108114,Bhavnagar,475,284,191,289,83,2,11,22,15,78.9,Acquisition,73,40.21,Yes
LA108115,Valsad,500,331,169,322,157,6,8,20,9,72.3,Compensation,20,33.8,Yes
LA108116,Valsad,1433,1216,217,1866,310,7,9,30,33,83.4,Acquisition,33,15.14,No
LA108117,Bhavnagar,222,178,44,231,44,3,6,0,3,83.8,Acquisition,19,19.82,No
LA108118,Mehsana,623,337,286,874,474,5,10,24,8,89.7,Compensation,8,45.91,Yes
LA108119,Kheda,665,479,186,688,246,1,8,13,8,84.9,Acquisition,32,27.97,Yes
LA108120,Panchmahal,1210,814,396,1350,545,6,7,6,18,88.9,Acquisition,36,32.73,No
LA108121,Amreli,755,541,214,541,117,8,10,8,5,77.1,Compensation,37,28.34,No
LA108122,Anand,1452,793,659,1505,352,4,12,12,25,67.0,Compensation,4,45.39,No
LA108123,Navsari,1124,727,397,1008,209,2,8,4,18,61.2,Compensation,1,35.32,Yes
LA108124,Ahmedabad,1071,680,391,1487,213,4,8,0,24,78.8,Compensation,16,36.51,No
LA108125,Amreli,1142,705,437,1588,299,6,13,4,25,73.5,Acquisition,18,38.27,Yes
LA108126,Panchmahal,284,125,159,207,45,2,2,0,4,59.0,Objection,4,55.99,No
LA108127,Sabarkantha,701,579,122,777,443,3,10,0,11,86.6,Handover,66,17.4,No
LA108128,Valsad,900,348,552,1012,163,4,6,10,14,61.9,Objection,7,61.33,No
LA108129,Junagadh,352,178,174,372,140,4,7,78,10,73.1,Compensation,0,49.43,Yes
LA108130,Navsari,222,156,66,147,64,4,8,78,6,87.2,Compensation,0,29.73,Yes
LA108131,Panchmahal,246,137,109,280,96,5,7,0,9,63.2,Compensation,67,44.31,Yes
LA108132,Surat,1195,1073,122,1517,343,11,6,9,22,90.3,Handover,0,10.21,No
LA108133,Rajkot,1003,721,282,863,238,10,10,128,14,84.3,Acquisition,7,28.12,Yes
LA108134,Gandhinagar,458,334,124,464,70,3,6,0,7,78.9,Compensation,100,27.07,Yes
LA108135,Amreli,1119,599,520,733,81,2,8,0,13,62.0,Objection,18,46.47,No
LA108136,Kheda,1058,670,388,1468,328,4,14,8,21,76.1,Compensation,20,36.67,Yes
LA108137,Ahmedabad,1234,708,526,800,46,1,11,5,9,70.9,Compensation,3,42.63,No
LA108138,Mehsana,1370,942,428,1010,329,5,10,11,12,73.6,Compensation,5,31.24,No
LA108139,Amreli,1330,866,464,1089,378,9,9,16,15,59.7,Compensation,31,34.89,Yes
LA108140,Jamnagar,312,187,125,403,16,6,9,0,13,63.6,Compensation,109,40.06,No
LA108141,Navsari,1166,941,225,1377,726,8,12,0,11,80.5,Compensation,24,19.3,No
LA108142,Bharuch,620,489,131,345,123,5,10,2,8,71.2,Handover,17,21.13,No
LA108143,Patan,634,205,429,453,136,2,15,54,17,53.6,Notification,57,67.67,Yes
LA108144,Jamnagar,988,830,158,1210,544,6,8,26,25,88.1,Handover,41,15.99,Yes
LA108145,Jamnagar,923,778,145,843,358,5,5,9,13,81.5,Acquisition,42,15.71,No
LA108146,Jamnagar,658,524,134,377,103,2,4,25,5,81.9,Handover,46,20.36,No
LA108147,Kheda,1500,1039,461,2126,588,14,10,44,30,86.5,Acquisition,18,30.73,Yes
LA108148,Valsad,303,148,155,208,82,2,8,17,7,69.6,Compensation,6,51.16,No
LA108149,Amreli,190,169,21,192,8,2,4,69,10,84.3,Acquisition,30,11.05,No
LA108150,Bhavnagar,92,62,30,71,15,7,8,24,5,75.6,Acquisition,16,32.61,No
LA108151,Anand,1231,1006,225,1494,512,10,11,1,25,89.6,Acquisition,24,18.28,No
LA108152,Kheda,639,418,221,798,265,3,10,59,16,77.3,Acquisition,13,34.59,Yes
LA108153,Ahmedabad,684,599,85,621,188,2,10,13,8,84.0,Handover,1,12.43,No
LA108154,Gandhinagar,992,639,353,1133,470,7,10,57,25,67.7,Acquisition,20,35.58,Yes
LA108155,Patan,681,343,338,932,456,3,7,1,22,65.5,Compensation,1,49.63,Yes
LA108156,Anand,882,619,263,1132,333,4,6,184,21,73.5,Acquisition,48,29.82,Yes
LA108157,Gandhinagar,134,73,61,124,38,8,2,0,4,65.7,Compensation,0,45.52,Yes
LA108158,Morbi,276,172,104,261,126,4,3,0,9,66.8,Compensation,21,37.68,No
LA108159,Rajkot,1402,1148,254,1890,911,6,8,20,25,80.2,Acquisition,2,18.12,No
LA108160,Rajkot,703,574,129,408,35,2,5,107,3,81.1,Acquisition,15,18.35,Yes
LA108161,Kheda,292,183,109,167,18,2,3,25,7,90.9,Acquisition,7,37.33,No
LA108162,Bhavnagar,586,495,91,431,65,4,4,7,12,90.2,Acquisition,1,15.53,No
LA108163,Anand,535,288,247,693,85,5,8,44,11,53.4,Compensation,9,46.17,Yes
LA108164,Bharuch,447,304,143,307,61,6,12,30,11,86.5,Compensation,21,31.99,No
LA108165,Jamnagar,476,461,15,384,169,1,5,13,2,88.1,Handover,28,3.15,No
LA108166,Navsari,1108,693,415,1237,317,6,9,0,14,69.2,Acquisition,0,37.45,No
LA108167,Anand,204,175,29,146,23,5,2,1,8,87.2,Acquisition,3,14.22,No
LA108168,Amreli,499,411,88,411,166,5,6,0,10,84.2,Acquisition,47,17.64,No
LA108169,Banaskantha,728,434,294,706,136,4,4,46,16,84.5,Acquisition,17,40.38,Yes
LA108170,Rajkot,833,487,346,629,28,4,11,4,10,62.0,Compensation,41,41.54,No
LA108171,Kheda,1327,1007,320,1915,257,6,11,7,15,82.6,Handover,54,24.11,No
LA108172,Rajkot,1389,579,810,968,287,5,9,94,14,59.9,Compensation,5,58.32,Yes
LA108173,Navsari,481,456,25,632,402,1,5,14,9,89.5,Handover,37,5.2,No
LA108174,Jamnagar,832,464,368,810,528,8,7,0,14,86.0,Acquisition,4,44.23,Yes
LA108175,Junagadh,82,57,25,55,18,3,10,16,3,87.1,Handover,63,30.49,No
LA108176,Navsari,945,727,218,621,277,3,9,6,17,74.8,Acquisition,26,23.07,No
LA108177,Junagadh,271,230,41,271,98,4,10,22,4,86.1,Acquisition,15,15.13,No
LA108178,Jamnagar,156,93,63,135,70,2,8,13,5,77.4,Compensation,5,40.38,Yes
LA108179,Sabarkantha,1024,484,540,779,44,2,15,124,15,67.4,Compensation,17,52.73,Yes
LA108180,Ahmedabad,308,161,147,435,162,5,8,14,6,67.0,Compensation,31,47.73,No
LA108181,Bhavnagar,742,511,231,718,125,7,7,24,11,77.1,Acquisition,50,31.13,No
LA108182,Sabarkantha,196,90,106,272,34,3,15,2,7,63.0,Compensation,29,54.08,Yes
LA108183,Mehsana,1131,861,270,789,198,2,10,95,12,87.2,Handover,9,23.87,Yes
LA108184,Panchmahal,1159,747,412,829,148,5,4,4,19,74.9,Acquisition,22,35.55,No
LA108185,Rajkot,884,555,329,960,219,5,9,15,11,77.1,Compensation,22,37.22,Yes
LA108186,Banaskantha,1262,796,466,1001,372,5,11,37,16,78.4,Acquisition,10,36.93,Yes
LA108187,Bharuch,683,339,344,489,88,4,11,1,14,72.7,Objection,15,50.37,No
LA108188,Mehsana,320,263,57,203,91,3,6,10,8,91.8,Acquisition,18,17.81,No
LA108189,Vadodara,269,180,89,166,122,4,11,1,2,78.1,Acquisition,9,33.09,No
LA108190,Sabarkantha,368,242,126,452,301,1,5,117,8,85.3,Acquisition,21,34.24,Yes
LA108191,Amreli,340,261,79,273,93,5,5,0,4,84.1,Compensation,1,23.24,No
LA108192,Surat,518,381,137,741,242,6,5,4,19,73.0,Acquisition,0,26.45,No
LA108193,Vadodara,361,202,159,258,122,3,5,118,11,67.1,Acquisition,25,44.04,Yes
LA108194,Gandhinagar,907,672,235,788,348,2,7,46,11,80.4,Handover,32,25.91,No
LA108195,Vadodara,265,223,42,235,40,5,9,29,7,84.5,Acquisition,87,15.85,No
LA108196,Surat,952,434,518,952,126,5,6,33,13,58.5,Objection,40,54.41,Yes
LA108197,Amreli,534,315,219,712,120,4,9,54,13,62.3,Compensation,28,41.01,No
LA108198,Amreli,1046,509,537,1361,475,5,7,12,23,82.1,Compensation,1,51.34,Yes
LA108199,Patan,794,569,225,444,142,5,8,34,8,88.5,Acquisition,31,28.34,Yes
LA108200,Navsari,1363,621,742,1252,420,4,11,6,11,68.3,Compensation,0,54.44,No
LA108201,Anand,688,650,38,891,278,4,7,12,21,90.0,Handover,18,5.52,No
LA108202,Mehsana,478,335,143,263,13,5,7,78,10,74.9,Acquisition,13,29.92,No
LA108203,Bhavnagar,904,610,294,931,538,0,7,12,16,89.3,Acquisition,55,32.52,No
LA108204,Jamnagar,1005,280,725,787,189,2,9,0,17,50.9,Notification,7,72.14,Yes
LA108205,Gandhinagar,687,427,260,633,305,3,9,7,10,85.9,Acquisition,43,37.85,Yes
LA108206,Ahmedabad,862,599,263,800,250,3,10,80,17,77.1,Acquisition,19,30.51,Yes
LA108207,Vadodara,733,529,204,662,347,8,10,144,9,80.8,Acquisition,49,27.83,Yes
LA108208,Gandhinagar,493,337,156,667,354,6,15,19,11,83.0,Acquisition,20,31.64,Yes
LA108209,Ahmedabad,504,299,205,521,175,4,5,41,10,78.9,Compensation,17,40.67,No
LA108210,Navsari,1366,739,627,1862,336,4,8,41,20,66.3,Objection,18,45.9,No
LA108211,Sabarkantha,1029,858,171,1239,714,2,5,0,21,69.2,Acquisition,2,16.62,No
LA108212,Vadodara,188,118,70,163,99,3,11,8,6,77.3,Acquisition,18,37.23,No
LA108213,Junagadh,1445,1332,113,1437,508,3,5,19,22,90.4,Handover,3,7.82,No
LA108214,Junagadh,1083,727,356,976,111,3,8,0,12,80.7,Acquisition,12,32.87,No
LA108215,Jamnagar,122,108,14,158,37,3,8,6,4,89.0,Handover,16,11.48,No
LA108216,Bharuch,1106,876,230,795,176,4,9,11,10,83.5,Acquisition,19,20.8,No
LA108217,Valsad,905,451,454,1260,330,8,14,9,20,62.4,Compensation,3,50.17,Yes
LA108218,Surat,1378,639,739,1478,456,8,12,7,21,53.1,Compensation,1,53.63,Yes
LA108219,Mehsana,760,722,38,836,212,3,9,11,17,92.5,Handover,18,5.0,No
LA108220,Panchmahal,802,683,119,814,93,4,8,9,15,93.8,Acquisition,47,14.84,No
LA108221,Bharuch,506,261,245,531,253,4,6,4,11,65.4,Compensation,24,48.42,Yes
LA108222,Anand,516,334,182,594,13,6,10,0,13,69.7,Compensation,0,35.27,No
LA108223,Mehsana,946,813,133,1078,176,3,8,8,24,80.3,Handover,61,14.06,Yes
LA108224,Junagadh,1251,566,685,929,326,5,7,35,18,70.7,Objection,10,54.76,Yes
LA108225,Vadodara,1342,896,446,1442,858,13,18,0,26,89.2,Acquisition,12,33.23,Yes
LA108226,Ahmedabad,1168,813,355,1015,642,6,10,11,21,67.3,Acquisition,0,30.39,Yes
LA108227,Navsari,934,548,386,1049,227,7,12,44,17,75.2,Compensation,6,41.33,Yes
LA108228,Vadodara,775,493,282,808,200,4,10,17,17,63.4,Objection,48,36.39,No
LA108229,Amreli,542,134,408,386,186,4,8,42,10,45.4,Objection,9,75.28,Yes
LA108230,Rajkot,1164,890,274,1410,629,4,4,0,25,90.8,Handover,5,23.54,No
LA108231,Navsari,511,379,132,491,26,5,9,22,9,74.9,Acquisition,46,25.83,No
LA108232,Kheda,438,390,48,458,145,4,6,73,8,91.2,Acquisition,33,10.96,No
LA108233,Ahmedabad,1309,598,711,1512,526,7,13,24,34,68.7,Acquisition,94,54.32,Yes
LA108234,Morbi,905,585,320,1030,109,7,6,80,16,70.2,Acquisition,0,35.36,Yes
LA108235,Amreli,563,395,168,689,214,1,11,11,12,86.8,Handover,10,29.84,Yes
LA108236,Jamnagar,1305,919,386,961,348,6,11,8,18,77.0,Acquisition,37,29.58,No
LA108237,Bhavnagar,1446,1148,298,939,259,3,11,28,9,88.6,Compensation,17,20.61,No
LA108238,Amreli,511,233,278,589,136,3,9,43,11,59.8,Compensation,68,54.4,Yes
LA108239,Panchmahal,806,540,266,614,180,3,3,10,10,83.5,Compensation,49,33.0,No
LA108240,Bhavnagar,751,409,342,491,93,5,11,13,8,81.6,Compensation,35,45.54,No
LA108241,Anand,1068,754,314,714,423,5,8,0,6,86.9,Compensation,32,29.4,Yes
LA108242,Valsad,1429,1245,184,1188,218,9,6,35,19,89.9,Handover,57,12.88,Yes
LA108243,Amreli,845,722,123,1219,594,5,10,70,12,90.5,Handover,47,14.56,Yes
LA108244,Ahmedabad,1208,867,341,835,97,2,13,47,13,89.8,Acquisition,6,28.23,No
LA108245,Rajkot,914,570,344,748,211,4,8,2,9,63.5,Compensation,58,37.64,No
LA108246,Jamnagar,1337,585,752,1843,553,8,6,28,30,53.2,Objection,0,56.25,Yes
LA108247,Amreli,637,448,189,903,273,3,8,28,12,75.2,Acquisition,27,29.67,No
LA108248,Gandhinagar,608,282,326,460,68,1,8,11,10,68.4,Compensation,29,53.62,No
LA108249,Amreli,662,616,46,889,246,4,5,21,13,85.0,Handover,14,6.95,No
LA108250,Anand,1495,1139,356,1009,380,4,7,58,15,81.7,Acquisition,5,23.81,No
LA108251,Patan,937,838,99,1158,521,5,5,10,23,84.1,Handover,29,10.57,Yes
LA108252,Mehsana,271,178,93,152,18,4,6,36,5,82.3,Acquisition,23,34.32,No
LA108253,Ahmedabad,109,47,62,100,35,6,8,62,8,72.7,Compensation,7,56.88,Yes
LA108254,Navsari,802,346,456,620,193,8,6,44,19,64.5,Compensation,39,56.86,Yes
LA108255,Navsari,1219,1088,131,1443,314,3,7,0,20,88.5,Handover,21,10.75,No
LA108256,Patan,745,446,299,421,142,3,9,51,11,81.4,Compensation,0,40.13,Yes
LA108257,Vadodara,862,673,189,835,121,9,6,69,14,74.1,Acquisition,34,21.93,Yes
LA108258,Vadodara,1208,707,501,1422,106,5,5,67,18,76.5,Compensation,0,41.47,No
LA108259,Gandhinagar,799,531,268,473,251,3,6,32,10,73.6,Acquisition,58,33.54,No
LA108260,Panchmahal,1368,853,515,1857,1193,5,10,69,30,71.2,Compensation,41,37.65,Yes
LA108261,Rajkot,975,461,514,853,273,4,13,21,14,62.4,Compensation,3,52.72,Yes
LA108262,Anand,1110,679,431,776,455,7,8,26,12,75.1,Compensation,41,38.83,Yes
LA108263,Panchmahal,1183,725,458,891,154,6,12,15,18,81.4,Acquisition,14,38.72,Yes
LA108264,Morbi,959,933,26,820,199,6,8,11,12,87.4,Handover,23,2.71,Yes
LA108265,Navsari,122,90,32,89,28,2,8,40,4,78.9,Compensation,24,26.23,Yes
LA108266,Sabarkantha,670,349,321,676,127,2,7,1,7,78.9,Compensation,75,47.91,No
LA108267,Sabarkantha,255,143,112,286,68,5,9,26,8,79.9,Acquisition,6,43.92,No
LA108268,Morbi,790,667,123,743,302,4,7,14,11,88.7,Handover,15,15.57,No
LA108269,Panchmahal,257,139,118,240,49,1,9,8,4,66.1,Compensation,16,45.91,No
LA108270,Jamnagar,788,246,542,988,199,7,12,0,11,61.5,Notification,17,68.78,Yes
LA108271,Anand,548,502,46,450,253,3,9,23,11,76.9,Acquisition,6,8.39,No
LA108272,Amreli,79,30,49,88,13,4,12,9,2,76.5,Compensation,39,62.03,No
LA108273,Bhavnagar,231,156,75,313,111,6,7,0,9,82.2,Acquisition,1,32.47,No
LA108274,Valsad,779,625,154,584,287,2,9,71,8,89.6,Handover,45,19.77,No
LA108275,Surat,164,89,75,182,15,4,7,1,5,72.1,Compensation,0,45.73,No
LA108276,Rajkot,1292,967,325,1813,587,6,11,20,31,77.0,Acquisition,20,25.15,No
LA108277,Navsari,1150,972,178,1181,307,6,9,7,21,89.0,Handover,65,15.48,Yes
LA108278,Navsari,1079,768,311,1542,785,6,11,77,22,80.2,Objection,34,28.82,Yes
LA108279,Panchmahal,299,139,160,248,148,3,4,0,9,59.5,Compensation,7,53.51,Yes
LA108280,Navsari,1204,727,477,1274,438,8,8,71,24,66.7,Acquisition,16,39.62,Yes
LA108281,Anand,970,739,231,805,342,4,13,107,18,88.0,Handover,23,23.81,Yes
LA108282,Sabarkantha,616,249,367,341,47,2,12,0,6,67.1,Objection,29,59.58,No
LA108283,Anand,50,39,11,72,12,1,4,24,6,79.7,Acquisition,45,22.0,Yes
LA108284,Sabarkantha,817,752,65,626,130,3,6,29,10,84.5,Handover,22,7.96,No
LA108285,Patan,1204,1004,200,1717,618,4,10,6,27,91.9,Handover,22,16.61,Yes
LA108286,Morbi,98,58,40,111,60,4,6,23,3,69.2,Compensation,1,40.82,Yes
LA108287,Ahmedabad,126,107,19,172,66,6,5,25,5,94.1,Handover,29,15.08,No
LA108288,Sabarkantha,605,378,227,859,368,4,10,21,9,85.6,Acquisition,36,37.52,No
LA108289,Junagadh,792,440,352,840,229,5,5,25,12,72.1,Compensation,0,44.44,Yes
LA108290,Anand,738,460,278,1070,277,3,13,2,15,66.1,Compensation,26,37.67,No
LA108291,Rajkot,668,416,252,829,316,4,6,0,13,71.0,Acquisition,17,37.72,No
LA108292,Rajkot,420,383,37,429,35,2,6,109,10,84.0,Handover,5,8.81,Yes
LA108293,Bharuch,136,110,26,155,74,2,8,17,10,83.3,Acquisition,20,19.12,No
LA108294,Mehsana,95,71,24,69,31,4,7,11,7,88.1,Handover,11,25.26,No
LA108295,Valsad,193,128,65,108,56,1,5,70,6,70.9,Compensation,20,33.68,Yes
LA108296,Banaskantha,1051,548,503,821,158,5,6,126,14,65.8,Objection,26,47.86,Yes
LA108297,Surat,1190,603,587,1120,498,5,10,23,15,77.7,Compensation,42,49.33,Yes
LA108298,Jamnagar,681,452,229,514,82,6,9,17,6,67.5,Compensation,37,33.63,No
LA108299,Rajkot,162,107,55,164,68,2,11,0,3,71.9,Compensation,1,33.95,Yes
LA108300,Anand,653,640,13,746,72,4,7,0,12,85.9,Handover,72,1.99,No
LA108301,Navsari,1480,845,635,1688,265,5,11,0,16,73.4,Acquisition,46,42.91,Yes
LA108302,Mehsana,412,356,56,558,142,3,5,40,6,88.6,Acquisition,1,13.59,No
LA108303,Banaskantha,762,215,547,1082,757,3,7,21,13,48.9,Objection,10,71.78,Yes
LA108304,Amreli,830,535,295,1122,758,4,8,21,17,83.2,Acquisition,26,35.54,Yes
LA108305,Navsari,528,517,11,585,147,2,5,0,10,84.7,Handover,0,2.08,No
LA108306,Jamnagar,685,432,253,504,207,3,5,27,8,92.9,Handover,27,36.93,No
LA108307,Junagadh,734,378,356,1027,232,7,10,20,18,63.8,Compensation,67,48.5,Yes
LA108308,Amreli,737,570,167,521,264,6,6,6,13,71.2,Compensation,4,22.66,No
LA108309,Amreli,1091,282,809,749,334,5,9,41,14,54.1,Objection,4,74.15,Yes
LA108310,Bhavnagar,892,454,438,746,503,2,14,5,6,67.6,Acquisition,56,49.1,No
LA108311,Vadodara,127,94,33,135,24,2,7,59,8,75.5,Compensation,36,25.98,No
LA108312,Bhavnagar,59,35,24,69,15,7,6,11,6,82.3,Acquisition,10,40.68,No
LA108313,Junagadh,645,487,158,362,49,3,5,18,10,82.4,Acquisition,0,24.5,No
LA108314,Mehsana,1367,675,692,1709,552,7,10,3,39,68.8,Compensation,60,50.62,Yes
LA108315,Ahmedabad,103,90,13,73,27,3,12,5,2,84.1,Acquisition,4,12.62,No
LA108316,Panchmahal,153,126,27,125,36,1,12,101,4,79.8,Acquisition,20,17.65,Yes
LA108317,Rajkot,1035,704,331,869,278,2,14,32,12,83.0,Acquisition,0,31.98,No
LA108318,Junagadh,704,67,637,598,154,8,13,37,11,51.3,Notification,0,90.48,Yes
LA108319,Patan,384,310,74,474,80,2,7,112,7,85.4,Handover,13,19.27,Yes
LA108320,Bharuch,350,282,68,205,48,3,7,9,9,80.7,Acquisition,9,19.43,No
LA108321,Patan,1014,620,394,737,223,1,13,0,13,67.5,Acquisition,58,38.86,Yes
LA108322,Vadodara,810,604,206,462,198,4,9,5,14,80.9,Compensation,6,25.43,No
LA108323,Kheda,976,810,166,1220,229,4,8,14,24,89.9,Acquisition,27,17.01,No
LA108324,Gandhinagar,456,284,172,655,340,10,5,40,10,76.4,Acquisition,12,37.72,Yes
LA108325,Anand,813,423,390,930,680,7,8,16,8,71.0,Acquisition,0,47.97,No
LA108326,Patan,1297,1011,286,1402,438,9,12,65,16,87.4,Acquisition,20,22.05,Yes
LA108327,Panchmahal,509,375,134,696,34,2,9,58,9,86.0,Acquisition,45,26.33,No
LA108328,Sabarkantha,625,525,100,487,150,4,6,91,6,87.0,Compensation,57,16.0,No
LA108329,Amreli,287,191,96,175,65,4,8,8,7,85.2,Compensation,19,33.45,No
LA108330,Kheda,976,720,256,985,26,6,12,39,12,88.0,Acquisition,6,26.23,No
LA108331,Bhavnagar,97,65,32,76,8,5,13,50,1,77.3,Compensation,30,32.99,No
LA108332,Amreli,411,304,107,393,38,2,5,43,8,91.2,Acquisition,15,26.03,No
LA108333,Ahmedabad,1084,612,472,1041,31,7,7,13,16,81.1,Compensation,15,43.54,No
LA108334,Surat,78,60,18,65,31,2,8,41,9,81.3,Acquisition,80,23.08,Yes
LA108335,Ahmedabad,1485,970,515,1467,164,9,7,30,20,88.4,Handover,8,34.68,Yes
LA108336,Panchmahal,636,434,202,567,30,6,14,27,9,77.4,Acquisition,5,31.76,No
LA108337,Bharuch,628,305,323,409,190,3,11,0,9,56.3,Objection,17,51.43,No
LA108338,Anand,828,545,283,1101,230,9,13,13,22,64.0,Compensation,31,34.18,Yes
LA108339,Ahmedabad,977,761,216,1154,271,8,9,9,11,66.9,Compensation,29,22.11,No
LA108340,Ahmedabad,716,659,57,420,118,8,7,40,9,88.9,Handover,69,7.96,No
LA108341,Vadodara,1333,762,571,872,137,7,13,15,15,75.5,Compensation,72,42.84,No
LA108342,Bharuch,1445,1008,437,920,530,10,11,26,16,83.3,Acquisition,18,30.24,Yes
LA108343,Amreli,340,233,107,206,77,4,10,4,7,76.8,Acquisition,17,31.47,No
LA108344,Panchmahal,1075,781,294,648,204,3,8,65,15,83.8,Acquisition,20,27.35,No
LA108345,Morbi,486,292,194,336,69,1,14,73,8,70.3,Compensation,30,39.92,No
LA108346,Rajkot,1494,1131,363,1962,717,7,14,46,28,74.6,Compensation,2,24.3,No
LA108347,Banaskantha,417,335,82,540,148,3,6,9,9,89.0,Handover,0,19.66,No
LA108348,Kheda,478,267,211,600,406,3,4,79,11,59.5,Compensation,44,44.14,Yes
LA108349,Amreli,1086,485,601,1198,742,3,16,6,14,68.0,Compensation,45,55.34,Yes
LA108350,Navsari,1194,738,456,1434,360,1,17,64,11,68.9,Objection,10,38.19,Yes
LA108351,Panchmahal,236,123,113,287,80,4,8,11,4,79.8,Acquisition,19,47.88,Yes
LA108352,Amreli,856,508,348,1156,592,6,13,0,13,60.9,Acquisition,17,40.65,No
LA108353,Mehsana,551,382,169,666,334,4,6,6,10,81.9,Acquisition,18,30.67,No
LA108354,Rajkot,937,417,520,1136,730,2,16,28,21,70.2,Compensation,28,55.5,Yes
LA108355,Panchmahal,857,575,282,1092,153,9,5,15,11,80.8,Acquisition,17,32.91,No
LA108356,Anand,1480,1081,399,1555,575,6,9,90,24,79.3,Acquisition,88,26.96,No
LA108357,Navsari,1404,293,1111,1041,310,5,10,3,15,47.3,Notification,65,79.13,Yes
LA108358,Jamnagar,998,412,586,625,103,7,7,18,14,62.7,Objection,51,58.72,No
LA108359,Bharuch,1035,812,223,960,267,5,12,63,21,92.2,Acquisition,0,21.55,Yes
LA108360,Valsad,1354,1113,241,856,276,4,12,79,13,84.4,Acquisition,31,17.8,No
LA108361,Gandhinagar,316,116,200,222,79,4,13,25,11,68.9,Compensation,21,63.29,Yes
LA108362,Surat,1103,407,696,630,212,5,13,27,12,46.4,Objection,25,63.1,Yes
LA108363,Bharuch,1170,841,329,960,192,6,14,22,16,84.9,Compensation,0,28.12,No
LA108364,Amreli,234,166,68,333,103,2,10,18,6,72.0,Acquisition,47,29.06,No
LA108365,Patan,1328,810,518,1183,162,6,6,13,17,69.0,Compensation,0,39.01,Yes
LA108366,Panchmahal,1064,898,166,816,354,2,5,25,14,81.6,Acquisition,18,15.6,No
LA108367,Banaskantha,553,362,191,505,259,4,9,1,6,73.0,Acquisition,20,34.54,No
LA108368,Banaskantha,752,349,403,618,368,6,5,9,13,70.4,Objection,35,53.59,Yes
LA108369,Bharuch,760,635,125,879,214,3,12,34,10,89.4,Handover,7,16.45,No
LA108370,Mehsana,1383,983,400,1550,719,7,9,11,22,77.4,Acquisition,10,28.92,Yes
LA108371,Mehsana,1456,805,651,837,57,4,15,16,15,73.8,Compensation,14,44.71,No
LA108372,Ahmedabad,1220,677,543,1232,516,9,13,16,18,72.6,Acquisition,56,44.51,Yes
LA108373,Panchmahal,996,314,682,580,125,2,12,30,10,67.8,Objection,9,68.47,Yes
LA108374,Junagadh,201,156,45,233,14,4,8,87,6,81.2,Acquisition,14,22.39,No
LA108375,Gandhinagar,1377,791,586,1917,1064,9,10,51,29,70.8,Compensation,3,42.56,Yes
LA108376,Navsari,244,143,101,333,102,3,11,4,11,76.0,Compensation,11,41.39,Yes
LA108377,Sabarkantha,292,207,85,215,21,1,4,26,2,91.2,Handover,0,29.11,No
LA108378,Panchmahal,151,112,39,184,98,1,11,14,3,89.6,Handover,21,25.83,No
LA108379,Patan,1425,1161,264,1801,559,5,13,10,29,87.6,Handover,0,18.53,Yes
LA108380,Panchmahal,765,553,212,1016,172,4,4,38,18,81.6,Compensation,0,27.71,No
LA108381,Vadodara,392,311,81,307,122,4,8,15,8,92.6,Acquisition,6,20.66,Yes
LA108382,Vadodara,167,65,102,160,36,3,4,27,6,63.8,Objection,17,61.08,No
LA108383,Amreli,647,450,197,485,177,6,7,0,11,83.9,Handover,0,30.45,No
LA108384,Bharuch,1100,641,459,629,72,5,8,22,13,78.1,Compensation,16,41.73,No
LA108385,Surat,1493,1003,490,1707,838,5,12,33,35,80.6,Acquisition,17,32.82,Yes
LA108386,Junagadh,851,336,515,799,99,7,9,20,18,47.6,Objection,48,60.52,Yes
LA108387,Valsad,930,591,339,719,156,6,8,35,9,80.3,Acquisition,9,36.45,Yes
LA108388,Vadodara,1262,976,286,1656,66,13,10,7,21,72.7,Acquisition,1,22.66,No
LA108389,Amreli,1358,688,670,1353,487,4,8,21,16,68.8,Compensation,38,49.34,No
LA108390,Valsad,455,287,168,658,264,3,4,19,10,90.6,Handover,30,36.92,Yes
LA108391,Mehsana,1489,985,504,1882,827,8,12,0,30,79.8,Acquisition,2,33.85,Yes
LA108392,Mehsana,803,331,472,1070,246,5,7,35,24,60.5,Notification,37,58.78,Yes
LA108393,Bharuch,1399,1371,28,1743,83,9,6,9,25,78.5,Handover,49,2.0,No
LA108394,Sabarkantha,220,168,52,142,15,2,6,3,5,91.2,Acquisition,47,23.64,Yes
LA108395,Anand,191,121,70,116,28,6,7,5,7,89.4,Compensation,4,36.65,No
LA108396,Surat,1333,372,961,1831,618,4,13,45,17,42.8,Notification,0,72.09,Yes
LA108397,Bhavnagar,1025,836,189,691,151,5,5,94,8,93.8,Handover,14,18.44,No
LA108398,Bharuch,303,160,143,273,86,4,11,0,13,76.7,Compensation,16,47.19,No
LA108399,Valsad,1348,1061,287,1481,622,6,6,33,21,86.4,Acquisition,5,21.29,No
LA108400,Patan,198,142,56,147,30,2,8,45,3,78.3,Compensation,0,28.28,No
LA108401,Valsad,1040,631,409,783,311,4,13,32,12,72.4,Compensation,24,39.33,Yes
LA108402,Valsad,347,213,134,336,115,4,3,40,12,76.2,Acquisition,15,38.62,No
LA108403,Jamnagar,152,100,52,133,29,2,10,8,3,81.2,Acquisition,0,34.21,Yes
LA108404,Anand,1219,625,594,1413,204,5,10,0,25,70.3,Compensation,87,48.73,Yes
LA108405,Surat,1279,173,1106,790,243,2,17,0,11,41.8,Objection,4,86.47,No
LA108406,Kheda,203,154,49,201,116,4,8,19,5,73.7,Handover,0,24.14,No
LA108407,Kheda,185,174,11,131,31,2,4,5,5,81.3,Handover,53,5.95,No
LA108408,Ahmedabad,941,549,392,1031,280,3,10,32,8,80.4,Objection,3,41.66,No
LA108409,Valsad,91,32,59,60,37,4,6,63,3,55.1,Notification,8,64.84,Yes
LA108410,Bhavnagar,1132,718,414,824,219,5,12,60,7,85.6,Acquisition,35,36.57,No
LA108411,Anand,1378,1110,268,1755,864,6,3,72,20,83.2,Acquisition,1,19.45,Yes
LA108412,Sabarkantha,1139,809,330,868,82,5,7,40,12,91.9,Acquisition,20,28.97,No
LA108413,Sabarkantha,384,277,107,466,80,2,6,28,9,77.3,Acquisition,2,27.86,No
LA108414,Kheda,325,256,69,259,114,4,7,18,6,85.7,Handover,20,21.23,Yes
LA108415,Vadodara,1037,813,224,790,134,5,6,9,17,90.8,Handover,10,21.6,No
LA108416,Sabarkantha,139,94,45,114,28,3,8,18,4,66.8,Compensation,23,32.37,No
LA108417,Navsari,830,608,222,1115,314,8,9,11,15,87.9,Handover,11,26.75,No
LA108418,Ahmedabad,701,508,193,636,147,5,7,44,12,84.0,Acquisition,58,27.53,No
LA108419,Valsad,1130,620,510,869,112,6,12,0,11,79.0,Compensation,7,45.13,Yes
LA108420,Anand,343,149,194,354,58,1,10,0,9,79.7,Compensation,47,56.56,Yes
LA108421,Mehsana,1156,951,205,1037,271,3,7,15,12,83.2,Handover,16,17.73,No
LA108422,Vadodara,1064,493,571,1342,650,9,11,89,19,65.7,Compensation,0,53.67,Yes
LA108423,Kheda,396,274,122,571,223,5,9,68,9,70.5,Acquisition,23,30.81,No
LA108424,Anand,567,382,185,581,147,2,10,48,9,82.6,Acquisition,15,32.63,No
LA108425,Rajkot,145,93,52,139,53,2,9,61,7,77.1,Compensation,18,35.86,Yes
LA108426,Morbi,702,347,355,603,309,5,8,86,13,61.0,Compensation,27,50.57,Yes
LA108427,Anand,428,233,195,610,272,5,7,0,15,72.5,Objection,13,45.56,Yes
LA108428,Mehsana,214,63,151,211,81,2,7,2,7,59.3,Objection,1,70.56,No
LA108429,Sabarkantha,862,512,350,612,91,6,10,0,10,80.0,Compensation,19,40.6,No
LA108430,Patan,873,329,544,1242,80,5,8,28,23,60.8,Objection,53,62.31,Yes
LA108431,Jamnagar,174,84,90,246,58,2,5,21,6,62.3,Compensation,15,51.72,Yes
LA108432,Anand,319,293,26,301,24,2,4,66,8,91.4,Handover,63,8.15,No
LA108433,Rajkot,169,105,64,146,66,6,9,120,7,81.3,Compensation,19,37.87,Yes
LA108434,Morbi,1035,794,241,1203,138,4,14,7,19,88.8,Acquisition,20,23.29,No
LA108435,Banaskantha,540,377,163,700,106,7,8,20,15,79.4,Acquisition,57,30.19,Yes
LA108436,Amreli,153,82,71,153,32,6,7,2,4,74.1,Acquisition,16,46.41,No
LA108437,Kheda,327,201,126,277,127,4,6,0,7,70.4,Compensation,0,38.53,No
LA108438,Banaskantha,1466,612,854,1204,259,7,10,8,27,45.8,Objection,17,58.25,Yes
LA108439,Morbi,421,209,212,355,131,2,8,12,7,59.4,Acquisition,5,50.36,Yes
LA108440,Valsad,1043,562,481,684,527,3,8,0,14,67.4,Compensation,82,46.12,Yes
LA108441,Junagadh,729,336,393,912,56,6,5,0,12,67.5,Objection,18,53.91,No
LA108442,Rajkot,313,180,133,202,102,2,4,4,6,71.3,Compensation,0,42.49,No
LA108443,Ahmedabad,496,367,129,451,106,4,5,4,7,92.3,Compensation,0,26.01,No
LA108444,Panchmahal,70,25,45,91,16,3,5,43,5,55.5,Compensation,4,64.29,Yes
LA108445,Kheda,1133,752,381,1035,57,4,7,55,23,79.5,Acquisition,12,33.63,Yes
LA108446,Bhavnagar,535,337,198,436,21,5,4,3,15,77.2,Compensation,112,37.01,No
LA108447,Amreli,774,664,110,1086,225,3,8,45,22,86.7,Acquisition,57,14.21,No
LA108448,Surat,271,128,143,180,29,3,6,12,7,66.4,Compensation,0,52.77,No
LA108449,Junagadh,1245,1035,210,1676,182,8,12,0,16,90.2,Handover,38,16.87,No
LA108450,Rajkot,366,138,228,222,69,4,9,87,5,56.3,Objection,11,62.3,Yes
LA108451,Junagadh,871,468,403,803,261,7,9,27,16,75.2,Compensation,0,46.27,Yes
LA108452,Anand,1316,869,447,1472,203,4,11,0,32,72.5,Compensation,57,33.97,Yes
LA108453,Gandhinagar,1084,861,223,957,149,3,9,28,19,86.5,Acquisition,27,20.57,No
LA108454,Junagadh,925,403,522,954,639,2,14,12,13,63.0,Compensation,0,56.43,Yes
LA108455,Bhavnagar,1338,571,767,982,401,7,14,13,12,85.3,Compensation,8,57.32,Yes
LA108456,Gandhinagar,306,264,42,325,105,6,11,26,8,86.3,Handover,19,13.73,Yes
LA108457,Kheda,1448,1166,282,972,421,8,5,10,15,84.2,Handover,31,19.48,Yes
LA108458,Bhavnagar,857,732,125,1085,638,5,9,0,25,85.3,Handover,47,14.59,No
LA108459,Gandhinagar,644,555,89,693,143,3,8,19,7,85.5,Acquisition,35,13.82,No
LA108460,Navsari,421,318,103,414,101,7,8,17,9,86.7,Acquisition,35,24.47,No
LA108461,Mehsana,1130,493,637,677,90,9,12,35,17,61.4,Objection,31,56.37,Yes
LA108462,Patan,1466,674,792,1466,441,7,13,17,31,76.1,Compensation,4,54.02,Yes
LA108463,Vadodara,1051,676,375,1111,244,4,9,28,17,75.3,Acquisition,20,35.68,No
LA108464,Vadodara,97,39,58,77,44,1,7,4,2,58.8,Objection,34,59.79,Yes
LA108465,Bharuch,730,497,233,847,478,4,7,0,15,87.1,Compensation,38,31.92,Yes
LA108466,Morbi,1112,593,519,688,134,3,9,0,18,78.9,Compensation,12,46.67,No
LA108467,Morbi,626,371,255,462,46,3,7,41,12,81.3,Acquisition,48,40.73,No
LA108468,Ahmedabad,1171,753,418,1421,279,3,8,57,25,88.8,Acquisition,0,35.7,No
LA108469,Valsad,1076,982,94,734,349,5,7,20,9,92.1,Handover,0,8.74,No
LA108470,Bhavnagar,147,72,75,113,59,2,4,107,6,52.5,Compensation,15,51.02,Yes
LA108471,Sabarkantha,859,515,344,976,71,4,6,30,13,79.3,Compensation,48,40.05,No
LA108472,Amreli,299,214,85,361,113,5,8,26,10,71.8,Compensation,19,28.43,No
LA108473,Ahmedabad,755,527,228,450,66,2,10,78,14,80.6,Compensation,7,30.2,No
LA108474,Rajkot,607,420,187,403,68,7,6,14,11,67.6,Compensation,9,30.81,Yes
LA108475,Valsad,1220,872,348,1161,234,3,14,11,19,77.6,Acquisition,3,28.52,No
LA108476,Rajkot,1309,1058,251,1418,320,9,10,29,21,85.8,Handover,12,19.17,Yes
LA108477,Sabarkantha,719,483,236,689,77,5,12,0,8,76.9,Handover,4,32.82,No
LA108478,Navsari,829,485,344,939,56,4,5,57,17,77.8,Acquisition,32,41.5,Yes
LA108479,Banaskantha,958,434,524,1179,119,4,8,59,17,71.2,Objection,0,54.7,Yes
LA108480,Amreli,1000,566,434,1405,418,5,2,0,17,67.6,Compensation,45,43.4,Yes
LA108481,Panchmahal,971,692,279,840,209,8,12,19,11,83.7,Acquisition,7,28.73,No
LA108482,Anand,1186,1118,68,826,267,5,7,2,9,80.1,Handover,7,5.73,No
LA108483,Junagadh,1474,1000,474,1161,443,8,7,75,16,72.9,Acquisition,2,32.16,Yes
LA108484,Banaskantha,1251,867,384,855,298,6,7,0,20,88.8,Acquisition,4,30.7,No
LA108485,Rajkot,245,175,70,222,113,7,5,10,11,83.9,Compensation,18,28.57,Yes
LA108486,Anand,741,504,237,989,314,11,2,52,7,83.3,Handover,17,31.98,No
LA108487,Sabarkantha,719,456,263,620,81,3,10,33,15,76.0,Compensation,34,36.58,No
LA108488,Navsari,788,528,260,539,210,6,11,44,6,91.0,Acquisition,10,32.99,Yes
LA108489,Vadodara,816,581,235,833,23,4,11,0,14,74.5,Acquisition,16,28.8,No
LA108490,Kheda,1091,711,380,1574,505,11,6,50,31,80.9,Acquisition,13,34.83,Yes
LA108491,Sabarkantha,660,538,122,475,301,3,9,44,5,86.3,Acquisition,14,18.48,Yes
LA108492,Panchmahal,432,211,221,540,71,4,10,40,13,67.9,Objection,13,51.16,No
LA108493,Amreli,713,353,360,920,350,5,7,0,17,66.6,Acquisition,20,50.49,Yes
LA108494,Morbi,1289,817,472,1175,79,4,10,24,20,70.2,Compensation,0,36.62,Yes
LA108495,Sabarkantha,501,242,259,555,161,4,4,6,9,80.8,Acquisition,21,51.7,Yes
LA108496,Navsari,80,73,7,75,19,4,10,10,4,92.4,Handover,55,8.75,No
LA108497,Amreli,1466,996,470,1152,75,6,10,4,22,66.4,Compensation,34,32.06,No
LA108498,Valsad,334,269,65,312,83,2,3,10,11,78.1,Handover,0,19.46,No
LA108499,Banaskantha,924,418,506,587,289,2,16,50,11,65.5,Compensation,24,54.76,Yes
LA108500,Rajkot,1211,911,300,1437,547,2,14,18,25,83.7,Handover,20,24.77,Yes
LA108501,Surat,448,280,168,581,475,7,7,0,10,78.9,Acquisition,24,37.5,Yes
LA108502,Sabarkantha,543,303,240,449,287,4,5,32,17,82.3,Acquisition,8,44.2,No
LA108503,Valsad,456,302,154,483,236,3,9,28,11,77.4,Acquisition,35,33.77,Yes
LA108504,Bhavnagar,267,100,167,203,88,6,10,23,8,65.1,Objection,69,62.55,Yes
LA108505,Banaskantha,271,174,97,180,46,3,5,43,3,71.0,Compensation,0,35.79,No
LA108506,Rajkot,320,215,105,367,56,1,4,41,6,71.6,Compensation,46,32.81,No
LA108507,Gandhinagar,714,622,92,479,46,5,8,19,10,85.6,Acquisition,10,12.89,No
LA108508,Patan,820,411,409,1028,145,7,5,20,9,58.8,Compensation,67,49.88,Yes
LA108509,Gandhinagar,73,56,17,58,8,3,10,53,3,91.6,Handover,17,23.29,No
LA108510,Bhavnagar,1277,801,476,1643,722,3,8,3,24,76.8,Acquisition,4,37.27,Yes
LA108511,Patan,1030,665,365,908,438,4,9,53,9,75.6,Acquisition,26,35.44,Yes
LA108512,Morbi,152,120,32,134,27,5,5,17,4,76.6,Handover,3,21.05,No
LA108513,Mehsana,1272,909,363,1559,361,5,8,4,21,69.6,Compensation,16,28.54,No
LA108514,Vadodara,94,70,24,95,5,2,11,14,10,86.3,Acquisition,9,25.53,No
LA108515,Vadodara,863,756,107,631,346,4,7,47,7,88.8,Handover,17,12.4,No
LA108516,Gandhinagar,724,427,297,952,356,4,9,49,17,76.3,Compensation,26,41.02,No
LA108517,Kheda,778,611,167,666,251,2,10,99,9,85.5,Acquisition,12,21.47,Yes
LA108518,Junagadh,1437,740,697,923,410,7,13,27,20,68.0,Objection,25,48.5,Yes
LA108519,Patan,1395,708,687,1290,619,3,17,31,12,61.9,Objection,6,49.25,Yes
LA108520,Patan,454,168,286,484,229,5,10,0,10,59.1,Compensation,0,63.0,Yes
LA108521,Vadodara,891,401,490,979,92,3,8,0,19,71.8,Compensation,92,54.99,No
LA108522,Anand,1441,645,796,1876,288,7,15,20,28,70.0,Compensation,51,55.24,Yes
LA108523,Anand,1107,844,263,1148,172,6,5,46,16,82.1,Acquisition,49,23.76,Yes
LA108524,Jamnagar,1338,567,771,1005,117,5,11,64,11,66.6,Objection,2,57.62,Yes
LA108525,Panchmahal,680,505,175,534,24,4,7,26,14,88.7,Acquisition,21,25.74,No
LA108526,Mehsana,460,267,193,295,134,4,7,56,11,62.6,Compensation,36,41.96,Yes
LA108527,Rajkot,790,682,108,958,267,3,6,0,11,86.4,Handover,25,13.67,No
LA108528,Bhavnagar,1235,723,512,797,143,5,8,0,14,80.2,Compensation,3,41.46,No
LA108529,Ahmedabad,1397,630,767,1530,137,4,14,18,22,80.9,Compensation,9,54.9,Yes
LA108530,Sabarkantha,1045,322,723,1136,513,2,11,23,17,53.2,Objection,16,69.19,Yes
LA108531,Bhavnagar,1075,814,261,1351,489,6,12,24,21,85.1,Acquisition,51,24.28,No
LA108532,Patan,792,626,166,489,161,4,6,26,11,83.8,Acquisition,45,20.96,No
LA108533,Panchmahal,513,293,220,376,40,2,5,80,7,80.8,Compensation,0,42.88,Yes
LA108534,Valsad,663,363,300,907,238,4,10,7,15,83.9,Acquisition,5,45.25,Yes
LA108535,Jamnagar,772,419,353,822,156,6,17,48,13,75.6,Compensation,12,45.73,No
LA108536,Bharuch,1233,932,301,1186,456,2,16,18,24,91.6,Acquisition,17,24.41,No
LA108537,Mehsana,855,651,204,1046,406,2,6,36,10,68.2,Acquisition,6,23.86,Yes
LA108538,Amreli,1200,496,704,1635,360,3,17,11,27,54.5,Objection,9,58.67,Yes
LA108539,Gandhinagar,89,75,14,70,24,2,5,19,7,88.4,Handover,3,15.73,No
LA108540,Mehsana,1148,689,459,1563,211,4,6,30,29,62.5,Compensation,17,39.98,Yes
LA108541,Gandhinagar,785,525,260,509,337,10,7,84,8,83.0,Compensation,11,33.12,Yes
LA108542,Valsad,1498,1209,289,2142,1273,12,6,24,31,90.6,Acquisition,52,19.29,Yes
LA108543,Patan,734,394,340,513,201,3,11,26,8,64.5,Compensation,22,46.32,Yes
LA108544,Bharuch,744,500,244,587,192,3,9,0,12,73.6,Compensation,27,32.8,No
LA108545,Vadodara,234,171,63,149,38,1,7,47,8,85.7,Acquisition,45,26.92,Yes
LA108546,Patan,1220,1080,140,1553,158,2,7,0,24,89.1,Handover,30,11.48,No
LA108547,Vadodara,1067,723,344,1532,742,9,9,29,22,69.6,Acquisition,23,32.24,Yes
LA108548,Ahmedabad,1301,740,561,1063,507,6,11,25,21,72.3,Compensation,37,43.12,Yes
LA108549,Gandhinagar,184,136,48,155,78,2,5,8,8,78.1,Acquisition,72,26.09,No
LA108550,Gandhinagar,357,300,57,286,118,5,5,21,9,91.1,Handover,6,15.97,No
LA108551,Patan,1322,1143,179,911,226,3,12,15,2,72.4,Acquisition,4,13.54,No
LA108552,Valsad,111,89,22,140,78,3,12,26,8,82.6,Handover,48,19.82,Yes
LA108553,Vadodara,787,548,239,476,197,5,7,0,8,77.8,Acquisition,3,30.37,No
LA108554,Bharuch,637,392,245,905,225,7,8,27,19,79.2,Acquisition,53,38.46,Yes
LA108555,Bhavnagar,1413,674,739,1956,343,3,9,83,37,70.8,Objection,14,52.3,Yes
LA108556,Vadodara,1293,994,299,849,359,8,12,16,9,83.2,Handover,28,23.12,Yes
LA108557,Kheda,1351,673,678,1387,373,2,12,5,15,78.9,Compensation,0,50.19,Yes
LA108558,Banaskantha,469,407,62,677,71,6,7,0,13,82.2,Handover,24,13.22,No
LA108559,Ahmedabad,902,380,522,1188,354,6,12,34,27,75.1,Objection,75,57.87,Yes
LA108560,Navsari,1065,389,676,1271,653,4,9,53,22,60.5,Objection,34,63.47,Yes
LA108561,Vadodara,1453,1121,332,829,102,4,8,3,13,79.1,Acquisition,8,22.85,No
LA108562,Junagadh,60,47,13,37,14,2,4,7,3,89.6,Handover,36,21.67,No
LA108563,Surat,1467,1220,247,1855,269,4,3,2,26,92.1,Handover,20,16.84,No
LA108564,Banaskantha,565,311,254,502,200,0,6,40,4,74.3,Acquisition,38,44.96,No
LA108565,Ahmedabad,236,57,179,272,91,3,10,113,7,40.9,Notification,0,75.85,Yes
LA108566,Mehsana,943,708,235,1146,260,12,8,17,19,80.1,Compensation,19,24.92,Yes
LA108567,Navsari,1184,874,310,1101,92,11,4,97,16,92.8,Handover,2,26.18,Yes
LA108568,Junagadh,238,142,96,162,29,5,8,16,9,74.8,Objection,18,40.34,No
LA108569,Mehsana,109,74,35,98,9,4,3,46,3,79.4,Acquisition,5,32.11,No
LA108570,Amreli,1350,718,632,1801,683,6,6,20,28,68.8,Objection,59,46.81,Yes
LA108571,Ahmedabad,1404,769,635,1191,404,6,4,2,20,60.9,Acquisition,1,45.23,Yes
LA108572,Morbi,276,107,169,167,38,5,4,26,4,49.1,Objection,19,61.23,Yes
LA108573,Panchmahal,1361,583,778,1923,860,8,9,28,28,57.8,Compensation,21,57.16,Yes
LA108574,Valsad,1370,826,544,1593,353,5,9,39,20,88.4,Acquisition,44,39.71,No
LA108575,Mehsana,1497,1395,102,1552,484,9,8,0,19,92.1,Handover,40,6.81,Yes
LA108576,Rajkot,363,201,162,471,20,1,7,48,20,76.9,Compensation,9,44.63,No
LA108577,Morbi,889,622,267,818,230,13,9,6,12,65.4,Acquisition,0,30.03,No
LA108578,Panchmahal,1492,946,546,2143,272,3,11,30,37,83.4,Handover,10,36.6,Yes
LA108579,Panchmahal,1359,809,550,1796,548,6,10,6,40,69.8,Compensation,16,40.47,Yes
LA108580,Anand,927,760,167,744,336,2,10,0,14,86.9,Handover,29,18.02,No
LA108581,Rajkot,336,236,100,297,156,5,4,15,10,83.6,Handover,34,29.76,No
LA108582,Ahmedabad,172,63,109,137,29,4,5,5,9,48.4,Objection,23,63.37,Yes
LA108583,Bharuch,426,298,128,487,248,2,8,2,11,84.3,Compensation,17,30.05,Yes
LA108584,Rajkot,144,130,14,162,60,4,3,4,13,83.2,Handover,27,9.72,No
LA108585,Surat,333,226,107,340,163,3,4,7,5,78.0,Acquisition,29,32.13,No
LA108586,Amreli,158,91,67,224,83,4,4,74,8,71.5,Acquisition,54,42.41,No
LA108587,Sabarkantha,1155,619,536,1126,398,7,11,0,23,64.5,Compensation,32,46.41,Yes
LA108588,Surat,905,765,140,1136,383,4,13,2,18,84.6,Handover,12,15.47,No
LA108589,Patan,801,504,297,915,413,4,8,28,9,71.7,Compensation,0,37.08,Yes
LA108590,Panchmahal,1224,1012,212,1244,565,5,6,20,22,91.6,Handover,0,17.32,No
LA108591,Patan,646,363,283,380,54,5,9,19,10,82.2,Acquisition,121,43.81,Yes
LA108592,Surat,634,358,276,724,63,1,8,3,15,58.7,Objection,0,43.53,No
LA108593,Kheda,350,282,68,395,255,6,6,21,6,88.1,Handover,31,19.43,Yes
LA108594,Valsad,695,507,188,460,29,6,11,11,8,88.5,Acquisition,73,27.05,No
LA108595,Rajkot,303,204,99,384,106,6,8,42,14,76.3,Acquisition,8,32.67,No
LA108596,Ahmedabad,905,746,159,878,325,7,5,45,14,80.4,Acquisition,19,17.57,No
LA108597,Banaskantha,1497,1076,421,1260,752,4,8,12,22,76.9,Compensation,22,28.12,Yes
LA108598,Jamnagar,823,624,199,1063,518,7,12,0,14,69.0,Compensation,3,24.18,Yes
LA108599,Panchmahal,483,366,117,415,86,6,4,31,8,79.0,Handover,13,24.22,Yes
LA108600,Gandhinagar,1048,381,667,1163,511,6,10,28,29,68.6,Objection,34,63.65,Yes
LA108601,Bhavnagar,1239,1049,190,1370,114,9,7,27,19,83.6,Acquisition,8,15.33,No
LA108602,Sabarkantha,734,400,334,439,207,3,10,24,8,83.5,Acquisition,9,45.5,No
LA108603,Kheda,413,299,114,384,85,3,8,0,8,71.5,Compensation,8,27.6,No
LA108604,Sabarkantha,1085,781,304,814,311,3,8,7,22,75.4,Acquisition,45,28.02,Yes
LA108605,Banaskantha,321,288,33,234,115,2,10,32,4,84.5,Handover,0,10.28,No
LA108606,Navsari,1497,1191,306,1706,1257,8,5,33,31,86.4,Handover,23,20.44,Yes
LA108607,Junagadh,511,344,167,286,91,7,6,14,3,76.7,Compensation,83,32.68,No
LA108608,Valsad,558,408,150,794,118,1,7,54,25,73.3,Acquisition,0,26.88,No
LA108609,Sabarkantha,1104,748,356,1000,200,3,9,32,15,90.4,Acquisition,0,32.25,No
LA108610,Vadodara,67,50,17,55,26,3,5,17,8,86.1,Handover,0,25.37,No
LA108611,Amreli,344,209,135,474,172,3,4,7,6,75.3,Acquisition,21,39.24,No
LA108612,Amreli,232,131,101,229,50,3,8,22,3,73.1,Compensation,34,43.53,No
LA108613,Kheda,617,418,199,680,241,4,5,57,17,84.9,Acquisition,30,32.25,Yes
LA108614,Jamnagar,853,660,193,1003,157,6,9,14,15,87.0,Compensation,84,22.63,No
LA108615,Junagadh,310,255,55,414,143,5,14,1,10,86.3,Handover,22,17.74,No
LA108616,Banaskantha,549,478,71,366,209,3,6,24,4,83.7,Handover,74,12.93,No
LA108617,Banaskantha,1170,907,263,729,324,5,11,29,10,91.2,Acquisition,17,22.48,No
LA108618,Navsari,1413,864,549,2041,658,5,12,0,38,77.0,Compensation,41,38.85,Yes
LA108619,Anand,70,18,52,39,8,3,3,5,1,66.5,Objection,1,74.29,No
LA108620,Gandhinagar,960,629,331,1140,57,4,9,0,17,64.2,Compensation,0,34.48,No
LA108621,Jamnagar,87,36,51,96,12,2,6,25,6,67.6,Compensation,41,58.62,Yes
LA108622,Sabarkantha,805,651,154,843,442,3,10,65,15,87.2,Handover,1,19.13,Yes
LA108623,Navsari,1326,967,359,1667,430,4,10,34,21,81.7,Acquisition,16,27.07,Yes
LA108624,Valsad,1207,1098,109,1742,658,7,9,0,27,91.8,Handover,0,9.03,No
LA108625,Rajkot,387,257,130,229,98,3,6,40,3,86.4,Handover,0,33.59,Yes
LA108626,Patan,425,333,92,469,44,1,10,71,13,84.2,Acquisition,10,21.65,No
LA108627,Bharuch,1186,1044,142,1417,254,8,5,8,29,83.3,Handover,78,11.97,Yes
LA108628,Navsari,1239,980,259,1023,395,3,9,14,10,87.9,Acquisition,15,20.9,Yes
LA108629,Panchmahal,457,167,290,619,379,1,7,39,14,59.1,Objection,23,63.46,Yes
LA108630,Junagadh,54,37,17,52,4,1,5,37,5,93.4,Compensation,15,31.48,No
LA108631,Mehsana,694,458,236,484,20,5,9,3,6,64.4,Acquisition,1,34.01,No
LA108632,Amreli,949,671,278,1252,716,5,10,3,20,86.4,Acquisition,0,29.29,No
LA108633,Surat,693,477,216,969,489,9,8,3,20,82.9,Acquisition,15,31.17,Yes
LA108634,Panchmahal,1406,1378,28,899,108,5,2,42,14,86.9,Handover,8,1.99,No
LA108635,Ahmedabad,1230,798,432,1509,538,3,5,15,22,68.6,Acquisition,14,35.12,Yes
LA108636,Gandhinagar,1193,810,383,887,523,3,8,72,26,69.3,Compensation,37,32.1,Yes
LA108637,Gandhinagar,79,65,14,44,11,5,16,47,3,77.4,Acquisition,79,17.72,Yes
LA108638,Bhavnagar,1288,653,635,1011,471,3,15,94,18,78.3,Compensation,81,49.3,Yes
LA108639,Rajkot,1145,1102,43,1511,761,9,9,18,27,91.7,Handover,46,3.76,Yes
LA108640,Sabarkantha,625,386,239,423,60,5,16,7,7,58.9,Compensation,2,38.24,No
LA108641,Bharuch,905,419,486,604,90,8,9,23,10,64.1,Compensation,35,53.7,Yes
LA108642,Bharuch,1245,924,321,1513,737,6,10,0,22,78.7,Handover,33,25.78,No
LA108643,Patan,1364,1018,346,1249,250,5,15,4,19,77.1,Acquisition,9,25.37,No
LA108644,Bhavnagar,849,607,242,580,256,4,9,64,12,89.6,Acquisition,76,28.5,Yes
LA108645,Bharuch,109,77,32,83,30,4,8,44,4,73.8,Acquisition,5,29.36,No
LA108646,Amreli,947,614,333,1198,240,8,9,22,15,82.8,Compensation,26,35.16,No
LA108647,Ahmedabad,1036,1015,21,1151,688,8,8,22,14,85.6,Handover,31,2.03,Yes
LA108648,Surat,135,94,41,167,17,3,13,0,6,80.0,Acquisition,93,30.37,No
LA108649,Bhavnagar,1235,1061,174,788,412,3,8,9,19,91.1,Handover,2,14.09,No
LA108650,Sabarkantha,342,162,180,329,201,5,8,29,8,75.8,Compensation,41,52.63,Yes
LA108651,Anand,1342,1082,260,1701,747,9,14,19,34,87.8,Handover,19,19.37,Yes
LA108652,Jamnagar,849,702,147,670,301,3,14,48,9,82.2,Handover,101,17.31,Yes
LA108653,Gandhinagar,517,366,151,363,115,2,11,27,10,90.7,Acquisition,9,29.21,No
LA108654,Anand,135,63,72,121,22,5,8,12,4,64.9,Objection,39,53.33,No
LA108655,Sabarkantha,75,57,18,64,29,2,4,39,5,94.0,Handover,25,24.0,Yes
LA108656,Sabarkantha,1125,370,755,807,125,3,10,0,13,58.3,Compensation,5,67.11,No
LA108657,Patan,597,357,240,841,280,5,9,14,17,84.3,Acquisition,79,40.2,Yes
LA108658,Ahmedabad,1268,835,433,1249,206,10,9,44,18,68.5,Acquisition,20,34.15,Yes
LA108659,Mehsana,384,208,176,421,127,3,5,29,9,78.8,Compensation,3,45.83,No
LA108660,Rajkot,1385,600,785,913,172,8,13,6,16,73.6,Compensation,45,56.68,Yes
LA108661,Surat,1416,793,623,1556,775,9,13,99,20,73.8,Compensation,11,44.0,Yes
LA108662,Amreli,197,160,37,207,68,5,8,23,8,91.6,Handover,0,18.78,No
LA108663,Banaskantha,988,827,161,1372,426,6,9,36,18,88.9,Handover,1,16.3,Yes
LA108664,Gandhinagar,1413,497,916,1301,181,3,11,34,17,58.0,Objection,5,64.83,Yes
LA108665,Vadodara,518,307,211,649,189,1,11,25,4,77.3,Acquisition,7,40.73,No
LA108666,Panchmahal,148,111,37,122,20,5,7,16,3,81.1,Acquisition,8,25.0,No
LA108667,Jamnagar,1320,948,372,1414,649,3,7,4,21,75.1,Acquisition,44,28.18,Yes
LA108668,Valsad,737,535,202,1020,542,4,13,60,12,72.7,Acquisition,39,27.41,Yes
LA108669,Vadodara,89,76,13,99,26,2,4,24,7,91.8,Handover,30,14.61,No
LA108670,Jamnagar,1269,645,624,1510,395,7,11,67,16,79.3,Compensation,0,49.17,Yes
LA108671,Jamnagar,1035,710,325,1385,227,5,2,38,17,88.4,Handover,3,31.4,Yes
LA108672,Morbi,152,105,47,210,70,6,4,40,12,69.5,Compensation,26,30.92,Yes
LA108673,Rajkot,425,215,210,313,31,4,10,34,8,47.7,Compensation,23,49.41,No
LA108674,Surat,76,59,17,55,23,1,4,0,4,88.9,Acquisition,28,22.37,No
LA108675,Bhavnagar,1435,1089,346,1500,369,7,8,94,16,88.7,Acquisition,6,24.11,No
LA108676,Valsad,86,17,69,124,66,2,4,8,10,45.2,Notification,39,80.23,Yes
LA108677,Sabarkantha,1204,927,277,1193,864,5,8,1,19,75.1,Compensation,0,23.01,Yes
LA108678,Navsari,791,383,408,671,97,4,6,13,11,71.7,Compensation,104,51.58,No
LA108679,Navsari,895,472,423,925,297,5,19,74,15,48.0,Compensation,3,47.26,Yes
LA108680,Kheda,1227,755,472,746,76,6,17,19,15,74.7,Compensation,23,38.47,No
LA108681,Rajkot,1348,915,433,956,604,5,9,39,21,87.6,Compensation,13,32.12,No
LA108682,Surat,234,120,114,160,11,3,10,21,3,80.9,Acquisition,10,48.72,No
LA108683,Ahmedabad,75,57,18,43,9,4,10,23,4,89.1,Handover,4,24.0,No
LA108684,Patan,230,176,54,276,153,7,5,31,9,88.7,Handover,0,23.48,Yes
LA108685,Anand,1040,750,290,877,369,1,13,38,11,86.6,Acquisition,10,27.88,Yes
LA108686,Banaskantha,874,217,657,613,91,3,8,3,8,40.3,Notification,33,75.17,Yes
LA108687,Panchmahal,171,116,55,173,103,7,11,85,9,67.1,Compensation,33,32.16,Yes
LA108688,Jamnagar,389,266,123,327,40,0,10,38,8,74.6,Acquisition,1,31.62,Yes
LA108689,Kheda,829,595,234,749,214,6,6,23,10,81.5,Compensation,0,28.23,No
LA108690,Jamnagar,1109,951,158,925,523,8,6,4,12,85.7,Acquisition,10,14.25,Yes
LA108691,Ahmedabad,548,408,140,303,61,3,5,26,8,94.1,Acquisition,7,25.55,No
LA108692,Ahmedabad,1427,821,606,1669,384,10,12,85,23,63.8,Acquisition,29,42.47,Yes
LA108693,Bhavnagar,1489,918,571,967,195,7,10,49,20,67.7,Acquisition,27,38.35,Yes
LA108694,Banaskantha,1161,842,319,868,199,6,6,10,20,70.3,Compensation,36,27.48,Yes
LA108695,Bharuch,709,279,430,511,140,7,8,35,8,66.2,Objection,95,60.65,Yes
LA108696,Gandhinagar,1322,806,516,1121,187,7,12,25,13,81.4,Compensation,20,39.03,No
LA108697,Patan,1106,588,518,768,221,4,7,0,11,73.7,Compensation,72,46.84,No
LA108698,Gandhinagar,803,535,268,692,92,3,14,75,12,74.2,Acquisition,0,33.37,No
LA108699,Panchmahal,693,554,139,533,274,6,11,35,7,88.7,Handover,9,20.06,No
LA108700,Mehsana,1257,922,335,761,58,7,13,37,12,79.6,Acquisition,0,26.65,No
LA108701,Mehsana,858,315,543,1144,371,7,15,9,22,70.5,Objection,0,63.29,Yes
LA108702,Amreli,315,247,68,260,54,4,9,48,10,75.9,Handover,0,21.59,No
LA108703,Rajkot,1500,755,745,954,272,5,15,108,11,61.6,Compensation,10,49.67,Yes
LA108704,Navsari,149,93,56,152,68,2,8,26,8,69.7,Acquisition,22,37.58,No
LA108705,Anand,1058,781,277,699,278,7,7,11,5,81.8,Acquisition,54,26.18,Yes
LA108706,Amreli,1001,492,509,1247,828,7,6,31,14,68.4,Compensation,30,50.85,Yes
LA108707,Rajkot,900,300,600,545,19,11,13,10,3,43.4,Objection,0,66.67,Yes
LA108708,Mehsana,125,64,61,121,6,4,10,12,6,63.8,Compensation,35,48.8,Yes
LA108709,Surat,764,461,303,1069,259,5,13,0,12,72.3,Acquisition,0,39.66,No
LA108710,Mehsana,1344,622,722,931,409,6,14,0,16,55.5,Objection,61,53.72,Yes
LA108711,Amreli,397,292,105,290,48,0,7,0,8,85.9,Compensation,10,26.45,No
LA108712,Sabarkantha,1053,650,403,1148,340,8,13,33,12,86.6,Acquisition,0,38.27,Yes
LA108713,Valsad,1296,776,520,1856,1013,5,9,54,25,74.1,Compensation,6,40.12,Yes
LA108714,Panchmahal,1431,1306,125,1284,646,4,6,4,17,86.3,Handover,28,8.74,No
LA108715,Valsad,798,443,355,905,125,4,14,76,25,73.5,Compensation,34,44.49,Yes
LA108716,Banaskantha,505,285,220,347,53,4,7,17,10,68.5,Compensation,25,43.56,No
LA108717,Rajkot,1065,762,303,1201,256,3,10,16,16,75.5,Acquisition,0,28.45,Yes
LA108718,Morbi,755,660,95,587,93,4,9,55,9,78.2,Handover,68,12.58,Yes
LA108719,Ahmedabad,959,533,426,1057,217,7,13,0,25,70.9,Compensation,10,44.42,Yes
LA108720,Anand,1126,383,743,709,353,1,12,34,11,60.0,Objection,11,65.99,Yes
LA108721,Junagadh,1080,842,238,1104,588,2,7,16,18,82.8,Handover,50,22.04,Yes
LA108722,Bhavnagar,402,261,141,307,157,4,8,39,4,84.5,Compensation,76,35.07,No
LA108723,Mehsana,1146,644,502,1333,193,8,17,20,17,66.4,Compensation,11,43.8,No
LA108724,Navsari,836,600,236,1022,338,4,12,28,15,77.8,Acquisition,32,28.23,No
LA108725,Vadodara,1400,784,616,1839,336,6,14,8,25,73.3,Compensation,7,44.0,Yes
LA108726,Panchmahal,1006,559,447,1452,376,9,11,18,24,71.0,Compensation,17,44.43,Yes
LA108727,Valsad,1344,1008,336,1295,477,9,7,19,18,78.8,Compensation,8,25.0,Yes
LA108728,Rajkot,1470,1344,126,1696,233,3,6,3,23,91.3,Acquisition,6,8.57,No
LA108729,Bhavnagar,1493,936,557,846,112,6,10,6,12,74.6,Compensation,81,37.31,No
LA108730,Anand,1130,761,369,1542,569,6,13,7,23,77.7,Compensation,37,32.65,No
LA108731,Bharuch,916,336,580,1011,139,8,5,9,23,61.5,Objection,34,63.32,Yes
LA108732,Junagadh,221,154,67,205,24,5,7,22,7,80.2,Acquisition,15,30.32,No
LA108733,Panchmahal,610,398,212,574,128,9,7,35,11,81.0,Compensation,34,34.75,No
LA108734,Banaskantha,739,312,427,911,143,7,10,52,12,55.6,Compensation,30,57.78,Yes
LA108735,Bharuch,1182,1044,138,1537,815,4,2,10,20,85.5,Handover,16,11.68,No
LA108736,Kheda,904,248,656,1155,317,5,10,4,18,53.1,Compensation,17,72.57,Yes
LA108737,Morbi,687,558,129,694,178,4,9,45,8,81.2,Acquisition,23,18.78,No
LA108738,Morbi,262,147,115,232,42,5,6,44,5,67.1,Compensation,40,43.89,Yes
LA108739,Navsari,1088,906,182,1524,818,3,15,18,18,94.1,Handover,30,16.73,No
LA108740,Patan,676,264,412,758,120,2,8,66,8,61.3,Compensation,63,60.95,Yes
LA108741,Morbi,102,64,38,106,23,3,7,5,7,72.6,Compensation,0,37.25,No
LA108742,Vadodara,462,437,25,503,285,7,5,42,11,84.4,Handover,3,5.41,Yes
LA108743,Navsari,1326,640,686,1481,161,2,15,10,22,85.1,Compensation,18,51.73,Yes
LA108744,Morbi,222,121,101,265,43,5,6,8,6,85.4,Compensation,78,45.5,No
LA108745,Bharuch,639,262,377,670,35,8,5,83,14,56.8,Objection,37,59.0,No
LA108746,Bharuch,792,567,225,1060,362,5,6,0,20,80.2,Acquisition,69,28.41,No
LA108747,Kheda,171,93,78,226,69,4,3,82,5,59.0,Objection,36,45.61,Yes
LA108748,Patan,290,182,108,275,68,5,7,0,9,70.9,Acquisition,13,37.24,No
LA108749,Rajkot,1414,806,608,992,365,7,10,14,11,84.8,Compensation,0,43.0,Yes
LA108750,Mehsana,906,683,223,969,292,6,11,40,22,81.0,Compensation,13,24.61,Yes
LA108751,Anand,355,212,143,394,15,11,8,21,8,73.9,Compensation,4,40.28,Yes
LA108752,Valsad,296,232,64,302,67,3,6,6,10,81.4,Handover,1,21.62,No
LA108753,Mehsana,667,455,212,901,140,6,6,35,15,86.7,Acquisition,42,31.78,No
LA108754,Ahmedabad,1099,729,370,696,44,3,11,2,9,92.4,Compensation,0,33.67,No
LA108755,Surat,1109,786,323,897,9,5,9,11,26,86.6,Acquisition,13,29.13,No
LA108756,Jamnagar,333,254,79,443,269,2,8,19,8,82.9,Acquisition,0,23.72,No
LA108757,Vadodara,1102,891,211,1538,96,6,7,12,27,88.1,Handover,43,19.15,No
LA108758,Morbi,1350,825,525,1260,586,9,13,57,9,73.4,Acquisition,35,38.89,Yes
LA108759,Anand,378,190,188,273,113,5,12,40,8,69.2,Compensation,4,49.74,No
LA108760,Ahmedabad,88,68,20,82,14,5,6,65,4,89.6,Acquisition,4,22.73,No
LA108761,Junagadh,1441,1156,285,1384,209,7,8,9,17,77.5,Acquisition,15,19.78,No
LA108762,Valsad,807,724,83,821,280,6,7,0,10,76.4,Handover,17,10.29,No
LA108763,Kheda,1176,685,491,937,393,7,19,4,15,67.1,Acquisition,14,41.75,Yes
LA108764,Morbi,514,385,129,427,65,9,9,11,13,76.8,Compensation,122,25.1,Yes
LA108765,Patan,484,258,226,552,362,1,6,33,11,73.0,Objection,84,46.69,Yes
LA108766,Jamnagar,376,323,53,417,104,1,12,0,9,83.9,Handover,17,14.1,No
LA108767,Vadodara,364,272,92,417,49,5,12,0,8,89.1,Compensation,0,25.27,No
LA108768,Jamnagar,734,401,333,653,128,4,5,36,12,79.3,Compensation,0,45.37,No
LA108769,Ahmedabad,203,152,51,173,80,8,4,2,2,75.6,Acquisition,84,25.12,No
LA108770,Vadodara,1271,1079,192,1101,497,4,9,26,12,94.5,Handover,0,15.11,Yes
LA108771,Sabarkantha,791,726,65,1112,730,7,10,30,20,88.9,Acquisition,26,8.22,No
LA108772,Amreli,1378,1139,239,1248,272,7,4,7,18,85.7,Handover,109,17.34,Yes
LA108773,Bhavnagar,778,480,298,852,392,3,6,59,13,85.9,Compensation,0,38.3,No
LA108774,Kheda,490,188,302,500,72,1,13,8,7,51.0,Objection,91,61.63,Yes
LA108775,Jamnagar,797,287,510,1067,169,5,14,30,21,58.8,Objection,40,63.99,Yes
LA108776,Sabarkantha,273,255,18,241,78,4,8,57,8,91.5,Handover,34,6.59,No
LA108777,Vadodara,1245,817,428,1171,746,4,8,47,20,76.9,Acquisition,2,34.38,No
LA108778,Banaskantha,1094,805,289,1432,323,7,9,36,20,91.0,Acquisition,40,26.42,No
LA108779,Jamnagar,263,139,124,183,47,3,6,11,6,84.6,Acquisition,26,47.15,No
LA108780,Morbi,894,698,196,970,286,2,13,12,17,78.4,Handover,42,21.92,Yes
LA108781,Navsari,830,297,533,755,108,3,9,26,19,53.6,Objection,1,64.22,Yes
LA108782,Rajkot,341,179,162,490,94,4,4,38,10,68.0,Compensation,98,47.51,No
LA108783,Anand,227,172,55,272,60,3,4,26,5,82.6,Acquisition,11,24.23,No
LA108784,Kheda,1153,725,428,645,337,3,8,17,18,83.3,Acquisition,76,37.12,Yes
LA108785,Banaskantha,433,217,216,565,230,2,7,0,10,77.4,Compensation,0,49.88,No
LA108786,Patan,802,542,260,949,304,6,9,43,11,77.7,Acquisition,58,32.42,No
LA108787,Junagadh,409,279,130,431,79,5,5,10,10,88.5,Compensation,0,31.78,No
LA108788,Bharuch,998,571,427,761,221,4,9,10,11,70.7,Compensation,3,42.79,No
LA108789,Bhavnagar,121,68,53,83,20,3,17,35,3,77.0,Acquisition,34,43.8,No
LA108790,Ahmedabad,571,376,195,637,323,5,9,7,14,90.3,Acquisition,28,34.15,No
LA108791,Mehsana,843,442,401,797,293,7,7,13,9,80.6,Acquisition,38,47.57,No
LA108792,Ahmedabad,687,332,355,911,549,5,9,35,11,61.0,Compensation,31,51.67,Yes
LA108793,Jamnagar,938,606,332,737,219,3,7,15,14,66.7,Acquisition,18,35.39,No
LA108794,Ahmedabad,311,231,80,349,229,0,9,6,4,76.8,Acquisition,119,25.72,No
LA108795,Sabarkantha,691,471,220,535,93,1,11,0,9,79.8,Acquisition,19,31.84,No
LA108796,Sabarkantha,1147,1015,132,1288,409,8,2,11,17,85.6,Handover,0,11.51,No
LA108797,Amreli,534,340,194,317,104,2,7,11,12,80.8,Acquisition,31,36.33,Yes
LA108798,Amreli,277,168,109,250,129,1,0,39,8,65.6,Compensation,19,39.35,Yes
LA108799,Valsad,1280,469,811,903,462,6,17,5,17,55.7,Objection,24,63.36,Yes
LA108800,Rajkot,1179,554,625,1291,365,5,13,15,10,67.3,Objection,12,53.01,Yes
LA108801,Panchmahal,1037,542,495,866,314,5,11,2,9,58.1,Compensation,52,47.73,No
LA108802,Jamnagar,1207,780,427,1502,448,3,8,35,25,72.8,Compensation,60,35.38,Yes
LA108803,Surat,1180,925,255,771,70,5,9,48,8,83.6,Handover,19,21.61,No
LA108804,Navsari,1133,655,478,1190,83,11,12,12,22,84.2,Acquisition,0,42.19,Yes
LA108805,Vadodara,789,637,152,856,249,5,9,0,18,82.1,Acquisition,9,19.26,No
LA108806,Jamnagar,78,46,32,44,21,4,8,12,1,65.9,Compensation,51,41.03,Yes
LA108807,Bhavnagar,916,595,321,533,69,3,15,9,5,80.8,Acquisition,9,35.04,No
LA108808,Bharuch,446,306,140,369,206,3,9,80,6,75.2,Acquisition,48,31.39,Yes
LA108809,Sabarkantha,1172,1041,131,1287,170,4,8,28,20,88.9,Handover,5,11.18,No
LA108810,Ahmedabad,729,261,468,1033,342,6,8,18,17,57.2,Objection,0,64.2,Yes
LA108811,Patan,1363,732,631,861,207,7,11,10,15,73.5,Compensation,157,46.29,Yes
LA108812,Navsari,914,665,249,1081,317,3,11,5,20,86.9,Compensation,41,27.24,Yes
LA108813,Junagadh,848,490,358,995,153,3,9,0,16,90.9,Acquisition,8,42.22,Yes
LA108814,Anand,1383,1107,276,1594,343,3,9,44,19,87.9,Acquisition,25,19.96,No
LA108815,Junagadh,739,616,123,750,39,6,7,0,9,85.6,Handover,14,16.64,No
LA108816,Anand,595,392,203,845,130,6,5,19,17,72.7,Compensation,6,34.12,No
LA108817,Morbi,589,326,263,590,409,3,9,19,11,64.0,Objection,50,44.65,Yes
LA108818,Bhavnagar,1319,1077,242,1721,191,9,11,11,30,83.0,Acquisition,6,18.35,No
LA108819,Mehsana,1147,803,344,902,482,4,6,35,20,82.6,Handover,12,29.99,Yes
LA108820,Amreli,287,172,115,366,105,3,8,16,7,86.9,Compensation,76,40.07,No
LA108821,Panchmahal,764,550,214,1105,79,4,8,10,21,82.4,Acquisition,59,28.01,No
LA108822,Panchmahal,588,361,227,805,13,6,10,22,16,62.0,Compensation,29,38.61,Yes
LA108823,Gandhinagar,988,757,231,814,440,7,6,49,6,84.5,Acquisition,0,23.38,No
LA108824,Jamnagar,125,80,45,164,61,3,6,24,6,79.3,Acquisition,7,36.0,Yes
LA108825,Rajkot,1086,991,95,690,331,2,7,0,18,94.0,Handover,14,8.75,Yes
LA108826,Morbi,1127,792,335,1307,240,2,9,62,20,78.4,Compensation,65,29.72,No
LA108827,Kheda,378,207,171,324,36,3,11,2,10,69.7,Objection,0,45.24,No
LA108828,Amreli,268,218,50,306,72,4,11,16,5,91.0,Handover,0,18.66,No
LA108829,Kheda,960,501,459,884,93,1,9,6,17,68.3,Acquisition,0,47.81,Yes
LA108830,Vadodara,422,314,108,236,33,4,7,136,3,80.2,Acquisition,27,25.59,Yes
LA108831,Ahmedabad,1416,772,644,1074,43,5,8,16,13,75.8,Compensation,32,45.48,No
LA108832,Anand,1174,886,288,690,133,9,6,12,14,83.7,Acquisition,51,24.53,No
LA108833,Junagadh,1435,1292,143,1341,474,5,7,20,22,92.1,Handover,94,9.97,Yes
LA108834,Jamnagar,825,523,302,1078,235,5,6,54,19,73.5,Acquisition,0,36.61,Yes
LA108835,Surat,1411,691,720,1713,544,6,10,0,23,60.2,Objection,41,51.03,Yes
LA108836,Navsari,70,37,33,88,16,4,4,28,3,65.2,Acquisition,0,47.14,No
LA108837,Rajkot,470,345,125,600,266,5,6,24,7,80.0,Acquisition,22,26.6,Yes
LA108838,Kheda,53,20,33,47,20,5,8,10,8,55.8,Compensation,38,62.26,Yes
LA108839,Gandhinagar,1033,720,313,1039,269,7,8,29,17,82.6,Handover,24,30.3,No
LA108840,Bharuch,790,317,473,796,80,4,7,44,16,62.6,Objection,0,59.87,Yes
LA108841,Gandhinagar,467,271,196,304,72,2,14,71,9,73.3,Compensation,18,41.97,Yes
LA108842,Panchmahal,492,289,203,535,242,1,10,0,11,89.8,Acquisition,11,41.26,No
LA108843,Jamnagar,984,745,239,1179,274,6,9,12,20,86.7,Acquisition,16,24.29,No
LA108844,Navsari,311,242,69,342,176,3,10,2,7,83.3,Acquisition,40,22.19,No
LA108845,Kheda,796,429,367,972,734,5,10,38,9,67.6,Objection,23,46.11,Yes
LA108846,Mehsana,940,584,356,618,309,4,8,8,8,66.1,Compensation,45,37.87,Yes
LA108847,Bharuch,398,263,135,492,207,1,3,37,8,65.8,Acquisition,49,33.92,Yes
LA108848,Bharuch,381,212,169,281,43,6,6,0,3,68.8,Compensation,6,44.36,No
LA108849,Surat,563,199,364,754,209,12,5,33,13,59.2,Compensation,60,64.65,Yes
LA108850,Valsad,909,790,119,700,221,6,9,96,15,87.2,Handover,0,13.09,No
LA108851,Sabarkantha,419,323,96,416,167,6,7,17,8,80.0,Acquisition,34,22.91,Yes
LA108852,Anand,600,442,158,593,229,4,7,33,14,80.9,Compensation,66,26.33,No
LA108853,Surat,838,631,207,664,80,1,5,45,11,91.3,Handover,2,24.7,No
LA108854,Gandhinagar,320,228,92,280,79,2,7,25,5,79.5,Acquisition,16,28.75,No
LA108855,Ahmedabad,875,649,226,627,417,2,11,3,11,88.4,Acquisition,15,25.83,No
LA108856,Navsari,250,127,123,266,161,3,13,32,9,71.0,Compensation,17,49.2,Yes
LA108857,Junagadh,256,224,32,351,66,2,10,0,13,94.5,Handover,22,12.5,No
LA108858,Panchmahal,393,216,177,328,129,4,6,28,11,76.8,Compensation,0,45.04,Yes
LA108859,Navsari,465,330,135,468,112,5,10,12,7,75.7,Acquisition,51,29.03,Yes
LA108860,Navsari,93,73,20,123,15,3,8,17,5,86.8,Acquisition,36,21.51,No
LA108861,Patan,1445,668,777,1383,516,12,10,11,19,61.0,Objection,0,53.77,Yes
LA108862,Morbi,497,407,90,645,151,7,7,4,10,92.9,Acquisition,29,18.11,No
LA108863,Valsad,1217,727,490,1158,689,4,7,41,13,82.1,Acquisition,27,40.26,No
LA108864,Anand,1358,586,772,1285,314,1,9,7,15,66.4,Compensation,0,56.85,Yes
LA108865,Vadodara,1211,1079,132,837,331,4,3,7,15,83.3,Handover,4,10.9,No
LA108866,Navsari,1256,798,458,832,212,7,5,21,10,77.2,Acquisition,25,36.46,No
LA108867,Gandhinagar,195,102,93,215,50,2,6,13,11,78.5,Compensation,21,47.69,No
LA108868,Sabarkantha,589,443,146,763,207,2,12,21,16,78.0,Compensation,31,24.79,No
LA108869,Patan,1132,717,415,761,119,6,9,10,14,85.0,Handover,37,36.66,No
LA108870,Amreli,885,573,312,1212,412,5,8,6,23,71.6,Acquisition,9,35.25,No
LA108871,Kheda,58,50,8,51,17,3,5,54,3,83.5,Handover,5,13.79,No
LA108872,Jamnagar,873,269,604,814,138,6,14,13,14,47.9,Objection,40,69.19,Yes
LA108873,Bhavnagar,1217,929,288,1649,449,4,14,29,31,76.9,Acquisition,8,23.66,Yes
LA108874,Vadodara,1252,1085,167,1699,121,13,6,11,24,90.2,Handover,6,13.34,No
LA108875,Kheda,607,367,240,621,114,2,5,10,13,58.6,Compensation,17,39.54,No
LA108876,Rajkot,392,329,63,313,62,6,8,86,7,89.2,Handover,25,16.07,No
LA108877,Navsari,499,367,132,352,184,1,6,38,5,89.8,Acquisition,0,26.45,No
LA108878,Surat,480,190,290,381,45,1,8,52,10,72.9,Objection,21,60.42,No
LA108879,Navsari,552,83,469,691,296,5,5,36,11,38.6,Notification,0,84.96,Yes
LA108880,Amreli,487,333,154,410,115,6,7,49,10,84.8,Acquisition,14,31.62,Yes
LA108881,Ahmedabad,713,600,113,838,543,1,4,3,8,85.6,Handover,29,15.85,No
LA108882,Mehsana,109,87,22,79,23,2,4,78,4,79.2,Handover,33,20.18,No
LA108883,Mehsana,449,190,259,440,75,2,10,117,6,66.5,Objection,1,57.68,Yes
LA108884,Bharuch,506,370,136,439,93,5,5,31,13,73.4,Acquisition,16,26.88,No
LA108885,Patan,272,132,140,273,47,7,11,42,4,69.0,Objection,18,51.47,Yes
LA108886,Amreli,1323,576,747,1406,811,6,12,79,20,65.1,Compensation,28,56.46,Yes
LA108887,Amreli,1030,290,740,1485,793,3,10,17,31,56.1,Objection,26,71.84,Yes
LA108888,Valsad,1373,947,426,1867,221,10,8,28,30,77.7,Acquisition,23,31.03,Yes
LA108889,Bhavnagar,864,394,470,1016,151,7,20,21,21,64.8,Acquisition,0,54.4,No
LA108890,Morbi,209,158,51,144,32,1,9,7,6,74.9,Handover,1,24.4,No
LA108891,Mehsana,1362,462,900,1876,662,6,14,18,17,57.0,Objection,20,66.08,Yes
LA108892,Vadodara,714,484,230,966,371,1,8,9,24,73.0,Acquisition,0,32.21,Yes
LA108893,Valsad,1043,537,506,1406,140,10,12,0,17,75.9,Compensation,52,48.51,Yes
LA108894,Rajkot,603,456,147,592,75,4,8,14,8,77.4,Acquisition,66,24.38,Yes
LA108895,Amreli,767,412,355,540,133,5,11,19,3,65.8,Compensation,0,46.28,No
LA108896,Gandhinagar,760,591,169,934,218,5,8,24,7,86.1,Acquisition,42,22.24,No
LA108897,Sabarkantha,463,199,264,417,196,3,8,8,4,60.3,Objection,4,57.02,No
LA108898,Banaskantha,854,622,232,735,265,7,4,55,11,88.1,Acquisition,101,27.17,No
LA108899,Junagadh,1114,598,516,1004,362,3,13,12,18,62.2,Acquisition,6,46.32,Yes
LA108900,Gandhinagar,79,62,17,83,31,5,13,29,5,73.2,Acquisition,3,21.52,No
LA108901,Vadodara,239,137,102,203,36,1,9,36,2,79.8,Acquisition,20,42.68,Yes
LA108902,Vadodara,1272,645,627,1489,185,7,14,4,26,67.2,Objection,61,49.29,Yes
LA108903,Ahmedabad,876,349,527,992,397,5,6,44,19,59.7,Objection,47,60.16,Yes
LA108904,Banaskantha,1462,746,716,1474,1046,3,12,17,18,78.2,Compensation,55,48.97,Yes
LA108905,Patan,927,549,378,555,34,5,13,45,10,85.8,Acquisition,57,40.78,No
LA108906,Rajkot,998,606,392,1390,376,0,9,0,29,79.9,Acquisition,5,39.28,No
LA108907,Valsad,1354,867,487,1246,510,5,10,4,18,79.9,Acquisition,11,35.97,Yes
LA108908,Bharuch,1008,816,192,962,321,8,8,12,16,78.8,Handover,106,19.05,No
LA108909,Panchmahal,528,346,182,507,184,1,9,23,7,68.6,Objection,6,34.47,No
LA108910,Morbi,816,597,219,717,223,6,6,23,18,92.1,Acquisition,38,26.84,Yes
LA108911,Anand,391,331,60,452,166,5,5,36,8,88.0,Acquisition,5,15.35,No
LA108912,Sabarkantha,535,304,231,301,84,6,6,74,9,76.9,Compensation,25,43.18,Yes
LA108913,Mehsana,1037,718,319,1386,369,8,8,8,18,81.8,Acquisition,56,30.76,Yes
LA108914,Gandhinagar,266,190,76,171,69,4,8,4,7,80.0,Acquisition,70,28.57,No
LA108915,Ahmedabad,1025,896,129,1486,256,6,8,11,26,78.3,Handover,0,12.59,No
LA108916,Mehsana,897,739,158,1000,609,3,7,2,14,90.6,Handover,3,17.61,No
LA108917,Rajkot,497,263,234,303,89,4,4,51,7,79.6,Acquisition,0,47.08,No
LA108918,Mehsana,115,95,20,121,25,2,6,49,4,86.1,Acquisition,46,17.39,No
LA108919,Mehsana,1072,923,149,909,151,4,7,51,14,86.0,Handover,30,13.9,No
LA108920,Ahmedabad,1246,992,254,1754,992,5,10,0,14,82.4,Acquisition,49,20.39,Yes
LA108921,Amreli,1109,456,653,1364,318,9,6,76,18,64.4,Objection,24,58.88,Yes
LA108922,Bharuch,660,456,204,664,420,6,6,21,13,79.7,Acquisition,17,30.91,No
LA108923,Vadodara,998,691,307,935,345,4,10,46,15,81.2,Acquisition,1,30.76,Yes
LA108924,Ahmedabad,651,550,101,942,471,6,5,34,19,78.8,Acquisition,0,15.51,Yes
LA108925,Ahmedabad,569,382,187,655,209,1,6,1,14,73.4,Acquisition,3,32.86,No
LA108926,Anand,524,398,126,531,339,2,7,23,3,71.5,Acquisition,9,24.05,No
LA108927,Vadodara,355,207,148,322,74,9,7,44,10,77.5,Compensation,0,41.69,No
LA108928,Bharuch,1456,1005,451,1226,355,6,6,25,15,82.8,Acquisition,22,30.98,No
LA108929,Sabarkantha,1016,317,699,1204,674,9,8,18,20,51.1,Notification,21,68.8,Yes
LA108930,Junagadh,303,253,50,327,73,5,9,42,8,85.2,Handover,0,16.5,No
LA108931,Vadodara,1305,748,557,1714,534,5,11,42,28,59.7,Compensation,0,42.68,Yes
LA108932,Bhavnagar,269,155,114,282,84,7,10,4,7,66.7,Compensation,19,42.38,Yes
LA108933,Bhavnagar,911,597,314,979,407,2,6,32,8,76.8,Acquisition,6,34.47,No
LA108934,Mehsana,290,178,112,284,46,2,7,26,8,70.0,Compensation,13,38.62,No
LA108935,Valsad,574,236,338,710,332,7,12,30,19,68.0,Objection,3,58.89,Yes
LA108936,Vadodara,1005,515,490,928,246,4,11,0,28,68.3,Objection,39,48.76,Yes
LA108937,Rajkot,1499,798,701,1974,1020,10,16,3,27,69.4,Compensation,75,46.76,Yes
LA108938,Banaskantha,1489,1208,281,1257,115,4,8,6,21,92.0,Acquisition,67,18.87,No
LA108939,Sabarkantha,1349,790,559,1583,435,6,8,31,17,77.2,Acquisition,13,41.44,Yes
LA108940,Patan,391,240,151,529,117,7,2,0,8,81.5,Acquisition,18,38.62,No
LA108941,Panchmahal,185,54,131,230,74,0,6,32,3,59.2,Notification,47,70.81,Yes
LA108942,Sabarkantha,1364,985,379,1171,380,3,6,9,16,79.8,Acquisition,56,27.79,Yes
LA108943,Kheda,1389,358,1031,1647,492,11,9,92,21,53.8,Objection,1,74.23,Yes
LA108944,Kheda,454,337,117,334,149,3,7,35,7,76.4,Compensation,7,25.77,No
LA108945,Sabarkantha,77,54,23,46,20,1,5,9,5,78.6,Acquisition,0,29.87,No
LA108946,Sabarkantha,990,570,420,1250,399,6,9,21,15,62.2,Compensation,81,42.42,Yes
LA108947,Ahmedabad,160,95,65,204,59,2,2,4,4,79.9,Acquisition,12,40.62,No
LA108948,Amreli,108,85,23,62,5,2,6,16,5,73.0,Acquisition,26,21.3,Yes
LA108949,Banaskantha,1409,1288,121,1977,1141,6,8,58,30,81.0,Handover,33,8.59,Yes
LA108950,Anand,769,472,297,732,181,4,3,6,12,73.5,Objection,22,38.62,No
LA108951,Bharuch,212,119,93,289,77,2,11,29,13,65.3,Compensation,0,43.87,No
LA108952,Surat,999,450,549,1258,441,4,12,4,21,59.0,Objection,13,54.95,Yes
LA108953,Jamnagar,585,301,284,796,303,5,5,96,8,55.5,Compensation,10,48.55,Yes
LA108954,Rajkot,828,582,246,1076,461,8,10,20,23,74.7,Acquisition,0,29.71,Yes
LA108955,Bhavnagar,1354,772,582,1932,133,6,9,0,26,86.1,Compensation,42,42.98,Yes
LA108956,Banaskantha,395,255,140,441,274,3,12,6,14,84.2,Compensation,57,35.44,No
LA108957,Patan,988,718,270,745,52,4,9,12,15,80.6,Acquisition,18,27.33,No
LA108958,Amreli,1252,513,739,1128,288,8,9,13,21,48.1,Objection,35,59.03,Yes
LA108959,Bhavnagar,664,461,203,815,227,3,8,52,19,79.8,Acquisition,0,30.57,Yes
LA108960,Amreli,1457,381,1076,1007,495,5,18,24,14,57.1,Notification,25,73.85,Yes
LA108961,Navsari,700,438,262,971,813,4,7,2,18,69.8,Objection,0,37.43,Yes
LA108962,Amreli,716,604,112,526,141,3,7,10,13,78.2,Acquisition,0,15.64,No
LA108963,Valsad,1332,653,679,1783,757,8,9,42,34,83.5,Compensation,20,50.98,Yes
LA108964,Morbi,972,841,131,958,460,2,14,11,14,88.2,Handover,0,13.48,No
LA108965,Mehsana,1310,1184,126,1712,654,6,8,0,26,83.6,Handover,41,9.62,No
LA108966,Kheda,1196,721,475,1689,490,5,12,46,22,64.2,Compensation,19,39.72,Yes
LA108967,Kheda,1083,883,200,1007,208,3,11,2,13,93.0,Handover,59,18.47,No
LA108968,Mehsana,400,334,66,471,193,6,9,13,13,85.9,Acquisition,61,16.5,No
LA108969,Ahmedabad,628,318,310,474,91,7,7,24,12,64.8,Compensation,0,49.36,No
LA108970,Kheda,1304,640,664,1657,435,9,13,39,23,57.6,Compensation,16,50.92,Yes
LA108971,Patan,943,568,375,1215,599,8,13,0,18,72.0,Compensation,0,39.77,Yes
LA108972,Morbi,456,359,97,372,98,5,12,84,10,88.7,Acquisition,10,21.27,No
LA108973,Valsad,524,214,310,300,79,4,16,21,8,62.0,Compensation,12,59.16,No
LA108974,Morbi,1175,732,443,1102,406,9,10,5,15,78.9,Compensation,16,37.7,Yes
LA108975,Sabarkantha,308,269,39,217,34,2,10,14,10,82.8,Handover,64,12.66,Yes
LA108976,Bharuch,212,141,71,273,164,9,4,46,11,84.3,Compensation,0,33.49,Yes
LA108977,Panchmahal,1160,709,451,911,83,4,11,5,16,91.5,Acquisition,44,38.88,Yes
LA108978,Kheda,468,459,9,655,101,9,5,21,13,75.9,Handover,48,1.92,No
LA108979,Valsad,1160,929,231,1653,1121,5,5,50,17,94.9,Acquisition,0,19.91,Yes
LA108980,Patan,824,545,279,1127,186,3,7,2,20,80.6,Handover,77,33.86,No
LA108981,Morbi,1497,595,902,1631,776,4,13,59,26,57.7,Objection,0,60.25,Yes
LA108982,Gandhinagar,811,433,378,641,176,2,18,5,11,66.4,Acquisition,26,46.61,No
LA108983,Mehsana,1308,752,556,1670,219,2,9,0,20,77.2,Compensation,61,42.51,No
LA108984,Amreli,1283,1189,94,1516,348,3,7,76,13,88.8,Handover,59,7.33,No
LA108985,Sabarkantha,357,248,109,510,209,2,10,18,15,83.0,Acquisition,19,30.53,Yes
LA108986,Bhavnagar,1495,723,772,1330,404,5,12,58,26,71.5,Compensation,9,51.64,Yes
LA108987,Ahmedabad,1132,437,695,682,266,5,10,37,19,79.2,Compensation,23,61.4,Yes
LA108988,Junagadh,205,151,54,297,139,1,7,17,10,75.2,Acquisition,37,26.34,Yes
LA108989,Mehsana,58,40,18,76,33,1,9,5,10,84.4,Handover,64,31.03,Yes
LA108990,Jamnagar,443,380,63,332,97,4,12,0,4,92.8,Handover,31,14.22,No
LA108991,Ahmedabad,73,32,41,88,39,2,8,16,2,66.8,Objection,36,56.16,No
LA108992,Surat,568,398,170,313,119,3,6,34,6,80.9,Acquisition,1,29.93,Yes
LA108993,Amreli,1495,1034,461,1573,207,9,11,18,22,81.2,Handover,4,30.84,Yes
LA108994,Kheda,744,421,323,652,233,3,7,41,8,61.0,Compensation,26,43.41,No
LA108995,Patan,84,57,27,75,24,2,3,71,3,78.1,Acquisition,53,32.14,No
LA108996,Banaskantha,766,467,299,590,187,7,10,3,11,83.7,Compensation,31,39.03,No
LA108997,Banaskantha,367,312,55,293,128,2,6,12,12,73.4,Acquisition,23,14.99,No
LA108998,Bharuch,1292,712,580,1239,465,8,11,36,12,64.1,Compensation,8,44.89,Yes
LA108999,Banaskantha,181,112,69,140,76,7,6,34,7,82.9,Acquisition,22,38.12,Yes
LA109000,Navsari,1168,557,611,1133,486,6,12,17,18,59.6,Objection,38,52.31,Yes
LA109001,Panchmahal,697,564,133,746,315,8,8,60,11,88.1,Acquisition,11,19.08,Yes
LA109002,Panchmahal,77,47,30,92,16,2,6,0,8,69.6,Compensation,17,38.96,No
LA109003,Panchmahal,1026,712,314,1190,177,4,8,24,19,77.8,Acquisition,65,30.6,No
LA109004,Anand,710,357,353,545,219,4,8,0,7,61.4,Compensation,100,49.72,No
LA109005,Morbi,1169,863,306,684,243,4,14,17,15,76.8,Acquisition,0,26.18,Yes
LA109006,Patan,946,776,170,1229,367,1,10,33,18,86.1,Acquisition,0,17.97,No
LA109007,Navsari,1192,994,198,1591,421,8,7,30,24,87.1,Handover,5,16.61,No
LA109008,Valsad,718,446,272,1027,218,3,5,48,14,90.7,Acquisition,11,37.88,No
LA109009,Gandhinagar,61,13,48,86,28,3,4,7,5,53.3,Objection,57,78.69,No
LA109010,Surat,239,113,126,268,48,3,6,64,7,68.0,Compensation,20,52.72,Yes
LA109011,Patan,715,367,348,969,585,2,13,4,10,66.9,Compensation,38,48.67,Yes
LA109012,Surat,626,378,248,597,196,6,4,38,10,79.8,Acquisition,0,39.62,No
LA109013,Navsari,1202,631,571,1513,324,10,18,71,24,75.0,Acquisition,11,47.5,Yes
LA109014,Ahmedabad,647,376,271,912,420,7,9,73,15,68.7,Compensation,25,41.89,Yes
LA109015,Panchmahal,1298,665,633,1644,716,7,14,34,34,72.5,Acquisition,60,48.77,Yes
LA109016,Surat,322,155,167,298,38,5,3,20,10,83.8,Compensation,89,51.86,No
LA109017,Kheda,608,353,255,541,397,0,12,0,9,83.2,Compensation,1,41.94,No
LA109018,Gandhinagar,1147,705,442,932,369,3,15,38,12,79.5,Acquisition,24,38.54,No
LA109019,Jamnagar,230,141,89,202,68,6,7,14,14,76.2,Compensation,37,38.7,No
LA109020,Junagadh,516,379,137,665,352,8,6,47,14,76.6,Acquisition,27,26.55,Yes
LA109021,Banaskantha,1140,698,442,1347,438,7,8,12,26,69.7,Objection,8,38.77,No
LA109022,Patan,904,469,435,701,114,5,5,1,11,83.5,Compensation,9,48.12,No
LA109023,Valsad,1178,921,257,1402,378,4,9,71,32,75.9,Acquisition,0,21.82,Yes
LA109024,Bharuch,798,412,386,711,84,3,7,0,11,66.7,Compensation,19,48.37,Yes
LA109025,Kheda,1296,745,551,1363,99,3,15,14,26,69.6,Compensation,101,42.52,Yes
LA109026,Amreli,1323,920,403,1169,288,6,14,18,14,80.2,Acquisition,44,30.46,No
LA109027,Ahmedabad,1464,932,532,1492,43,8,7,20,16,83.7,Acquisition,34,36.34,No
LA109028,Sabarkantha,227,142,85,274,78,2,6,14,7,69.6,Compensation,37,37.44,No
LA109029,Navsari,907,522,385,1096,152,4,13,21,15,88.1,Acquisition,91,42.45,Yes
LA109030,Surat,215,168,47,264,28,3,11,20,5,76.8,Acquisition,10,21.86,No
LA109031,Morbi,382,304,78,345,38,3,4,12,6,88.7,Acquisition,0,20.42,No
LA109032,Panchmahal,485,345,140,568,153,7,12,39,7,79.4,Acquisition,2,28.87,Yes
LA109033,Morbi,987,538,449,755,342,6,9,23,9,62.7,Compensation,37,45.49,No
LA109034,Navsari,675,391,284,661,146,4,8,18,4,74.7,Compensation,7,42.07,No
LA109035,Morbi,1304,541,763,1402,257,6,10,6,18,44.0,Notification,0,58.51,No
LA109036,Morbi,483,286,197,564,115,3,8,28,9,78.5,Acquisition,48,40.79,Yes
LA109037,Gandhinagar,945,669,276,1295,717,2,5,26,20,91.6,Acquisition,25,29.21,Yes
LA109038,Morbi,1157,885,272,954,306,5,8,21,13,86.3,Acquisition,39,23.51,No
LA109039,Mehsana,1472,422,1050,1929,879,11,14,14,31,56.5,Objection,4,71.33,Yes
LA109040,Bhavnagar,405,272,133,336,57,4,8,4,7,84.4,Acquisition,64,32.84,No
LA109041,Morbi,1114,868,246,1166,585,5,10,0,19,86.6,Handover,26,22.08,No
LA109042,Amreli,173,132,41,224,35,0,6,32,9,80.5,Acquisition,44,23.7,No
LA109043,Kheda,838,614,224,1006,464,9,8,0,15,85.0,Acquisition,7,26.73,Yes
LA109044,Bharuch,650,408,242,862,140,0,12,10,13,83.4,Acquisition,0,37.23,No
LA109045,Rajkot,1440,904,536,1848,777,4,8,23,20,78.2,Compensation,6,37.22,No
LA109046,Vadodara,1172,645,527,936,160,4,11,65,10,74.1,Compensation,31,44.97,Yes
LA109047,Patan,1395,836,559,2014,979,12,16,39,31,73.4,Compensation,23,40.07,Yes
LA109048,Valsad,1284,767,517,1789,723,6,6,0,30,78.0,Acquisition,2,40.26,Yes
LA109049,Jamnagar,645,405,240,604,65,2,9,0,10,84.1,Acquisition,16,37.21,No
LA109050,Surat,1114,433,681,660,137,6,12,5,7,63.3,Compensation,4,61.13,Yes
LA109051,Anand,94,38,56,77,30,5,12,20,5,71.3,Objection,9,59.57,No
LA109052,Vadodara,859,657,202,1119,300,6,9,12,16,77.7,Acquisition,3,23.52,No
LA109053,Morbi,118,75,43,166,54,2,5,0,5,68.9,Compensation,60,36.44,Yes
LA109054,Bharuch,1100,480,620,1428,374,4,10,15,34,68.8,Compensation,22,56.36,Yes
LA109055,Navsari,1452,1087,365,1317,386,7,6,0,14,80.2,Acquisition,6,25.14,No
LA109056,Patan,1038,538,500,624,143,7,9,40,13,64.7,Objection,16,48.17,Yes
LA109057,Anand,1268,530,738,1288,22,12,4,11,19,67.7,Compensation,13,58.2,Yes
LA109058,Vadodara,390,235,155,347,62,6,12,37,5,82.3,Acquisition,26,39.74,No
LA109059,Mehsana,1492,862,630,986,575,4,11,0,11,71.9,Compensation,21,42.23,Yes
LA109060,Vadodara,849,499,350,548,166,1,9,23,16,64.7,Compensation,14,41.22,Yes
LA109061,Kheda,1028,806,222,707,22,6,12,2,12,84.0,Acquisition,24,21.6,No
LA109062,Panchmahal,1168,581,587,859,324,6,11,23,10,68.1,Compensation,33,50.26,No
LA109063,Panchmahal,978,675,303,1201,849,8,6,10,13,76.6,Acquisition,7,30.98,Yes
LA109064,Kheda,510,252,258,456,133,3,14,33,7,64.4,Acquisition,6,50.59,Yes
LA109065,Patan,937,595,342,884,565,7,12,0,17,82.5,Acquisition,21,36.5,Yes
LA109066,Banaskantha,998,677,321,1086,220,5,12,12,24,70.9,Compensation,18,32.16,Yes
LA109067,Banaskantha,1293,1075,218,1828,1080,9,10,31,16,92.3,Acquisition,30,16.86,No
LA109068,Navsari,748,526,222,921,320,3,8,43,20,77.3,Acquisition,33,29.68,Yes
LA109069,Bhavnagar,778,304,474,880,285,8,10,17,16,63.5,Objection,6,60.93,Yes
LA109070,Surat,780,572,208,951,320,4,10,9,18,89.5,Acquisition,39,26.67,Yes
LA109071,Panchmahal,216,144,72,259,128,0,11,44,13,71.3,Acquisition,47,33.33,Yes
LA109072,Bharuch,180,104,76,211,46,2,13,12,6,73.3,Acquisition,43,42.22,No
LA109073,Bhavnagar,79,58,21,79,28,4,9,2,4,87.3,Handover,7,26.58,No
LA109074,Patan,1016,632,384,1077,585,4,12,47,14,84.3,Acquisition,92,37.8,Yes
LA109075,Kheda,657,537,120,634,386,4,6,58,12,90.6,Handover,7,18.26,Yes
LA109076,Ahmedabad,1306,576,730,1183,196,6,12,33,10,67.9,Objection,2,55.9,No
LA109077,Patan,1068,665,403,848,381,4,15,67,15,71.3,Compensation,20,37.73,Yes
LA109078,Patan,255,160,95,222,117,2,8,32,10,84.1,Acquisition,59,37.25,Yes
LA109079,Panchmahal,195,114,81,182,113,4,9,0,3,73.0,Compensation,27,41.54,Yes
LA109080,Bharuch,581,531,50,623,211,5,2,13,7,86.9,Acquisition,10,8.61,No
LA109081,Bharuch,1386,692,694,1386,536,3,13,22,17,60.0,Compensation,25,50.07,Yes
LA109082,Valsad,120,85,35,78,35,1,6,44,7,85.4,Compensation,7,29.17,No
LA109083,Amreli,321,161,160,275,49,2,7,3,9,55.7,Compensation,13,49.84,Yes
LA109084,Navsari,92,57,35,82,36,4,7,18,6,81.4,Compensation,0,38.04,No
LA109085,Kheda,650,311,339,771,369,4,4,0,14,70.4,Compensation,29,52.15,No
LA109086,Junagadh,1485,852,633,1262,286,11,12,15,24,73.5,Acquisition,0,42.63,Yes
LA109087,Patan,1042,680,362,581,346,10,7,0,12,67.3,Compensation,40,34.74,Yes
LA109088,Ahmedabad,766,702,64,479,203,5,8,66,11,92.0,Handover,38,8.36,No
LA109089,Amreli,259,160,99,258,60,1,8,9,11,78.6,Acquisition,0,38.22,No
LA109090,Ahmedabad,565,347,218,407,180,5,9,36,7,76.5,Acquisition,0,38.58,Yes
LA109091,Anand,811,574,237,807,166,2,12,83,10,78.6,Acquisition,27,29.22,Yes
LA109092,Navsari,448,347,101,478,249,2,1,27,19,66.3,Handover,13,22.54,Yes
LA109093,Valsad,1073,615,458,1492,395,4,4,2,22,72.3,Compensation,36,42.68,Yes
LA109094,Patan,1471,1165,306,1677,808,8,6,21,17,77.5,Acquisition,0,20.8,No
LA109095,Amreli,348,248,100,201,51,6,6,38,7,80.5,Compensation,6,28.74,Yes
LA109096,Mehsana,416,373,43,371,125,5,9,9,5,91.9,Handover,14,10.34,No
LA109097,Bharuch,233,182,51,295,98,2,3,41,11,79.7,Compensation,6,21.89,No
LA109098,Kheda,1103,907,196,865,481,8,12,85,11,91.3,Handover,38,17.77,Yes
LA109099,Junagadh,719,514,205,994,195,3,9,1,16,83.3,Acquisition,1,28.51,No
LA109100,Navsari,461,346,115,473,38,6,4,0,5,88.3,Acquisition,8,24.95,Yes
LA109101,Bharuch,368,211,157,233,80,3,7,64,10,66.8,Objection,38,42.66,Yes
LA109102,Surat,152,111,41,117,3,2,11,61,5,73.4,Compensation,29,26.97,No
LA109103,Navsari,740,450,290,1011,147,4,13,43,22,61.2,Compensation,10,39.19,Yes
LA109104,Rajkot,1041,852,189,1501,538,5,8,7,20,81.5,Acquisition,0,18.16,No
LA109105,Amreli,391,228,163,519,138,2,6,57,4,75.3,Acquisition,49,41.69,No
LA109106,Sabarkantha,52,24,28,44,20,4,9,21,5,64.6,Compensation,40,53.85,No
LA109107,Sabarkantha,736,423,313,914,157,8,9,12,13,77.8,Acquisition,0,42.53,No
LA109108,Banaskantha,1030,651,379,773,94,7,14,44,9,74.1,Acquisition,13,36.8,Yes
LA109109,Amreli,550,502,48,493,92,6,8,96,15,92.7,Handover,95,8.73,Yes
LA109110,Valsad,413,190,223,486,138,3,13,31,6,64.9,Objection,36,54.0,Yes
LA109111,Valsad,273,159,114,388,215,5,11,35,13,72.5,Compensation,0,41.76,No
LA109112,Gandhinagar,1132,847,285,1070,157,4,3,26,24,80.2,Acquisition,31,25.18,No
LA109113,Surat,1300,970,330,1295,647,5,4,22,13,88.9,Acquisition,55,25.38,No
LA109114,Gandhinagar,1166,492,674,872,14,3,12,10,11,58.0,Objection,62,57.8,Yes
LA109115,Jamnagar,801,567,234,731,155,5,9,6,18,72.2,Acquisition,15,29.21,No
LA109116,Surat,1100,640,460,667,222,4,7,18,15,70.7,Objection,38,41.82,Yes
LA109117,Anand,625,442,183,827,130,3,6,17,12,89.0,Acquisition,0,29.28,No
LA109118,Amreli,85,60,25,49,24,4,5,21,10,81.2,Acquisition,0,29.41,Yes
LA109119,Anand,583,345,238,679,385,5,6,3,17,67.9,Acquisition,46,40.82,No
LA109120,Patan,1071,1048,23,852,162,2,2,17,14,84.3,Handover,44,2.15,No
LA109121,Gandhinagar,989,764,225,968,127,0,7,6,13,74.4,Acquisition,12,22.75,No
LA109122,Ahmedabad,1486,1456,30,1194,313,4,9,2,19,94.9,Handover,11,2.02,No
LA109123,Mehsana,1497,679,818,1362,104,4,10,34,21,68.9,Compensation,45,54.64,Yes
LA109124,Banaskantha,402,360,42,419,132,2,12,0,8,86.8,Handover,22,10.45,No
LA109125,Bhavnagar,63,43,20,71,46,8,8,15,3,66.0,Acquisition,6,31.75,No
LA109126,Amreli,447,331,116,624,196,6,10,33,9,85.2,Acquisition,5,25.95,No
LA109127,Surat,1321,884,437,1122,183,11,9,25,19,82.5,Handover,9,33.08,Yes
LA109128,Bharuch,1230,1017,213,1324,374,9,9,0,20,86.6,Handover,56,17.32,No
LA109129,Bhavnagar,193,144,49,263,105,1,4,20,9,88.7,Acquisition,8,25.39,No
LA109130,Valsad,282,155,127,229,69,4,8,36,7,78.5,Compensation,18,45.04,Yes
LA109131,Junagadh,867,523,344,1152,789,6,8,18,20,85.8,Acquisition,27,39.68,Yes
LA109132,Bhavnagar,1008,633,375,1423,70,5,6,25,26,88.8,Acquisition,46,37.2,No
LA109133,Banaskantha,1475,836,639,1936,647,11,11,15,28,67.4,Compensation,59,43.32,Yes
LA109134,Jamnagar,1145,798,347,1217,500,10,12,74,22,75.3,Acquisition,30,30.31,Yes
LA109135,Amreli,357,167,190,428,224,9,4,70,7,69.5,Objection,12,53.22,Yes
LA109136,Bhavnagar,103,77,26,101,46,7,7,2,3,81.9,Handover,22,25.24,No
LA109137,Gandhinagar,969,656,313,1054,267,7,11,47,22,75.2,Compensation,78,32.3,No
LA109138,Vadodara,853,665,188,1217,132,5,8,18,24,85.8,Acquisition,20,22.04,No
LA109139,Vadodara,1387,924,463,1076,297,9,8,4,19,72.4,Compensation,11,33.38,No
LA109140,Bhavnagar,885,473,412,1118,122,6,7,0,10,64.6,Compensation,14,46.55,No
LA109141,Navsari,777,620,157,781,287,8,11,9,17,78.5,Acquisition,0,20.21,No
LA109142,Valsad,490,409,81,348,54,3,7,28,10,88.3,Handover,72,16.53,No
LA109143,Bharuch,175,54,121,198,156,5,8,45,11,57.2,Objection,3,69.14,Yes
LA109144,Mehsana,1321,950,371,1669,246,11,14,30,31,66.6,Acquisition,11,28.08,Yes
LA109145,Morbi,1248,915,333,1325,571,3,6,18,30,93.5,Acquisition,9,26.68,No
LA109146,Patan,286,156,130,373,84,5,11,56,5,67.7,Compensation,7,45.45,No
LA109147,Vadodara,1071,996,75,942,144,7,5,20,8,79.4,Handover,1,7.0,Yes
LA109148,Junagadh,578,403,175,793,518,3,9,15,16,77.0,Acquisition,19,30.28,No
LA109149,Rajkot,684,336,348,775,55,2,7,57,11,70.2,Compensation,8,50.88,No
LA109150,Kheda,1281,923,358,1631,574,9,13,10,21,80.5,Acquisition,0,27.95,No
LA109151,Banaskantha,1271,1041,230,1011,322,6,13,9,20,87.8,Handover,13,18.1,No
LA109152,Mehsana,326,187,139,310,131,3,8,21,8,68.3,Compensation,11,42.64,No
LA109153,Amreli,496,297,199,679,162,5,10,42,11,77.1,Compensation,56,40.12,Yes
LA109154,Rajkot,1241,569,672,739,161,4,12,52,14,71.3,Compensation,0,54.15,No
LA109155,Panchmahal,1380,778,602,1261,332,8,15,9,18,79.9,Compensation,15,43.62,Yes
LA109156,Anand,164,88,76,205,59,2,9,7,12,73.7,Compensation,14,46.34,Yes
LA109157,Junagadh,1259,986,273,1535,670,4,4,22,26,77.5,Compensation,0,21.68,Yes
LA109158,Banaskantha,759,400,359,999,185,3,8,26,14,77.0,Compensation,0,47.3,No
LA109159,Mehsana,906,688,218,1101,197,4,6,16,13,85.7,Handover,17,24.06,Yes
LA109160,Valsad,159,121,38,223,126,1,10,5,9,74.6,Compensation,10,23.9,No
LA109161,Ahmedabad,1037,729,308,1035,388,3,9,5,20,76.0,Acquisition,32,29.7,Yes
LA109162,Morbi,1033,738,295,1149,667,1,8,17,7,70.0,Compensation,45,28.56,No
LA109163,Bharuch,1011,726,285,1327,386,3,8,10,22,88.7,Acquisition,1,28.19,No
LA109164,Bhavnagar,1197,893,304,1414,567,9,12,0,18,80.2,Acquisition,81,25.4,Yes
LA109165,Bhavnagar,1422,941,481,913,616,4,10,3,16,67.7,Acquisition,21,33.83,Yes
LA109166,Junagadh,1283,1016,267,1129,632,9,10,4,14,81.5,Handover,43,20.81,Yes
LA109167,Bharuch,1130,720,410,1183,252,4,6,13,14,67.8,Compensation,19,36.28,No
LA109168,Patan,1473,1021,452,1811,241,7,6,14,20,92.0,Acquisition,51,30.69,No
LA109169,Bharuch,1028,697,331,1068,646,5,10,4,21,73.6,Compensation,19,32.2,Yes
LA109170,Surat,1025,739,286,1281,714,5,18,25,19,79.2,Acquisition,28,27.9,Yes
LA109171,Gandhinagar,836,528,308,1090,269,5,13,61,17,76.8,Acquisition,13,36.84,Yes
LA109172,Bhavnagar,1165,716,449,919,160,10,5,0,11,79.4,Acquisition,57,38.54,No
LA109173,Mehsana,153,104,49,169,74,2,6,31,9,76.0,Handover,7,32.03,No
LA109174,Navsari,783,533,250,823,180,4,11,6,20,89.0,Acquisition,19,31.93,Yes
LA109175,Patan,667,453,214,503,221,4,8,11,12,83.7,Handover,7,32.08,No
LA109176,Panchmahal,1374,795,579,1361,91,14,16,39,18,62.0,Objection,1,42.14,Yes
LA109177,Ahmedabad,155,116,39,162,39,3,8,37,6,76.5,Acquisition,10,25.16,Yes
LA109178,Rajkot,984,830,154,1265,171,7,12,0,21,90.4,Acquisition,36,15.65,No
LA109179,Mehsana,317,228,89,306,173,6,7,7,8,87.7,Acquisition,18,28.08,No
LA109180,Gandhinagar,1332,754,578,830,214,4,8,15,12,79.6,Compensation,30,43.39,Yes
LA109181,Navsari,1286,568,718,1271,235,9,17,10,17,65.2,Objection,9,55.83,Yes
LA109182,Junagadh,391,292,99,510,202,4,5,22,17,74.2,Acquisition,3,25.32,No
LA109183,Rajkot,1314,1006,308,1398,430,8,8,40,12,85.9,Acquisition,15,23.44,No
LA109184,Jamnagar,770,509,261,644,146,5,6,27,16,79.1,Compensation,0,33.9,Yes
LA109185,Surat,1458,1108,350,2010,378,5,6,4,26,85.7,Handover,5,24.01,No
LA109186,Banaskantha,1108,821,287,765,196,3,8,3,8,79.2,Compensation,0,25.9,No
LA109187,Valsad,100,49,51,84,32,3,5,11,6,71.7,Compensation,8,51.0,No
LA109188,Surat,344,250,94,325,93,4,6,34,7,88.5,Acquisition,8,27.33,No
LA109189,Ahmedabad,635,506,129,771,171,3,8,46,18,84.7,Acquisition,26,20.31,No
LA109190,Jamnagar,356,260,96,464,25,3,7,60,7,82.3,Handover,50,26.97,No
LA109191,Surat,242,199,43,146,39,6,4,2,2,82.9,Handover,7,17.77,No
LA109192,Morbi,1469,1110,359,1855,808,11,6,47,31,79.9,Acquisition,9,24.44,No
LA109193,Surat,1311,672,639,1571,269,4,11,47,17,71.6,Objection,19,48.74,Yes
LA109194,Navsari,680,204,476,922,286,6,8,60,14,75.7,Objection,8,70.0,Yes
LA109195,Amreli,362,267,95,492,19,1,6,13,14,83.3,Handover,0,26.24,No
LA109196,Anand,313,83,230,391,112,5,6,117,7,51.4,Objection,33,73.48,Yes
LA109197,Surat,1378,1068,310,994,232,3,12,17,15,83.9,Acquisition,5,22.5,No
LA109198,Valsad,530,338,192,441,306,5,9,14,11,61.4,Compensation,62,36.23,No
LA109199,Bharuch,68,46,22,95,31,3,8,15,7,89.0,Acquisition,88,32.35,No
LA109200,Mehsana,626,379,247,681,41,3,11,6,8,67.1,Acquisition,6,39.46,No
LA109201,Bhavnagar,709,533,176,734,256,3,10,11,13,78.5,Acquisition,19,24.82,Yes
LA109202,Ahmedabad,954,700,254,1311,255,5,6,14,19,81.6,Acquisition,11,26.62,No
LA109203,Amreli,541,425,116,723,514,4,6,15,14,86.5,Acquisition,15,21.44,Yes
LA109204,Mehsana,1389,828,561,1673,334,5,10,18,33,91.2,Handover,19,40.39,Yes
LA109205,Bharuch,983,737,246,1321,368,3,10,20,22,85.7,Handover,36,25.03,No
LA109206,Junagadh,1481,948,533,966,617,5,8,58,16,76.3,Compensation,13,35.99,Yes
LA109207,Navsari,582,432,150,717,90,2,8,25,11,76.0,Acquisition,43,25.77,Yes
LA109208,Bharuch,995,435,560,1412,373,4,6,91,24,48.9,Compensation,34,56.28,Yes
LA109209,Bharuch,580,327,253,345,176,3,9,0,8,73.9,Acquisition,0,43.62,No
LA109210,Gandhinagar,1065,375,690,800,248,1,11,21,17,67.3,Objection,32,64.79,No
LA109211,Amreli,1131,523,608,1430,321,3,8,76,12,74.6,Compensation,0,53.76,Yes
LA109212,Jamnagar,516,386,130,525,192,6,8,22,10,73.2,Acquisition,0,25.19,No
LA109213,Gandhinagar,1410,1027,383,885,113,7,12,0,16,85.0,Acquisition,5,27.16,No
LA109214,Jamnagar,1293,635,658,1023,158,7,8,17,19,75.8,Compensation,0,50.89,Yes
LA109215,Vadodara,1347,709,638,1134,167,5,14,48,15,77.9,Compensation,27,47.36,Yes
LA109216,Amreli,366,214,152,307,143,1,9,70,11,69.1,Compensation,3,41.53,No
LA109217,Amreli,1091,898,193,1462,329,4,14,0,22,91.9,Acquisition,44,17.69,No
LA109218,Gandhinagar,204,171,33,234,50,2,9,2,7,79.2,Handover,59,16.18,No
LA109219,Morbi,203,114,89,246,120,5,6,16,16,69.9,Compensation,21,43.84,Yes
LA109220,Bhavnagar,1462,1046,416,822,201,7,7,0,24,79.6,Acquisition,16,28.45,No
LA109221,Gandhinagar,271,217,54,253,49,5,9,12,8,91.2,Handover,10,19.93,No
LA109222,Mehsana,1303,520,783,1089,385,5,10,102,21,46.7,Objection,2,60.09,Yes
LA109223,Bharuch,675,517,158,889,397,3,9,6,15,71.7,Acquisition,12,23.41,Yes
LA109224,Sabarkantha,490,281,209,690,233,4,9,14,16,61.5,Compensation,65,42.65,Yes
LA109225,Morbi,156,116,40,145,17,4,4,34,4,67.6,Acquisition,23,25.64,No
LA109226,Panchmahal,1029,621,408,1467,395,7,5,0,19,67.9,Compensation,11,39.65,Yes
LA109227,Kheda,1096,213,883,617,101,4,7,35,12,50.0,Notification,1,80.57,Yes
LA109228,Rajkot,727,466,261,613,158,7,9,69,8,83.9,Acquisition,39,35.9,No
LA109229,Anand,1225,829,396,1528,384,4,5,7,38,72.1,Compensation,41,32.33,Yes
LA109230,Gandhinagar,518,279,239,453,176,4,6,38,8,69.1,Compensation,6,46.14,Yes
LA109231,Bharuch,850,507,343,1172,382,9,7,11,22,72.2,Compensation,24,40.35,No
LA109232,Jamnagar,466,251,215,348,228,1,6,70,5,74.4,Acquisition,3,46.14,Yes
LA109233,Junagadh,894,794,100,1132,709,9,5,37,10,85.7,Handover,24,11.19,Yes
LA109234,Rajkot,247,168,79,181,97,3,5,19,6,65.8,Acquisition,7,31.98,No
LA109235,Surat,740,401,339,538,115,5,13,5,10,69.4,Compensation,0,45.81,No
LA109236,Patan,847,412,435,806,141,7,7,1,12,64.2,Compensation,17,51.36,Yes
LA109237,Bharuch,857,457,400,1200,734,8,8,25,21,54.8,Objection,10,46.67,Yes
LA109238,Banaskantha,698,557,141,752,534,5,6,51,20,81.1,Handover,26,20.2,Yes
LA109239,Patan,983,498,485,1102,282,13,12,0,17,78.9,Acquisition,0,49.34,Yes
LA109240,Jamnagar,793,607,186,443,135,6,7,31,8,81.5,Handover,23,23.46,Yes
LA109241,Sabarkantha,460,368,92,276,35,2,11,15,3,86.3,Handover,3,20.0,No
LA109242,Patan,362,210,152,221,79,2,9,7,9,69.1,Compensation,26,41.99,No
LA109243,Panchmahal,989,677,312,1274,122,6,7,42,24,88.3,Compensation,16,31.55,No
LA109244,Jamnagar,1411,629,782,1077,444,3,21,1,17,66.3,Compensation,12,55.42,Yes
LA109245,Bhavnagar,1142,475,667,966,398,5,12,37,18,84.1,Compensation,52,58.41,Yes
LA109246,Anand,976,477,499,1073,183,6,12,13,19,68.4,Compensation,61,51.13,Yes
LA109247,Vadodara,1387,713,674,1492,302,6,8,67,23,82.7,Acquisition,3,48.59,Yes
LA109248,Banaskantha,1355,890,465,1246,432,10,8,8,14,82.7,Compensation,35,34.32,No
LA109249,Mehsana,784,553,231,434,116,4,8,32,8,78.5,Compensation,43,29.46,Yes
LA109250,Jamnagar,208,78,130,199,120,2,8,41,19,62.5,Objection,28,62.5,Yes
LA109251,Bharuch,970,596,374,1179,207,3,5,1,16,61.7,Compensation,7,38.56,Yes
LA109252,Anand,953,778,175,726,41,2,6,69,20,74.5,Handover,4,18.36,No
LA109253,Morbi,452,198,254,537,49,1,7,84,16,55.6,Compensation,1,56.19,Yes
LA109254,Amreli,1282,880,402,723,83,1,14,64,16,74.9,Acquisition,14,31.36,No
LA109255,Surat,1312,749,563,1794,966,6,13,2,29,84.7,Acquisition,57,42.91,No
LA109256,Patan,530,349,181,745,180,4,4,0,17,76.3,Acquisition,16,34.15,No
LA109257,Jamnagar,741,380,361,409,143,2,6,37,4,77.5,Compensation,14,48.72,Yes
LA109258,Banaskantha,333,157,176,320,67,1,2,13,6,76.6,Compensation,0,52.85,No
LA109259,Ahmedabad,308,149,159,284,50,3,13,1,5,73.4,Compensation,5,51.62,No
LA109260,Mehsana,434,261,173,568,22,7,12,80,10,74.2,Acquisition,70,39.86,Yes
LA109261,Sabarkantha,580,381,199,601,318,6,7,9,10,78.2,Acquisition,0,34.31,Yes
LA109262,Jamnagar,446,275,171,491,75,5,5,18,6,74.8,Acquisition,6,38.34,No
LA109263,Sabarkantha,270,176,94,198,97,2,6,0,6,87.9,Handover,3,34.81,No
LA109264,Junagadh,698,448,250,432,102,2,12,15,9,75.4,Acquisition,28,35.82,No
LA109265,Jamnagar,954,708,246,1119,612,5,6,42,12,91.9,Handover,0,25.79,No
LA109266,Junagadh,522,321,201,579,57,5,8,27,8,72.8,Compensation,47,38.51,No
LA109267,Patan,824,624,200,1070,523,6,11,19,19,89.1,Acquisition,8,24.27,No
LA109268,Panchmahal,443,189,254,580,162,2,6,10,7,73.2,Compensation,18,57.34,No
LA109269,Bharuch,1071,677,394,1197,77,7,12,17,16,81.7,Compensation,3,36.79,No
LA109270,Jamnagar,990,702,288,1024,711,7,9,15,16,77.6,Acquisition,4,29.09,Yes
LA109271,Navsari,1443,934,509,1981,394,9,12,81,31,69.2,Compensation,52,35.27,Yes
LA109272,Banaskantha,126,64,62,160,102,4,5,16,12,75.2,Compensation,11,49.21,Yes
LA109273,Mehsana,1287,690,597,1730,586,11,10,70,23,73.7,Acquisition,3,46.39,Yes
LA109274,Junagadh,543,277,266,785,250,4,7,45,15,68.4,Objection,18,48.99,Yes
LA109275,Anand,145,71,74,132,52,3,6,54,3,51.6,Objection,22,51.03,Yes
LA109276,Junagadh,1050,641,409,1255,668,4,12,0,14,69.2,Compensation,2,38.95,No
LA109277,Bhavnagar,299,188,111,350,90,6,9,8,5,87.0,Handover,15,37.12,No
LA109278,Rajkot,305,194,111,216,148,2,7,0,8,71.3,Compensation,61,36.39,Yes
LA109279,Rajkot,1471,1351,120,1652,659,7,7,42,22,90.1,Handover,13,8.16,Yes
LA109280,Patan,370,229,141,346,136,1,3,3,8,72.4,Compensation,55,38.11,Yes
LA109281,Banaskantha,843,482,361,806,275,6,19,45,16,77.1,Compensation,55,42.82,Yes
LA109282,Morbi,341,205,136,243,61,2,9,40,9,64.8,Compensation,23,39.88,No
LA109283,Bhavnagar,229,141,88,279,42,2,9,0,11,72.2,Acquisition,0,38.43,Yes
LA109284,Ahmedabad,51,37,14,60,15,5,4,14,10,86.6,Acquisition,53,27.45,No
LA109285,Bhavnagar,73,48,25,75,21,1,5,39,7,69.8,Compensation,7,34.25,No
LA109286,Patan,737,606,131,509,89,2,5,73,13,92.9,Handover,5,17.77,Yes
LA109287,Rajkot,679,396,283,714,108,5,6,26,10,70.3,Compensation,6,41.68,Yes
LA109288,Junagadh,106,95,11,68,16,2,9,4,6,91.4,Handover,56,10.38,No
LA109289,Bhavnagar,557,269,288,476,140,4,6,17,10,66.5,Objection,4,51.71,No
LA109290,Patan,446,245,201,395,108,2,5,21,12,78.4,Compensation,0,45.07,No
LA109291,Patan,878,549,329,1181,138,4,14,17,12,71.9,Acquisition,60,37.47,No
LA109292,Banaskantha,1493,1395,98,1380,655,6,8,25,12,88.9,Acquisition,3,6.56,Yes
LA109293,Bharuch,1053,369,684,1146,411,3,9,3,18,70.5,Objection,39,64.96,Yes
LA109294,Mehsana,1382,1126,256,1848,939,8,8,13,28,85.5,Acquisition,16,18.52,Yes
LA109295,Anand,328,185,143,306,89,8,4,16,6,69.0,Compensation,0,43.6,No
LA109296,Ahmedabad,362,211,151,487,229,2,9,2,9,76.0,Acquisition,2,41.71,No
LA109297,Banaskantha,1139,727,412,766,94,5,6,18,11,82.0,Compensation,5,36.17,No
LA109298,Gandhinagar,499,364,135,438,192,0,9,21,7,76.1,Acquisition,0,27.05,No
LA109299,Junagadh,1281,963,318,814,347,6,9,0,7,80.2,Acquisition,29,24.82,No
LA109300,Jamnagar,722,149,573,762,487,1,15,23,9,46.0,Notification,31,79.36,Yes
LA109301,Patan,341,176,165,481,160,7,11,10,12,62.1,Objection,0,48.39,Yes
LA109302,Vadodara,1275,996,279,1455,777,4,10,16,18,76.6,Acquisition,58,21.88,Yes
LA109303,Kheda,848,664,184,944,320,4,14,20,16,82.9,Acquisition,10,21.7,No
LA109304,Jamnagar,1214,349,865,972,343,2,7,0,12,59.2,Objection,11,71.25,Yes
LA109305,Junagadh,706,320,386,980,342,5,8,39,9,53.2,Compensation,12,54.67,Yes
LA109306,Vadodara,233,134,99,227,87,5,12,23,10,81.6,Acquisition,27,42.49,Yes
LA109307,Ahmedabad,1038,642,396,820,447,4,10,33,14,72.3,Compensation,55,38.15,Yes
LA109308,Bhavnagar,230,100,130,331,105,3,10,0,9,64.4,Compensation,22,56.52,Yes
LA109309,Valsad,1012,450,562,942,147,6,13,9,10,54.7,Compensation,34,55.53,Yes
LA109310,Valsad,654,372,282,578,188,8,8,35,9,75.8,Compensation,54,43.12,Yes
LA109311,Anand,1198,666,532,697,254,7,12,72,8,78.1,Compensation,0,44.41,Yes
LA109312,Kheda,1312,798,514,932,129,7,14,21,14,70.4,Acquisition,19,39.18,No
LA109313,Amreli,641,495,146,819,100,8,11,34,16,87.3,Handover,30,22.78,No
LA109314,Gandhinagar,1329,1095,234,1308,352,6,7,0,25,85.5,Compensation,0,17.61,No
LA109315,Navsari,210,118,92,296,65,2,8,33,9,73.8,Compensation,34,43.81,Yes
LA109316,Valsad,205,66,139,128,23,5,7,0,3,60.8,Objection,26,67.8,No
LA109317,Mehsana,1491,1180,311,1647,909,4,5,20,24,83.9,Acquisition,1,20.86,Yes
LA109318,Morbi,883,428,455,1058,237,5,10,45,13,48.8,Compensation,57,51.53,Yes
LA109319,Rajkot,703,400,303,780,279,6,9,7,10,75.0,Acquisition,25,43.1,No
LA109320,Kheda,275,163,112,282,155,6,8,35,11,67.3,Compensation,19,40.73,Yes
LA109321,Gandhinagar,469,310,159,502,53,2,8,10,8,80.9,Acquisition,4,33.9,Yes
LA109322,Gandhinagar,1045,719,326,1223,146,6,6,34,25,62.9,Acquisition,16,31.2,No
LA109323,Mehsana,1242,881,361,1648,506,2,8,75,27,87.4,Acquisition,19,29.07,No
LA109324,Banaskantha,1379,965,414,1176,424,3,7,0,13,82.1,Acquisition,0,30.02,No
LA109325,Ahmedabad,641,91,550,618,170,7,10,50,12,49.2,Objection,9,85.8,Yes
LA109326,Anand,709,617,92,796,327,4,5,0,13,82.9,Acquisition,41,12.98,No
LA109327,Amreli,286,128,158,238,69,1,13,11,2,63.5,Objection,22,55.24,Yes
LA109328,Ahmedabad,170,87,83,121,72,5,6,0,5,52.6,Compensation,90,48.82,Yes
LA109329,Amreli,685,369,316,972,671,3,13,34,16,73.1,Compensation,9,46.13,Yes
LA109330,Mehsana,890,463,427,645,302,5,10,10,14,66.0,Acquisition,2,47.98,Yes
LA109331,Sabarkantha,201,56,145,153,90,3,7,3,9,50.3,Objection,0,72.14,Yes
LA109332,Anand,642,354,288,711,213,2,11,0,13,76.7,Acquisition,11,44.86,No
LA109333,Amreli,980,515,465,607,221,9,8,5,11,68.4,Compensation,32,47.45,Yes
LA109334,Kheda,1226,905,321,712,230,1,16,38,12,86.5,Acquisition,26,26.18,Yes
LA109335,Sabarkantha,1411,1016,395,857,163,3,4,23,11,86.9,Compensation,54,27.99,No
LA109336,Surat,543,253,290,359,70,5,7,28,6,74.3,Objection,6,53.41,No
LA109337,Valsad,618,372,246,579,273,3,5,54,8,70.2,Acquisition,0,39.81,No
LA109338,Patan,1319,724,595,1710,839,4,8,9,23,85.8,Compensation,18,45.11,Yes
LA109339,Bhavnagar,1055,631,424,905,329,6,13,40,16,75.5,Compensation,29,40.19,Yes
LA109340,Mehsana,447,213,234,418,229,5,7,55,11,75.7,Compensation,37,52.35,Yes
LA109341,Surat,1044,571,473,1138,447,6,9,5,16,59.5,Objection,26,45.31,Yes
LA109342,Surat,278,254,24,228,77,4,6,31,6,90.0,Acquisition,45,8.63,Yes
LA109343,Valsad,701,583,118,658,118,6,7,42,10,88.4,Handover,0,16.83,No
LA109344,Junagadh,494,222,272,443,131,2,6,0,13,63.1,Objection,48,55.06,No
LA109345,Bharuch,1490,776,714,1278,156,2,16,22,14,72.1,Compensation,18,47.92,No
LA109346,Anand,100,67,33,90,14,6,9,17,6,80.9,Handover,40,33.0,No
LA109347,Rajkot,1293,482,811,724,34,1,19,21,16,52.3,Compensation,0,62.72,No
LA109348,Panchmahal,458,365,93,617,293,7,8,21,17,86.1,Acquisition,26,20.31,Yes
LA109349,Junagadh,102,57,45,146,12,2,5,37,5,64.8,Compensation,25,44.12,No
LA109350,Jamnagar,1007,511,496,1336,257,9,9,34,28,82.7,Acquisition,13,49.26,Yes
LA109351,Gandhinagar,1033,864,169,573,401,2,7,27,10,88.1,Handover,71,16.36,Yes
LA109352,Amreli,256,158,98,314,100,5,6,79,9,70.7,Compensation,16,38.28,No
LA109353,Rajkot,105,64,41,112,21,2,7,3,4,80.9,Compensation,51,39.05,No
LA109354,Rajkot,211,153,58,134,43,3,5,47,4,92.8,Compensation,0,27.49,No
LA109355,Panchmahal,643,531,112,893,492,6,5,1,14,92.6,Acquisition,70,17.42,Yes
LA109356,Sabarkantha,242,182,60,302,29,4,13,10,6,85.0,Acquisition,3,24.79,No
LA109357,Valsad,1070,257,813,728,172,3,7,22,15,49.7,Notification,8,75.98,No
LA109358,Surat,162,120,42,230,37,4,7,28,4,85.0,Acquisition,3,25.93,No
LA109359,Vadodara,1194,845,349,792,300,6,4,12,14,80.7,Compensation,28,29.23,No
LA109360,Sabarkantha,1319,846,473,1265,401,6,10,25,24,68.5,Compensation,17,35.86,Yes
LA109361,Vadodara,1090,629,461,755,165,5,12,2,19,71.5,Compensation,0,42.29,No
LA109362,Bharuch,1419,681,738,972,536,1,14,17,9,80.1,Compensation,29,52.01,No
LA109363,Morbi,1412,879,533,2006,276,9,6,3,28,72.3,Compensation,8,37.75,Yes
LA109364,Banaskantha,117,47,70,125,32,1,12,27,5,69.8,Objection,10,59.83,Yes
LA109365,Amreli,546,276,270,428,71,3,9,18,13,71.7,Compensation,37,49.45,Yes
LA109366,Surat,1152,716,436,1439,613,4,7,12,15,86.9,Acquisition,12,37.85,Yes
LA109367,Banaskantha,542,432,110,725,489,2,11,15,11,86.1,Handover,1,20.3,Yes
LA109368,Vadodara,1119,530,589,1540,177,9,15,7,16,70.9,Compensation,13,52.64,Yes
LA109369,Rajkot,1173,669,504,1630,233,12,11,2,17,60.7,Compensation,5,42.97,Yes
LA109370,Banaskantha,1496,328,1168,2042,411,7,18,40,28,48.3,Objection,5,78.07,Yes
LA109371,Panchmahal,528,234,294,594,117,5,10,17,13,76.6,Compensation,0,55.68,No
LA109372,Navsari,554,329,225,475,211,3,13,3,13,75.1,Acquisition,0,40.61,No
LA109373,Rajkot,85,33,52,118,24,6,3,2,6,65.6,Compensation,13,61.18,No
LA109374,Navsari,464,430,34,306,45,6,8,32,5,90.4,Handover,28,7.33,No
LA109375,Panchmahal,457,296,161,321,60,3,8,26,6,83.1,Handover,40,35.23,No
LA109376,Navsari,707,652,55,665,382,5,3,34,14,91.5,Handover,0,7.78,No
LA109377,Valsad,661,382,279,532,326,5,4,0,14,73.4,Acquisition,0,42.21,No
LA109378,Banaskantha,1292,788,504,1427,212,3,6,8,15,70.2,Compensation,8,39.01,Yes
LA109379,Rajkot,1172,821,351,1600,243,8,5,8,26,86.6,Acquisition,25,29.95,Yes
LA109380,Amreli,1107,988,119,1098,689,4,7,77,10,77.6,Acquisition,11,10.75,Yes
LA109381,Surat,57,35,22,60,23,0,6,12,2,83.9,Acquisition,8,38.6,No
LA109382,Bhavnagar,734,198,536,683,320,4,13,2,10,70.3,Notification,15,73.02,Yes
LA109383,Amreli,1108,837,271,1315,500,3,7,140,17,84.4,Acquisition,13,24.46,Yes
LA109384,Patan,404,210,194,259,51,7,7,0,9,74.5,Compensation,0,48.02,No
LA109385,Mehsana,666,428,238,395,73,5,8,25,10,74.6,Acquisition,0,35.74,No
LA109386,Anand,1104,839,265,1244,339,3,9,73,18,87.8,Compensation,11,24.0,No
LA109387,Kheda,1202,897,305,1240,645,11,12,0,19,90.8,Acquisition,0,25.37,Yes
LA109388,Sabarkantha,1289,926,363,1182,453,7,13,15,20,87.1,Acquisition,16,28.16,No
LA109389,Rajkot,673,415,258,572,96,6,8,43,15,70.3,Acquisition,78,38.34,Yes
LA109390,Sabarkantha,630,402,228,376,243,8,5,203,10,79.4,Acquisition,3,36.19,Yes
LA109391,Anand,605,486,119,703,219,4,6,50,17,92.6,Acquisition,14,19.67,No
LA109392,Panchmahal,1020,551,469,948,83,4,5,2,18,71.6,Compensation,29,45.98,No
LA109393,Junagadh,658,595,63,626,137,6,7,76,16,85.5,Handover,0,9.57,No
LA109394,Valsad,630,420,210,853,331,4,11,3,24,66.7,Acquisition,52,33.33,Yes
LA109395,Mehsana,294,101,193,357,167,5,10,26,6,62.5,Compensation,49,65.65,Yes
LA109396,Rajkot,744,403,341,556,316,7,7,4,9,67.2,Compensation,8,45.83,No
LA109397,Ahmedabad,394,204,190,450,98,2,10,54,13,72.6,Compensation,0,48.22,No
LA109398,Sabarkantha,811,560,251,543,138,4,10,112,15,92.2,Handover,9,30.95,No
LA109399,Sabarkantha,1339,528,811,970,129,10,12,0,14,83.0,Compensation,21,60.57,Yes
LA109400,Sabarkantha,1175,495,680,1401,400,5,8,0,23,59.2,Compensation,18,57.87,No
LA109401,Kheda,743,535,208,493,292,6,8,3,13,85.8,Acquisition,64,27.99,No
LA109402,Jamnagar,1468,1060,408,1178,736,2,7,0,21,71.3,Acquisition,13,27.79,Yes
LA109403,Patan,1472,993,479,1999,1299,8,11,44,27,69.8,Acquisition,17,32.54,Yes
LA109404,Navsari,694,506,188,843,176,7,7,0,12,79.9,Acquisition,0,27.09,No
LA109405,Panchmahal,1157,766,391,1604,576,6,8,0,26,71.5,Compensation,14,33.79,No
LA109406,Kheda,546,435,111,734,358,5,12,25,17,82.7,Acquisition,14,20.33,No
LA109407,Vadodara,1324,993,331,1101,543,11,10,0,19,81.8,Handover,41,25.0,Yes
LA109408,Ahmedabad,592,395,197,663,173,3,7,24,15,66.1,Compensation,22,33.28,No
LA109409,Navsari,424,267,157,378,119,2,10,28,7,86.9,Acquisition,0,37.03,Yes
LA109410,Valsad,244,118,126,287,81,3,13,9,3,66.3,Compensation,32,51.64,No
LA109411,Gandhinagar,1272,617,655,1099,179,12,13,27,12,67.8,Compensation,24,51.49,No
LA109412,Banaskantha,480,258,222,265,52,4,12,40,8,71.9,Compensation,10,46.25,No
LA109413,Ahmedabad,1230,549,681,780,262,5,5,12,13,59.9,Compensation,7,55.37,Yes
LA109414,Kheda,175,171,4,218,49,3,7,20,7,92.0,Handover,4,2.29,No
LA109415,Valsad,776,524,252,485,247,4,8,11,9,71.3,Compensation,4,32.47,No
LA109416,Gandhinagar,670,529,141,730,73,3,9,16,8,78.7,Acquisition,17,21.04,No
LA109417,Navsari,686,521,165,907,195,8,5,33,10,87.9,Handover,38,24.05,No
LA109418,Mehsana,292,164,128,355,61,3,5,23,6,70.2,Acquisition,12,43.84,No
LA109419,Anand,157,95,62,145,74,5,5,48,8,67.5,Compensation,0,39.49,Yes
LA109420,Junagadh,552,405,147,407,172,3,8,16,9,80.9,Acquisition,17,26.63,No
LA109421,Ahmedabad,732,430,302,1010,511,8,10,46,9,67.5,Compensation,20,41.26,Yes
LA109422,Surat,1201,1177,24,1273,251,4,2,12,19,87.8,Handover,1,2.0,No
LA109423,Bhavnagar,721,556,165,660,54,5,8,0,15,82.9,Handover,18,22.88,No
LA109424,Banaskantha,406,223,183,568,237,5,11,1,10,75.1,Acquisition,4,45.07,No
LA109425,Vadodara,430,287,143,320,64,4,13,44,13,85.2,Acquisition,0,33.26,No
LA109426,Rajkot,937,663,274,888,132,5,5,53,11,74.7,Compensation,0,29.24,No
LA109427,Bhavnagar,682,575,107,442,98,3,10,0,8,87.8,Handover,4,15.69,No
LA109428,Kheda,1357,1054,303,899,520,6,12,7,12,79.8,Acquisition,3,22.33,Yes
LA109429,Banaskantha,688,465,223,625,93,4,10,0,9,74.7,Acquisition,50,32.41,No
LA109430,Navsari,872,160,712,1029,143,5,11,1,19,44.0,Notification,32,81.65,Yes
LA109431,Jamnagar,142,101,41,121,43,3,10,7,5,68.5,Acquisition,31,28.87,Yes
LA109432,Ahmedabad,331,304,27,387,100,4,9,16,7,89.4,Handover,23,8.16,No
LA109433,Rajkot,1283,679,604,1635,57,6,12,57,25,69.6,Compensation,15,47.08,Yes
LA109434,Rajkot,550,417,133,737,210,2,5,18,9,83.7,Acquisition,33,24.18,No
LA109435,Banaskantha,660,344,316,390,172,2,11,48,10,63.6,Acquisition,36,47.88,Yes
LA109436,Sabarkantha,906,377,529,1129,803,2,12,0,18,59.1,Objection,47,58.39,Yes
LA109437,Amreli,133,57,76,91,12,1,8,32,9,67.2,Objection,48,57.14,No
LA109438,Bharuch,785,683,102,925,475,3,9,21,19,92.0,Handover,51,12.99,No
LA109439,Jamnagar,552,268,284,488,55,6,8,1,10,75.8,Compensation,32,51.45,No
LA109440,Morbi,265,158,107,315,79,4,11,0,4,77.7,Compensation,12,40.38,No
LA109441,Bharuch,657,493,164,488,84,3,5,20,8,70.7,Compensation,23,24.96,No
LA109442,Anand,698,388,310,789,78,8,6,16,10,64.7,Objection,9,44.41,Yes
LA109443,Surat,320,203,117,212,70,2,10,22,8,72.1,Acquisition,2,36.56,No
LA109444,Valsad,837,566,271,588,345,5,10,8,14,82.2,Acquisition,27,32.38,No
LA109445,Banaskantha,1132,320,812,1249,467,7,13,66,14,57.8,Objection,17,71.73,Yes
LA109446,Navsari,437,372,65,373,35,1,12,26,7,91.8,Acquisition,13,14.87,No
LA109447,Ahmedabad,1452,1103,349,1718,840,5,8,6,12,82.6,Acquisition,3,24.04,No
LA109448,Valsad,938,780,158,1094,407,5,9,37,19,86.5,Handover,0,16.84,No
LA109449,Anand,1171,762,409,1299,294,5,12,19,24,80.8,Acquisition,33,34.93,No
LA109450,Bhavnagar,151,105,46,182,45,2,7,42,8,85.3,Acquisition,11,30.46,No
LA109451,Kheda,1163,960,203,1471,301,9,11,0,31,88.0,Handover,0,17.45,No
LA109452,Sabarkantha,538,265,273,737,257,7,4,23,14,74.2,Compensation,5,50.74,Yes
LA109453,Anand,1080,813,267,672,104,4,5,12,11,79.1,Acquisition,26,24.72,No
LA109454,Mehsana,1217,552,665,1295,551,8,10,56,18,60.6,Compensation,16,54.64,Yes
LA109455,Jamnagar,413,299,114,505,170,4,7,7,10,81.2,Handover,5,27.6,No
LA109456,Bhavnagar,426,391,35,317,62,2,9,53,7,80.6,Handover,33,8.22,No
LA109457,Bharuch,136,103,33,107,27,5,9,8,5,89.2,Acquisition,0,24.26,No
LA109458,Gandhinagar,928,557,371,733,331,3,8,0,13,71.3,Compensation,44,39.98,Yes
LA109459,Mehsana,1173,794,379,1249,677,7,7,32,13,79.3,Acquisition,45,32.31,No
LA109460,Vadodara,644,296,348,566,293,5,7,11,10,77.8,Compensation,45,54.04,No
LA109461,Surat,283,229,54,325,47,6,5,5,6,86.1,Acquisition,21,19.08,No
LA109462,Bhavnagar,509,256,253,560,141,3,7,43,11,85.1,Acquisition,1,49.71,Yes
LA109463,Mehsana,634,482,152,724,85,1,8,30,18,80.3,Acquisition,27,23.97,No
LA109464,Banaskantha,1379,728,651,1072,512,4,9,53,15,72.3,Acquisition,7,47.21,Yes
LA109465,Kheda,229,138,91,284,72,4,9,25,8,79.7,Compensation,0,39.74,No
LA109466,Bhavnagar,548,398,150,629,102,3,2,7,13,84.4,Acquisition,56,27.37,No
LA109467,Ahmedabad,975,630,345,651,275,6,8,12,17,88.9,Compensation,8,35.38,No
LA109468,Bhavnagar,393,224,169,287,146,3,8,0,3,70.9,Objection,40,43.0,Yes
LA109469,Junagadh,1333,664,669,1094,311,7,13,63,15,73.3,Acquisition,12,50.19,Yes
LA109470,Amreli,1369,599,770,1906,698,8,12,20,27,69.5,Acquisition,17,56.25,Yes
LA109471,Valsad,601,367,234,507,62,6,7,73,12,75.5,Handover,0,38.94,Yes
LA109472,Sabarkantha,1132,959,173,643,182,2,3,29,14,84.0,Handover,2,15.28,No
LA109473,Kheda,1146,884,262,776,177,5,12,12,15,81.6,Acquisition,30,22.86,No
LA109474,Vadodara,1039,424,615,602,292,4,14,36,10,60.0,Objection,15,59.19,Yes
LA109475,Bhavnagar,320,151,169,292,88,5,9,54,6,62.2,Objection,10,52.81,Yes
LA109476,Bhavnagar,121,57,64,153,15,3,11,13,7,65.4,Compensation,43,52.89,No
LA109477,Valsad,553,358,195,528,323,1,7,46,13,87.8,Acquisition,53,35.26,Yes
LA109478,Vadodara,240,133,107,313,83,3,8,37,5,78.1,Compensation,68,44.58,Yes
LA109479,Ahmedabad,474,367,107,281,116,3,5,96,3,86.1,Handover,0,22.57,Yes
LA109480,Banaskantha,976,706,270,949,343,4,8,24,13,90.5,Acquisition,16,27.66,Yes
LA109481,Patan,904,588,316,1138,227,1,7,14,15,77.7,Acquisition,16,34.96,No
LA109482,Gandhinagar,353,214,139,409,121,5,4,28,4,82.5,Compensation,51,39.38,No
LA109483,Surat,75,40,35,99,30,1,11,16,3,59.5,Compensation,19,46.67,Yes
LA109484,Mehsana,377,317,60,300,158,4,9,47,7,88.8,Handover,5,15.92,Yes
LA109485,Gandhinagar,709,592,117,710,289,5,6,9,20,79.8,Handover,5,16.5,Yes
LA109486,Valsad,1180,939,241,1368,353,5,8,9,22,78.0,Acquisition,4,20.42,Yes
LA109487,Rajkot,579,358,221,406,209,4,11,39,10,82.7,Acquisition,9,38.17,Yes
LA109488,Sabarkantha,464,254,210,596,232,5,10,0,12,75.6,Acquisition,22,45.26,Yes
LA109489,Patan,850,566,284,706,257,3,11,44,5,75.4,Compensation,13,33.41,No
LA109490,Valsad,153,44,109,97,12,3,7,63,9,51.9,Notification,43,71.24,Yes
LA109491,Mehsana,377,262,115,467,88,3,12,20,15,79.2,Acquisition,46,30.5,Yes
LA109492,Rajkot,102,39,63,121,18,4,7,5,7,55.6,Compensation,10,61.76,No
LA109493,Anand,812,457,355,1092,119,4,4,17,19,60.8,Compensation,28,43.72,No
LA109494,Gandhinagar,693,544,149,938,333,6,4,5,12,80.9,Handover,25,21.5,Yes
LA109495,Ahmedabad,895,468,427,717,76,2,9,36,15,68.3,Compensation,20,47.71,Yes
LA109496,Panchmahal,945,284,661,1065,474,3,13,71,17,61.9,Compensation,50,69.95,Yes
LA109497,Bhavnagar,623,325,298,903,16,8,9,8,14,56.2,Compensation,18,47.83,No
LA109498,Bharuch,1310,797,513,1008,194,5,12,26,10,78.9,Compensation,9,39.16,No
LA109499,Kheda,1382,895,487,1348,188,2,10,18,18,77.1,Acquisition,29,35.24,Yes
LA109500,Panchmahal,210,119,91,288,87,2,4,27,7,70.8,Objection,89,43.33,Yes
LA109501,Gandhinagar,1385,997,388,890,514,9,9,10,16,80.0,Acquisition,15,28.01,Yes
LA109502,Vadodara,335,237,98,464,213,5,6,6,11,88.0,Handover,0,29.25,No
LA109503,Bhavnagar,410,170,240,406,130,6,11,0,12,65.9,Objection,44,58.54,No
LA109504,Bhavnagar,818,373,445,1107,285,4,8,35,17,58.0,Objection,25,54.4,Yes
LA109505,Morbi,92,74,18,102,21,2,7,16,2,83.3,Handover,0,19.57,No
LA109506,Navsari,578,212,366,667,184,9,9,9,5,52.4,Compensation,7,63.32,Yes
LA109507,Jamnagar,332,212,120,414,223,1,7,4,12,77.3,Acquisition,3,36.14,Yes
LA109508,Ahmedabad,750,431,319,458,18,4,8,14,11,81.1,Objection,0,42.53,No
LA109509,Junagadh,1232,795,437,1374,122,8,6,38,17,72.0,Acquisition,5,35.47,Yes
LA109510,Gandhinagar,1390,978,412,1920,1045,4,14,54,26,76.7,Handover,65,29.64,Yes
LA109511,Patan,357,202,155,504,117,4,10,1,11,70.3,Compensation,38,43.42,Yes
LA109512,Bhavnagar,840,472,368,1194,234,3,5,6,14,78.0,Acquisition,28,43.81,Yes
LA109513,Sabarkantha,738,460,278,835,252,9,11,89,9,74.0,Compensation,76,37.67,Yes
LA109514,Panchmahal,652,548,104,730,418,9,8,12,10,93.1,Handover,0,15.95,No
LA109515,Banaskantha,968,788,180,1014,332,5,6,20,18,92.5,Acquisition,2,18.6,No
LA109516,Valsad,1485,1056,429,1629,1034,6,7,0,34,92.6,Handover,23,28.89,Yes
LA109517,Morbi,638,315,323,702,272,2,12,7,13,60.5,Compensation,0,50.63,No
LA109518,Junagadh,144,113,31,85,34,4,6,32,3,88.1,Acquisition,28,21.53,No
LA109519,Amreli,1379,1109,270,869,35,2,5,35,14,87.4,Acquisition,4,19.58,No
LA109520,Banaskantha,1402,699,703,1553,473,3,21,29,26,64.5,Objection,31,50.14,Yes
LA109521,Amreli,517,334,183,431,162,6,12,84,8,65.0,Compensation,0,35.4,Yes
LA109522,Banaskantha,777,579,198,638,33,10,6,21,7,85.8,Acquisition,7,25.48,No
LA109523,Anand,1301,1150,151,942,115,1,13,38,12,85.8,Acquisition,0,11.61,No
LA109524,Kheda,780,522,258,991,41,5,9,78,10,76.9,Acquisition,15,33.08,Yes
LA109525,Jamnagar,748,469,279,1061,332,8,3,22,14,85.6,Acquisition,39,37.3,Yes
LA109526,Surat,1387,732,655,1546,1073,2,13,6,22,58.3,Objection,9,47.22,Yes
LA109527,Sabarkantha,1252,792,460,1754,591,7,6,45,23,78.9,Handover,32,36.74,Yes
LA109528,Sabarkantha,786,394,392,1058,276,5,6,0,16,67.6,Compensation,0,49.87,No
LA109529,Kheda,284,231,53,212,80,3,5,45,20,82.5,Acquisition,42,18.66,No
LA109530,Bhavnagar,686,302,384,472,134,5,12,21,7,69.4,Objection,7,55.98,Yes
LA109531,Kheda,1031,514,517,763,640,3,12,14,11,79.3,Acquisition,33,50.15,Yes
LA109532,Anand,445,311,134,283,97,2,7,2,7,83.6,Acquisition,0,30.11,No
LA109533,Vadodara,829,652,177,891,330,4,4,27,21,86.9,Acquisition,4,21.35,No
LA109534,Rajkot,1005,757,248,808,60,4,9,10,17,78.6,Acquisition,20,24.68,No
LA109535,Ahmedabad,173,84,89,237,154,3,6,19,10,60.8,Objection,8,51.45,No
LA109536,Patan,876,268,608,965,289,5,8,33,14,66.3,Objection,14,69.41,Yes
LA109537,Panchmahal,1120,478,642,978,313,7,11,8,21,65.6,Compensation,1,57.32,No
LA109538,Amreli,361,151,210,518,280,6,8,13,9,67.4,Compensation,28,58.17,No
LA109539,Amreli,845,394,451,1190,163,3,9,30,15,77.6,Compensation,10,53.37,Yes
LA109540,Bhavnagar,1079,771,308,1350,515,3,9,12,15,84.6,Handover,23,28.54,Yes
LA109541,Kheda,114,68,46,144,31,8,8,32,5,67.3,Compensation,25,40.35,No
LA109542,Morbi,984,659,325,1407,378,13,8,1,17,70.1,Compensation,41,33.03,Yes
LA109543,Valsad,426,318,108,465,100,4,13,51,6,81.5,Acquisition,38,25.35,No
LA109544,Gandhinagar,626,368,258,840,525,6,8,44,22,76.5,Compensation,6,41.21,Yes
LA109545,Vadodara,990,718,272,602,265,3,9,9,13,74.1,Compensation,37,27.47,No
LA109546,Kheda,56,43,13,59,36,4,8,0,3,90.5,Acquisition,4,23.21,No
LA109547,Panchmahal,74,37,37,74,4,2,10,0,5,62.3,Objection,5,50.0,No
LA109548,Gandhinagar,697,385,312,407,196,6,7,0,15,74.3,Acquisition,5,44.76,Yes
LA109549,Panchmahal,1428,893,535,897,380,0,13,46,11,77.1,Compensation,31,37.46,No
LA109550,Gandhinagar,58,33,25,33,3,3,9,29,3,73.3,Compensation,16,43.1,No
LA109551,Sabarkantha,1194,605,589,973,352,4,10,7,15,76.7,Acquisition,15,49.33,Yes
LA109552,Anand,158,119,39,95,9,3,7,17,7,80.7,Compensation,14,24.68,No
LA109553,Sabarkantha,759,501,258,707,210,5,7,19,10,76.5,Acquisition,27,33.99,No
LA109554,Bhavnagar,674,216,458,864,111,5,7,15,11,39.7,Notification,16,67.95,No
LA109555,Patan,729,493,236,804,358,4,11,16,14,86.0,Compensation,11,32.37,No
LA109556,Amreli,168,106,62,194,55,4,13,2,4,68.8,Acquisition,14,36.9,No
LA109557,Anand,1143,541,602,661,206,7,8,9,17,75.3,Compensation,0,52.67,Yes
LA109558,Banaskantha,449,233,216,586,126,1,8,16,12,60.2,Objection,14,48.11,No
LA109559,Navsari,1168,866,302,796,262,5,12,15,16,79.3,Compensation,18,25.86,Yes
LA109560,Anand,1001,640,361,823,328,6,10,33,16,85.7,Acquisition,21,36.06,Yes
LA109561,Vadodara,849,557,292,862,628,2,6,24,15,67.5,Acquisition,25,34.39,Yes
LA109562,Morbi,497,348,149,689,391,7,8,0,10,67.5,Acquisition,6,29.98,No
LA109563,Sabarkantha,996,677,319,1443,336,6,12,0,25,85.1,Acquisition,20,32.03,No
LA109564,Ahmedabad,1497,1157,340,1878,407,5,5,15,29,75.1,Handover,0,22.71,No
LA109565,Rajkot,1389,660,729,1676,95,5,9,15,21,76.7,Acquisition,41,52.48,Yes
LA109566,Banaskantha,1379,913,466,1413,257,6,7,8,15,79.5,Acquisition,27,33.79,No
LA109567,Jamnagar,368,129,239,423,177,2,7,56,9,73.7,Compensation,36,64.95,Yes
LA109568,Anand,899,743,156,611,214,6,4,7,11,84.8,Acquisition,38,17.35,Yes
LA109569,Surat,627,324,303,497,202,4,8,1,4,78.9,Compensation,23,48.33,No
LA109570,Bhavnagar,1453,810,643,2087,473,8,9,122,21,86.5,Compensation,17,44.25,Yes
LA109571,Navsari,1428,759,669,2044,1044,6,15,42,30,63.9,Compensation,48,46.85,Yes
LA109572,Bhavnagar,1309,886,423,1100,269,5,6,5,18,70.1,Acquisition,43,32.31,No
LA109573,Navsari,286,210,76,219,24,2,10,15,5,88.6,Handover,4,26.57,No
LA109574,Valsad,512,426,86,387,81,7,5,66,16,92.5,Handover,90,16.8,Yes
LA109575,Navsari,1082,860,222,1067,268,8,6,52,21,74.3,Acquisition,12,20.52,No
LA109576,Gandhinagar,1137,263,874,854,230,6,10,38,11,47.5,Notification,0,76.87,No
LA109577,Vadodara,558,227,331,633,336,5,7,24,13,63.8,Objection,0,59.32,Yes
LA109578,Sabarkantha,248,159,89,153,44,1,5,84,5,66.3,Acquisition,38,35.89,No
LA109579,Gandhinagar,248,118,130,160,61,6,4,31,3,59.1,Compensation,27,52.42,No
LA109580,Patan,1043,1004,39,834,159,9,6,18,13,92.7,Handover,8,3.74,No
LA109581,Kheda,708,387,321,885,268,7,5,13,15,79.5,Compensation,34,45.34,Yes
LA109582,Junagadh,762,315,447,641,99,7,11,57,10,71.8,Objection,90,58.66,Yes
LA109583,Panchmahal,1233,674,559,1201,286,8,13,19,15,80.8,Compensation,24,45.34,Yes
LA109584,Amreli,74,50,24,84,11,3,8,41,6,72.8,Compensation,24,32.43,No
LA109585,Kheda,1144,845,299,1441,541,5,14,88,19,74.3,Acquisition,1,26.14,Yes
LA109586,Bharuch,447,380,67,369,191,4,9,27,6,85.6,Acquisition,32,14.99,Yes
LA109587,Morbi,1401,1095,306,1692,935,7,12,9,24,84.1,Handover,0,21.84,No
LA109588,Bhavnagar,1436,1253,183,1160,514,3,9,2,14,86.0,Handover,5,12.74,No
LA109589,Navsari,778,371,407,879,416,4,8,16,19,66.8,Compensation,32,52.31,Yes
LA109590,Gandhinagar,508,154,354,486,176,3,11,0,4,63.5,Objection,59,69.69,Yes
LA109591,Gandhinagar,388,204,184,537,155,3,6,30,9,80.6,Compensation,8,47.42,No
LA109592,Sabarkantha,313,161,152,449,289,4,8,32,12,77.9,Compensation,47,48.56,Yes
LA109593,Junagadh,1499,426,1073,1869,192,13,14,40,27,61.4,Objection,0,71.58,Yes
LA109594,Morbi,322,177,145,442,169,3,9,14,8,80.3,Acquisition,13,45.03,No
LA109595,Morbi,697,396,301,469,188,5,6,19,12,78.1,Compensation,19,43.19,No
LA109596,Bharuch,745,553,192,849,143,7,4,29,8,80.0,Acquisition,2,25.77,No
LA109597,Sabarkantha,1035,748,287,754,227,2,7,43,15,81.1,Compensation,29,27.73,Yes
LA109598,Vadodara,1272,1054,218,1017,329,3,8,22,20,79.7,Handover,90,17.14,No
LA109599,Gandhinagar,859,543,316,877,44,3,9,0,13,86.8,Acquisition,0,36.79,No
LA109600,Banaskantha,1149,755,394,1399,813,8,6,36,19,74.4,Handover,11,34.29,Yes
LA109601,Surat,872,540,332,1046,224,8,4,12,22,62.3,Objection,55,38.07,No
LA109602,Bharuch,683,409,274,910,123,8,8,6,18,77.1,Compensation,11,40.12,Yes
LA109603,Jamnagar,278,160,118,293,63,6,7,13,8,74.3,Acquisition,0,42.45,No
LA109604,Sabarkantha,352,226,126,487,63,3,6,23,12,63.8,Compensation,29,35.8,No
LA109605,Banaskantha,677,433,244,913,262,5,13,23,23,79.5,Handover,77,36.04,Yes
LA109606,Rajkot,116,103,13,152,103,4,9,0,8,86.1,Handover,20,11.21,No
LA109607,Jamnagar,509,305,204,385,81,6,7,8,8,86.1,Compensation,0,40.08,No
LA109608,Bharuch,721,707,14,741,298,9,2,0,9,93.0,Handover,31,1.94,Yes
LA109609,Banaskantha,735,686,49,891,277,6,7,50,19,91.5,Acquisition,71,6.67,No
LA109610,Navsari,1232,786,446,1760,954,11,8,4,23,84.8,Compensation,43,36.2,Yes
LA109611,Kheda,1454,769,685,815,371,5,11,15,19,68.9,Compensation,45,47.11,Yes
LA109612,Surat,1108,693,415,936,530,5,11,36,17,86.2,Handover,33,37.45,Yes
LA109613,Bhavnagar,165,111,54,142,44,2,4,21,7,83.9,Acquisition,60,32.73,No
LA109614,Kheda,642,378,264,520,67,3,6,22,8,85.9,Compensation,3,41.12,No
LA109615,Rajkot,1109,471,638,1426,235,4,13,20,16,72.8,Compensation,2,57.53,Yes
LA109616,Bharuch,912,379,533,539,194,2,8,0,6,67.2,Compensation,32,58.44,Yes
LA109617,Anand,714,579,135,624,94,5,5,51,13,82.4,Acquisition,34,18.91,No
LA109618,Mehsana,682,168,514,812,264,3,7,0,15,57.2,Objection,68,75.37,Yes
LA109619,Rajkot,639,482,157,585,172,4,10,9,7,74.1,Acquisition,7,24.57,No
LA109620,Bhavnagar,890,774,116,605,66,2,7,16,9,88.9,Handover,18,13.03,No
LA109621,Morbi,309,228,81,340,78,6,11,3,6,73.2,Acquisition,52,26.21,Yes
LA109622,Bharuch,800,412,388,816,142,4,13,0,8,61.6,Compensation,63,48.5,No
LA109623,Vadodara,348,291,57,499,68,6,8,14,8,79.2,Handover,44,16.38,No
LA109624,Banaskantha,1038,368,670,1270,200,6,8,95,25,63.2,Objection,0,64.55,Yes
LA109625,Rajkot,1304,1162,142,1875,1142,11,7,6,28,86.7,Acquisition,29,10.89,Yes
LA109626,Gandhinagar,786,718,68,564,127,4,7,33,9,73.4,Handover,37,8.65,Yes
LA109627,Vadodara,612,388,224,756,146,1,9,10,13,78.1,Compensation,60,36.6,No
LA109628,Rajkot,1414,762,652,1480,258,10,9,0,20,67.5,Compensation,8,46.11,Yes
LA109629,Junagadh,1007,613,394,1200,478,4,6,16,16,81.8,Acquisition,83,39.13,Yes
LA109630,Rajkot,671,381,290,651,103,6,8,25,10,69.0,Acquisition,59,43.22,No
LA109631,Vadodara,91,51,40,67,23,1,8,24,6,67.6,Compensation,7,43.96,No
LA109632,Patan,73,13,60,43,18,8,8,0,1,55.3,Objection,0,82.19,Yes
LA109633,Bhavnagar,371,233,138,484,162,3,7,6,11,69.5,Compensation,15,37.2,Yes
LA109634,Jamnagar,392,314,78,503,229,6,7,30,14,80.8,Acquisition,9,19.9,No
LA109635,Surat,1096,629,467,763,85,3,10,24,20,78.2,Compensation,79,42.61,Yes
LA109636,Valsad,776,464,312,877,161,1,9,44,4,76.2,Compensation,0,40.21,No
LA109637,Bhavnagar,1500,1338,162,1821,685,7,11,23,19,91.5,Acquisition,6,10.8,No
LA109638,Patan,834,403,431,877,122,7,11,0,11,70.4,Compensation,10,51.68,No
LA109639,Vadodara,1360,1098,262,1136,285,5,6,40,21,84.7,Handover,41,19.26,Yes
LA109640,Ahmedabad,851,719,132,1143,313,5,4,49,19,92.3,Handover,0,15.51,Yes
LA109641,Surat,569,553,16,642,227,4,15,9,9,85.2,Handover,68,2.81,Yes
LA109642,Sabarkantha,1086,760,326,1301,365,6,5,20,20,82.9,Acquisition,73,30.02,Yes
LA109643,Amreli,702,433,269,798,237,5,10,12,7,79.0,Acquisition,19,38.32,Yes
LA109644,Banaskantha,448,303,145,537,32,4,6,37,9,77.3,Acquisition,40,32.37,No
LA109645,Panchmahal,736,525,211,501,259,5,12,20,11,81.9,Acquisition,3,28.67,No
LA109646,Bharuch,1014,762,252,1400,345,6,14,43,26,71.5,Acquisition,2,24.85,No
LA109647,Bhavnagar,594,490,104,479,201,2,16,32,6,78.7,Handover,45,17.51,Yes
LA109648,Morbi,1071,595,476,1395,321,3,9,36,24,75.2,Acquisition,7,44.44,Yes
LA109649,Gandhinagar,1473,677,796,1995,408,4,8,17,29,61.5,Objection,16,54.04,Yes
LA109650,Valsad,646,385,261,734,157,3,3,20,11,78.6,Compensation,3,40.4,No
LA109651,Morbi,478,233,245,520,95,6,8,34,12,70.2,Compensation,72,51.26,No
LA109652,Gandhinagar,633,184,449,410,150,3,5,20,15,74.1,Compensation,14,70.93,No
LA109653,Rajkot,1266,1151,115,1193,362,5,6,27,18,85.4,Handover,41,9.08,Yes
LA109654,Sabarkantha,309,200,109,340,138,5,7,6,17,83.1,Compensation,12,35.28,Yes
LA109655,Junagadh,1462,971,491,912,329,8,9,0,18,82.5,Acquisition,16,33.58,Yes
LA109656,Junagadh,650,565,85,423,181,2,8,5,10,71.8,Acquisition,0,13.08,No
LA109657,Vadodara,1271,641,630,1835,491,7,17,30,23,69.7,Compensation,0,49.57,Yes
LA109658,Jamnagar,1191,448,743,1011,253,3,9,75,13,53.8,Compensation,26,62.38,Yes
LA109659,Valsad,1186,684,502,1026,179,3,11,19,19,68.0,Compensation,1,42.33,No
LA109660,Bhavnagar,1368,738,630,1062,190,3,10,89,19,63.9,Acquisition,86,46.05,Yes
LA109661,Panchmahal,318,161,157,360,196,6,8,0,7,69.6,Compensation,17,49.37,No
LA109662,Banaskantha,911,811,100,889,143,3,7,40,14,88.8,Handover,0,10.98,No
LA109663,Bharuch,193,112,81,243,53,3,3,79,9,69.3,Compensation,0,41.97,No
LA109664,Kheda,484,277,207,489,126,4,9,6,5,69.0,Objection,0,42.77,No
LA109665,Rajkot,108,60,48,61,16,2,8,49,6,74.9,Compensation,35,44.44,Yes
LA109666,Junagadh,1040,498,542,1024,288,6,9,18,21,62.7,Compensation,18,52.12,Yes
LA109667,Anand,931,853,78,558,260,3,10,6,10,92.6,Handover,10,8.38,No
LA109668,Panchmahal,1123,527,596,1453,394,3,9,88,22,51.7,Compensation,24,53.07,Yes
LA109669,Bhavnagar,305,199,106,199,101,1,8,2,6,81.2,Handover,38,34.75,No
LA109670,Mehsana,532,399,133,396,176,3,9,2,6,93.4,Acquisition,0,25.0,No
LA109671,Patan,1031,831,200,994,429,8,8,0,19,83.4,Acquisition,25,19.4,Yes
LA109672,Patan,1249,751,498,906,345,5,14,39,16,69.9,Compensation,31,39.87,Yes
LA109673,Kheda,1335,833,502,1382,465,2,8,0,22,66.7,Acquisition,40,37.6,Yes
LA109674,Anand,156,61,95,150,43,8,10,28,8,62.2,Objection,20,60.9,Yes
LA109675,Surat,634,365,269,892,164,7,6,50,13,70.6,Compensation,11,42.43,Yes
LA109676,Ahmedabad,65,39,26,41,10,2,7,15,3,65.0,Acquisition,36,40.0,No
LA109677,Rajkot,1237,825,412,1322,192,7,7,0,15,85.2,Acquisition,8,33.31,No
LA109678,Navsari,228,176,52,273,44,3,6,8,6,70.9,Acquisition,40,22.81,No
LA109679,Patan,1242,982,260,826,209,2,8,53,15,75.1,Handover,16,20.93,No
LA109680,Amreli,276,160,116,310,104,4,5,11,9,72.7,Acquisition,23,42.03,No
LA109681,Bharuch,72,51,21,96,27,4,8,79,3,84.1,Handover,34,29.17,Yes
LA109682,Mehsana,1325,896,429,1668,456,3,11,37,20,76.6,Compensation,52,32.38,No
LA109683,Amreli,686,441,245,955,358,6,7,103,20,74.9,Handover,14,35.71,Yes
LA109684,Kheda,666,478,188,798,83,2,14,41,15,72.2,Compensation,5,28.23,Yes
LA109685,Gandhinagar,988,691,297,894,160,4,7,34,19,89.7,Acquisition,120,30.06,Yes
LA109686,Gandhinagar,448,197,251,618,144,9,12,0,10,65.8,Compensation,30,56.03,No
LA109687,Anand,1052,376,676,792,408,4,8,20,17,47.9,Objection,36,64.26,Yes
LA109688,Bharuch,672,562,110,723,232,7,9,28,11,89.7,Handover,35,16.37,No
LA109689,Amreli,445,366,79,551,122,5,10,52,10,93.2,Handover,0,17.75,No
LA109690,Anand,622,429,193,830,375,2,8,0,15,72.6,Acquisition,31,31.03,No
LA109691,Valsad,58,32,26,80,17,5,7,2,5,54.9,Objection,9,44.83,No
LA109692,Kheda,487,371,116,305,77,2,9,38,4,80.6,Acquisition,24,23.82,No
LA109693,Ahmedabad,908,667,241,1093,325,7,13,21,16,81.5,Acquisition,25,26.54,No
LA109694,Bhavnagar,250,139,111,183,35,1,9,30,13,70.5,Compensation,0,44.4,Yes
LA109695,Surat,222,109,113,278,30,3,9,1,3,61.8,Compensation,6,50.9,No
LA109696,Bharuch,1001,420,581,1182,258,1,13,63,17,68.6,Compensation,56,58.04,Yes
LA109697,Patan,671,429,242,479,159,2,9,38,9,87.1,Acquisition,0,36.07,No
LA109698,Amreli,248,221,27,322,125,3,9,42,10,87.8,Handover,5,10.89,No
LA109699,Valsad,1135,1112,23,1096,403,8,6,9,18,93.2,Handover,38,2.03,Yes
LA109700,Patan,1175,564,611,1221,185,4,10,44,19,74.1,Compensation,25,52.0,Yes
LA109701,Jamnagar,100,70,30,142,14,5,10,11,4,77.0,Acquisition,90,30.0,No
LA109702,Junagadh,342,178,164,390,174,3,6,41,7,79.2,Compensation,9,47.95,No
LA109703,Anand,587,425,162,634,271,3,12,66,13,68.9,Handover,59,27.6,Yes
LA109704,Kheda,1111,595,516,628,130,5,11,0,14,66.8,Objection,17,46.44,No
LA109705,Amreli,157,119,38,114,30,3,7,27,8,63.9,Acquisition,0,24.2,No
LA109706,Sabarkantha,1218,792,426,699,86,2,11,16,10,83.0,Acquisition,7,34.98,No
LA109707,Kheda,513,251,262,436,104,5,3,40,7,67.1,Objection,12,51.07,No
LA109708,Anand,231,176,55,199,30,5,17,70,6,83.8,Acquisition,18,23.81,No
LA109709,Patan,1302,1073,229,1338,276,3,10,13,9,84.8,Acquisition,43,17.59,No
LA109710,Ahmedabad,175,136,39,205,128,0,5,58,11,81.5,Acquisition,39,22.29,Yes
LA109711,Anand,238,179,59,169,71,6,11,22,3,77.7,Compensation,17,24.79,No
LA109712,Ahmedabad,1427,1010,417,1558,355,4,5,0,20,84.5,Acquisition,29,29.22,No
LA109713,Ahmedabad,803,495,308,1104,588,9,11,58,16,65.0,Compensation,0,38.36,Yes
LA109714,Anand,721,569,152,517,119,3,11,0,12,69.5,Acquisition,2,21.08,No
LA109715,Navsari,1047,802,245,1197,83,6,8,42,21,80.4,Acquisition,10,23.4,No
LA109716,Gandhinagar,964,444,520,570,293,6,14,11,12,67.3,Objection,8,53.94,Yes
LA109717,Banaskantha,940,547,393,966,322,10,10,26,15,67.0,Compensation,32,41.81,Yes
LA109718,Gandhinagar,83,43,40,101,34,1,9,0,3,83.3,Acquisition,44,48.19,No
LA109719,Gandhinagar,850,461,389,494,77,5,10,48,8,60.9,Compensation,0,45.76,No
LA109720,Junagadh,454,280,174,386,46,6,5,25,11,89.3,Compensation,9,38.33,Yes
LA109721,Surat,1221,810,411,1636,741,6,13,3,39,71.8,Compensation,17,33.66,Yes
LA109722,Rajkot,783,495,288,590,148,6,5,3,8,75.9,Handover,14,36.78,No
LA109723,Surat,229,186,43,275,86,5,8,27,10,82.8,Acquisition,8,18.78,No
LA109724,Banaskantha,1335,812,523,1470,592,6,16,4,22,72.9,Compensation,3,39.18,No
LA109725,Valsad,462,412,50,322,84,4,9,1,10,86.3,Acquisition,3,10.82,No
LA109726,Ahmedabad,443,395,48,539,126,4,5,0,12,94.1,Acquisition,6,10.84,No
LA109727,Amreli,1408,1107,301,1449,314,7,8,2,24,79.5,Compensation,2,21.38,No
LA109728,Bhavnagar,1174,850,324,764,329,7,15,18,12,87.4,Acquisition,19,27.6,Yes
LA109729,Navsari,1297,830,467,1822,774,8,11,43,23,80.2,Compensation,3,36.01,Yes
LA109730,Mehsana,1010,604,406,1003,460,6,10,5,14,85.1,Acquisition,63,40.2,No
LA109731,Patan,1371,763,608,1673,409,9,12,15,35,79.0,Acquisition,19,44.35,Yes
LA109732,Ahmedabad,217,128,89,162,55,2,8,41,6,70.6,Compensation,6,41.01,No
LA109733,Ahmedabad,920,482,438,620,377,1,5,27,10,65.0,Objection,5,47.61,Yes
LA109734,Sabarkantha,475,249,226,578,358,3,15,9,14,62.0,Compensation,52,47.58,Yes
LA109735,Vadodara,628,459,169,726,490,2,15,47,7,90.8,Acquisition,32,26.91,Yes
LA109736,Patan,395,157,238,315,65,1,9,2,3,52.4,Objection,0,60.25,No
LA109737,Mehsana,347,313,34,424,209,4,3,33,12,87.9,Handover,35,9.8,No
LA109738,Vadodara,692,423,269,695,63,6,6,16,10,69.6,Compensation,10,38.87,No
LA109739,Amreli,1382,831,551,1194,234,5,10,3,20,72.3,Acquisition,29,39.87,Yes
LA109740,Sabarkantha,971,590,381,1222,437,7,9,42,11,70.6,Compensation,1,39.24,No
LA109741,Valsad,556,390,166,614,58,4,7,66,13,70.5,Compensation,6,29.86,No
LA109742,Ahmedabad,678,515,163,682,221,4,8,62,7,85.6,Acquisition,70,24.04,Yes
LA109743,Amreli,818,488,330,1019,425,6,7,41,11,77.0,Compensation,34,40.34,No
LA109744,Anand,404,249,155,420,188,3,12,35,9,78.7,Compensation,0,38.37,No
LA109745,Ahmedabad,806,569,237,1124,398,1,5,0,20,87.2,Acquisition,22,29.4,No
LA109746,Anand,1059,410,649,1362,733,3,9,12,16,58.3,Objection,0,61.28,Yes
LA109747,Surat,402,268,134,351,81,2,8,9,6,71.4,Compensation,0,33.33,No
LA109748,Bharuch,898,796,102,870,257,10,5,29,16,83.2,Handover,35,11.36,Yes
LA109749,Patan,1077,806,271,1520,439,3,12,57,18,89.9,Acquisition,1,25.16,No
LA109750,Gandhinagar,803,246,557,1089,388,8,10,20,25,53.9,Notification,12,69.36,Yes
LA109751,Surat,473,205,268,342,137,5,13,14,8,69.0,Compensation,55,56.66,Yes
LA109752,Junagadh,854,737,117,681,87,5,7,56,18,80.8,Acquisition,8,13.7,No
LA109753,Navsari,1200,734,466,1054,677,6,12,0,15,64.8,Compensation,45,38.83,Yes
LA109754,Valsad,371,264,107,498,80,6,10,15,13,88.9,Acquisition,36,28.84,Yes
LA109755,Junagadh,883,632,251,1223,84,5,9,0,12,81.9,Handover,16,28.43,No
LA109756,Jamnagar,1037,700,337,1319,56,4,8,17,26,66.6,Compensation,13,32.5,Yes
LA109757,Banaskantha,516,242,274,412,100,7,8,0,9,61.2,Objection,36,53.1,No
LA109758,Gandhinagar,612,452,160,825,151,6,8,0,18,77.3,Acquisition,0,26.14,No
LA109759,Rajkot,1339,859,480,776,198,0,10,3,13,77.8,Compensation,1,35.85,No
LA109760,Jamnagar,577,401,176,537,152,6,12,12,15,84.0,Acquisition,3,30.5,Yes
LA109761,Bhavnagar,918,245,673,817,395,6,15,9,18,66.3,Objection,94,73.31,Yes
LA109762,Valsad,267,205,62,275,152,3,6,17,3,91.5,Handover,22,23.22,No
LA109763,Sabarkantha,1393,573,820,1469,783,5,19,29,15,60.2,Objection,103,58.87,Yes
LA109764,Sabarkantha,916,518,398,690,63,4,5,20,5,64.6,Compensation,0,43.45,Yes
LA109765,Kheda,1153,613,540,846,414,7,10,13,12,64.0,Objection,2,46.83,No
LA109766,Navsari,924,457,467,1176,312,6,17,26,12,61.1,Objection,88,50.54,Yes
LA109767,Sabarkantha,565,511,54,349,139,4,8,57,7,91.7,Handover,0,9.56,No
LA109768,Banaskantha,543,248,295,540,71,5,6,14,13,80.9,Compensation,91,54.33,No
LA109769,Gandhinagar,1067,756,311,771,252,4,11,0,12,82.9,Acquisition,17,29.15,No
LA109770,Navsari,1297,813,484,1086,235,10,8,41,12,85.7,Acquisition,24,37.32,Yes
LA109771,Jamnagar,235,131,104,188,26,3,8,10,9,80.2,Compensation,18,44.26,No
LA109772,Gandhinagar,1276,662,614,1515,548,2,11,5,25,67.8,Compensation,20,48.12,Yes
LA109773,Kheda,1254,923,331,1204,393,8,10,84,18,84.8,Handover,42,26.4,Yes
LA109774,Surat,208,147,61,170,29,3,7,17,5,77.8,Acquisition,10,29.33,No
LA109775,Rajkot,206,155,51,267,32,3,3,18,7,82.3,Handover,8,24.76,No
LA109776,Mehsana,1058,533,525,664,37,5,6,41,13,71.3,Compensation,0,49.62,No
LA109777,Panchmahal,1272,677,595,1577,291,6,14,19,28,68.2,Compensation,0,46.78,Yes
LA109778,Sabarkantha,621,516,105,480,131,4,12,12,5,80.5,Acquisition,5,16.91,No
LA109779,Rajkot,979,940,39,1347,689,5,8,8,20,90.7,Handover,2,3.98,No
LA109780,Gandhinagar,1500,835,665,833,145,6,6,15,15,71.4,Compensation,7,44.33,Yes
LA109781,Bharuch,518,304,214,544,218,3,8,27,12,70.5,Objection,33,41.31,No
LA109782,Junagadh,376,161,215,417,155,1,8,11,11,65.1,Compensation,6,57.18,No
LA109783,Patan,1488,1284,204,1592,271,5,8,50,26,87.2,Handover,15,13.71,No
LA109784,Vadodara,457,448,9,587,265,3,7,11,7,88.0,Handover,0,1.97,No
LA109785,Vadodara,735,356,379,478,291,4,11,85,15,66.9,Compensation,0,51.56,Yes
LA109786,Morbi,691,372,319,638,451,2,8,21,12,56.2,Objection,46,46.16,Yes
LA109787,Vadodara,809,452,357,1074,297,6,9,12,11,62.1,Compensation,8,44.13,No
LA109788,Morbi,439,323,116,593,286,6,5,0,13,86.5,Compensation,31,26.42,No
LA109789,Anand,1035,751,284,1033,281,4,6,5,13,90.4,Acquisition,4,27.44,No
LA109790,Bharuch,1054,1033,21,1109,591,8,8,0,16,87.0,Handover,18,1.99,No
LA109791,Bhavnagar,341,235,106,422,156,1,12,5,13,73.7,Acquisition,26,31.09,No
LA109792,Patan,747,486,261,935,134,3,13,6,14,68.4,Compensation,70,34.94,Yes
LA109793,Sabarkantha,133,93,40,179,14,6,7,3,7,83.4,Compensation,34,30.08,No
LA109794,Patan,370,205,165,485,91,4,11,10,9,67.7,Compensation,8,44.59,No
LA109795,Anand,1482,839,643,1368,233,5,9,15,16,80.6,Compensation,22,43.39,Yes
LA109796,Sabarkantha,784,668,116,890,153,11,2,25,16,88.6,Acquisition,4,14.8,No
LA109797,Ahmedabad,953,594,359,939,215,4,1,25,17,78.1,Acquisition,13,37.67,Yes
LA109798,Banaskantha,1339,951,388,879,257,3,12,41,18,92.0,Acquisition,12,28.98,No
LA109799,Panchmahal,1085,687,398,1399,176,5,8,7,19,83.4,Compensation,8,36.68,No
LA109800,Panchmahal,1199,1152,47,1309,402,1,6,34,24,83.5,Acquisition,76,3.92,Yes
LA109801,Banaskantha,1083,645,438,652,255,4,11,15,8,74.9,Compensation,19,40.44,Yes
LA109802,Patan,773,475,298,896,136,4,4,0,15,70.5,Acquisition,12,38.55,Yes
LA109803,Ahmedabad,967,579,388,778,515,8,12,5,8,83.4,Acquisition,8,40.12,Yes
LA109804,Morbi,468,137,331,287,35,2,9,10,7,46.1,Notification,14,70.73,Yes
LA109805,Patan,1341,733,608,1470,377,5,12,46,21,80.2,Compensation,24,45.34,Yes
LA109806,Jamnagar,311,261,50,376,136,7,5,0,9,90.9,Handover,14,16.08,No
LA109807,Amreli,1332,664,668,1353,290,5,13,17,25,71.6,Compensation,8,50.15,Yes
LA109808,Amreli,1324,1029,295,735,264,5,9,50,10,81.5,Acquisition,13,22.28,No
LA109809,Vadodara,256,84,172,274,22,4,9,9,9,63.9,Objection,4,67.19,No
LA109810,Panchmahal,1080,681,399,600,81,3,8,14,11,81.1,Compensation,9,36.94,No
LA109811,Bharuch,1486,1139,347,2056,844,12,13,11,23,77.0,Acquisition,31,23.35,Yes
LA109812,Vadodara,880,539,341,696,308,6,15,71,17,59.7,Objection,0,38.75,Yes
LA109813,Kheda,543,341,202,724,178,2,7,46,11,75.1,Acquisition,49,37.2,Yes
LA109814,Patan,1326,872,454,744,277,6,10,75,19,81.4,Acquisition,42,34.24,No
LA109815,Rajkot,793,276,517,506,170,2,12,8,13,48.5,Notification,48,65.2,Yes
LA109816,Sabarkantha,226,221,5,216,118,1,5,65,9,90.6,Acquisition,85,2.21,Yes
LA109817,Ahmedabad,411,283,128,507,8,6,18,49,10,83.1,Acquisition,41,31.14,Yes
LA109818,Sabarkantha,1040,485,555,1454,253,7,14,58,20,60.3,Objection,28,53.37,Yes
LA109819,Morbi,710,456,254,723,246,4,11,17,8,86.0,Acquisition,51,35.77,No
LA109820,Rajkot,364,187,177,317,87,5,10,21,5,70.9,Compensation,0,48.63,No
LA109821,Valsad,1209,799,410,713,388,2,7,5,8,74.1,Acquisition,10,33.91,No
LA109822,Mehsana,224,156,68,241,182,6,7,6,7,73.1,Acquisition,19,30.36,No
LA109823,Panchmahal,367,275,92,327,151,8,7,8,7,83.4,Acquisition,16,25.07,No
LA109824,Vadodara,725,578,147,992,313,7,4,26,14,83.0,Handover,34,20.28,No
LA109825,Ahmedabad,107,44,63,105,24,0,9,27,10,64.7,Compensation,73,58.88,Yes
LA109826,Junagadh,612,336,276,758,144,3,7,7,9,77.9,Acquisition,51,45.1,Yes
LA109827,Vadodara,1370,1045,325,1799,481,11,7,30,34,80.2,Acquisition,16,23.72,Yes
LA109828,Navsari,1415,887,528,903,529,8,4,8,22,79.4,Acquisition,9,37.31,Yes
LA109829,Morbi,1315,680,635,1245,360,7,13,25,23,75.7,Compensation,9,48.29,Yes
LA109830,Patan,520,348,172,704,356,3,9,14,7,77.0,Acquisition,27,33.08,No
LA109831,Panchmahal,144,90,54,134,69,0,9,14,5,73.8,Compensation,16,37.5,No
LA109832,Gandhinagar,1232,953,279,1304,541,3,5,16,19,90.2,Handover,0,22.65,No
LA109833,Sabarkantha,591,401,190,789,130,4,7,7,11,65.3,Acquisition,18,32.15,No
LA109834,Ahmedabad,1136,934,202,863,80,7,6,9,12,75.7,Acquisition,20,17.78,No
LA109835,Sabarkantha,222,152,70,301,30,6,7,8,4,71.7,Compensation,4,31.53,No
LA109836,Panchmahal,1019,505,514,925,160,4,14,5,16,59.1,Compensation,1,50.44,Yes
LA109837,Valsad,900,707,193,975,224,6,6,49,16,76.9,Acquisition,0,21.44,Yes
LA109838,Patan,1385,767,618,1171,223,6,9,0,21,66.9,Objection,17,44.62,No
LA109839,Vadodara,197,74,123,202,9,2,9,42,9,53.9,Compensation,1,62.44,Yes
LA109840,Rajkot,641,280,361,381,214,2,10,76,9,63.0,Compensation,0,56.32,Yes
LA109841,Mehsana,1486,677,809,905,322,6,16,9,10,66.5,Objection,24,54.44,No
LA109842,Vadodara,615,437,178,568,4,6,6,105,12,74.2,Acquisition,46,28.94,Yes
LA109843,Amreli,1004,414,590,855,268,4,14,38,10,69.1,Compensation,10,58.76,Yes
LA109844,Anand,283,183,100,312,58,3,12,2,9,82.2,Acquisition,72,35.34,No
LA109845,Vadodara,1106,806,300,646,134,5,7,10,8,87.6,Acquisition,52,27.12,No
LA109846,Kheda,450,165,285,315,105,4,13,17,5,64.0,Compensation,72,63.33,No
LA109847,Gandhinagar,880,639,241,650,68,9,12,11,8,87.7,Handover,24,27.39,No
LA109848,Kheda,1326,871,455,1255,171,3,12,80,20,76.9,Compensation,2,34.31,Yes
LA109849,Mehsana,1009,570,439,779,262,4,10,74,15,60.0,Compensation,5,43.51,Yes
LA109850,Rajkot,738,421,317,497,63,0,5,7,9,74.5,Acquisition,6,42.95,No
LA109851,Banaskantha,325,231,94,354,119,2,3,26,13,81.7,Acquisition,13,28.92,No
LA109852,Navsari,545,337,208,665,226,7,7,4,4,87.9,Acquisition,23,38.17,No
LA109853,Surat,1282,848,434,1496,527,4,4,0,10,89.3,Compensation,41,33.85,Yes
LA109854,Vadodara,363,191,172,290,217,0,5,51,9,83.2,Objection,4,47.38,Yes
LA109855,Amreli,1002,864,138,1322,350,3,13,11,34,87.6,Acquisition,25,13.77,Yes
LA109856,Junagadh,753,456,297,829,120,5,15,57,17,76.1,Acquisition,8,39.44,Yes
LA109857,Panchmahal,515,428,87,568,145,8,5,0,10,91.6,Handover,45,16.89,No
LA109858,Rajkot,1089,641,448,808,472,5,15,20,9,66.7,Compensation,0,41.14,No
LA109859,Amreli,575,459,116,442,100,3,12,67,10,83.3,Acquisition,75,20.17,Yes
LA109860,Patan,465,187,278,454,194,9,8,12,9,36.1,Notification,0,59.78,Yes
LA109861,Navsari,817,530,287,624,341,6,10,57,10,77.4,Acquisition,78,35.13,Yes
LA109862,Patan,1149,586,563,1343,622,5,8,0,19,70.8,Objection,57,49.0,Yes
LA109863,Valsad,1303,1009,294,1078,201,7,4,0,17,82.1,Acquisition,40,22.56,No
LA109864,Vadodara,963,903,60,661,119,2,6,39,12,81.8,Acquisition,7,6.23,No
LA109865,Mehsana,1010,701,309,693,186,3,10,19,8,86.1,Acquisition,9,30.59,No
LA109866,Sabarkantha,1192,717,475,792,286,3,11,78,11,80.0,Acquisition,9,39.85,Yes
LA109867,Surat,440,174,266,416,19,2,4,19,10,77.2,Objection,24,60.45,No
LA109868,Surat,414,163,251,229,111,6,10,31,3,72.5,Objection,6,60.63,Yes
LA109869,Sabarkantha,752,553,199,781,228,7,13,84,13,72.0,Acquisition,22,26.46,Yes
LA109870,Navsari,965,750,215,790,505,4,6,28,18,90.4,Handover,27,22.28,No
LA109871,Navsari,987,564,423,1034,103,5,6,0,16,80.4,Compensation,0,42.86,Yes
LA109872,Junagadh,273,189,84,380,250,4,10,76,10,80.9,Compensation,20,30.77,Yes
LA109873,Banaskantha,1182,1146,36,1575,598,6,6,22,28,82.6,Handover,25,3.05,No
LA109874,Vadodara,577,251,326,617,167,2,8,0,9,57.4,Objection,28,56.5,Yes
LA109875,Junagadh,1322,1027,295,1225,251,6,9,12,14,71.2,Acquisition,0,22.31,No
LA109876,Vadodara,1101,386,715,1298,166,11,14,16,30,58.3,Compensation,47,64.94,Yes
LA109877,Kheda,1476,1128,348,2038,435,6,7,55,21,74.2,Acquisition,54,23.58,No
LA109878,Anand,966,607,359,957,103,7,10,8,10,80.3,Acquisition,8,37.16,No
LA109879,Valsad,815,403,412,521,44,2,4,16,15,69.9,Compensation,5,50.55,Yes
LA109880,Surat,322,170,152,399,158,4,8,56,7,74.5,Compensation,6,47.2,Yes
LA109881,Kheda,628,471,157,351,98,2,6,24,7,89.2,Acquisition,5,25.0,No
LA109882,Jamnagar,1295,530,765,1603,287,8,11,31,23,46.2,Objection,113,59.07,Yes
LA109883,Morbi,604,205,399,378,105,3,14,41,19,53.1,Objection,27,66.06,Yes
LA109884,Surat,127,106,21,82,33,1,4,16,5,83.9,Handover,29,16.54,No
LA109885,Ahmedabad,405,215,190,508,174,4,10,101,10,72.9,Compensation,6,46.91,No
LA109886,Banaskantha,913,535,378,1069,132,5,7,65,15,72.0,Compensation,73,41.4,Yes
LA109887,Junagadh,962,629,333,1016,88,6,9,84,16,82.3,Compensation,53,34.62,Yes
LA109888,Mehsana,1477,1222,255,1903,1050,6,8,54,27,76.8,Acquisition,11,17.26,Yes
LA109889,Banaskantha,1405,1138,267,1849,488,10,10,37,22,87.0,Compensation,15,19.0,Yes
LA109890,Banaskantha,821,591,230,790,219,6,7,24,10,80.9,Acquisition,107,28.01,Yes
LA109891,Mehsana,854,612,242,1235,552,3,8,12,17,85.8,Acquisition,35,28.34,Yes
LA109892,Rajkot,1211,633,578,1056,206,6,4,0,17,70.8,Compensation,0,47.73,No
LA109893,Bharuch,120,40,80,85,22,1,10,13,5,57.3,Objection,23,66.67,Yes
LA109894,Junagadh,913,734,179,1197,451,4,4,16,21,79.1,Acquisition,22,19.61,Yes
LA109895,Bhavnagar,737,304,433,681,201,7,7,0,9,70.2,Compensation,0,58.75,No
LA109896,Patan,1186,783,403,1586,983,4,10,27,33,81.4,Acquisition,20,33.98,Yes
LA109897,Valsad,1211,846,365,733,68,6,3,10,16,73.5,Compensation,11,30.14,Yes
LA109898,Gandhinagar,1001,458,543,651,445,7,9,4,13,74.9,Compensation,17,54.25,Yes
LA109899,Anand,1003,821,182,588,150,4,11,51,10,90.9,Handover,0,18.15,Yes
LA109900,Jamnagar,1052,632,420,1149,167,6,5,11,14,80.6,Handover,18,39.92,Yes
LA109901,Bharuch,891,594,297,1157,111,3,10,1,15,78.4,Compensation,8,33.33,No
LA109902,Morbi,380,267,113,347,132,4,8,0,12,83.6,Acquisition,0,29.74,No
LA109903,Bhavnagar,462,235,227,292,16,4,6,19,7,84.9,Acquisition,20,49.13,No
LA109904,Ahmedabad,1126,811,315,998,459,4,5,34,10,77.7,Acquisition,7,27.98,Yes
LA109905,Valsad,947,667,280,817,143,2,11,20,18,91.1,Compensation,59,29.57,Yes
LA109906,Mehsana,395,307,88,446,180,0,7,13,10,93.9,Handover,18,22.28,No
LA109907,Navsari,1323,850,473,1504,605,4,7,29,15,76.0,Acquisition,0,35.75,No
LA109908,Morbi,1472,1266,206,946,217,6,12,15,19,92.9,Handover,72,13.99,No
LA109909,Gandhinagar,958,568,390,889,288,2,8,35,15,67.8,Acquisition,24,40.71,Yes
LA109910,Amreli,380,233,147,429,296,7,5,15,12,66.6,Compensation,70,38.68,Yes
LA109911,Morbi,1411,616,795,1105,223,6,7,28,12,80.2,Acquisition,1,56.34,No
LA109912,Bhavnagar,393,319,74,360,154,5,8,29,6,87.4,Handover,0,18.83,No
LA109913,Panchmahal,677,536,141,746,265,7,8,13,14,90.0,Handover,24,20.83,No
LA109914,Ahmedabad,1295,956,339,1182,191,4,7,10,16,90.3,Acquisition,32,26.18,No
LA109915,Morbi,805,446,359,465,197,3,10,15,19,66.0,Objection,23,44.6,Yes
LA109916,Amreli,402,360,42,302,61,2,12,0,7,91.1,Acquisition,17,10.45,No
LA109917,Navsari,166,111,55,207,42,2,9,79,7,86.7,Handover,0,33.13,Yes
LA109918,Sabarkantha,573,376,197,443,71,5,6,0,11,64.9,Acquisition,8,34.38,No
LA109919,Banaskantha,1025,833,192,1318,278,9,7,16,24,81.5,Handover,57,18.73,Yes
LA109920,Junagadh,1086,638,448,1054,339,5,12,3,20,68.0,Compensation,0,41.25,Yes
LA109921,Bhavnagar,373,147,226,364,193,1,10,13,8,65.0,Compensation,14,60.59,Yes
LA109922,Anand,280,256,24,348,114,4,5,15,12,81.6,Handover,0,8.57,No
LA109923,Surat,1067,735,332,955,509,2,11,16,16,78.1,Compensation,0,31.12,No
LA109924,Morbi,280,151,129,214,65,7,7,29,3,65.5,Compensation,17,46.07,Yes
LA109925,Amreli,143,81,62,92,18,0,10,154,6,68.6,Compensation,10,43.36,Yes
LA109926,Ahmedabad,755,448,307,872,522,6,7,0,14,66.9,Compensation,76,40.66,Yes
LA109927,Jamnagar,878,645,233,854,304,3,7,18,15,76.4,Acquisition,21,26.54,No
LA109928,Bhavnagar,403,259,144,515,128,3,7,11,6,76.8,Acquisition,122,35.73,No
LA109929,Amreli,356,220,136,342,60,1,10,32,9,85.5,Compensation,3,38.2,No
LA109930,Amreli,391,326,65,361,114,4,7,66,8,84.5,Acquisition,6,16.62,No
LA109931,Surat,547,225,322,448,97,2,11,2,5,62.7,Objection,11,58.87,No
LA109932,Patan,63,37,26,46,8,4,11,0,6,80.6,Acquisition,0,41.27,Yes
LA109933,Surat,67,52,15,87,20,3,5,0,2,89.2,Acquisition,15,22.39,No
LA109934,Surat,587,386,201,373,104,4,9,55,9,82.0,Acquisition,17,34.24,Yes
LA109935,Rajkot,78,55,23,106,28,3,6,41,5,78.8,Acquisition,11,29.49,No
LA109936,Rajkot,511,443,68,293,204,5,7,7,9,91.7,Handover,76,13.31,No
LA109937,Navsari,892,527,365,910,210,4,8,14,17,76.0,Compensation,7,40.92,No
LA109938,Morbi,95,69,26,57,18,6,8,0,2,82.9,Acquisition,11,27.37,No
LA109939,Gandhinagar,946,608,338,1184,637,3,6,9,17,80.9,Acquisition,13,35.73,Yes
LA109940,Vadodara,951,609,342,704,141,5,10,68,13,69.2,Acquisition,15,35.96,No
LA109941,Ahmedabad,881,706,175,933,467,4,10,45,25,86.5,Handover,1,19.86,No
LA109942,Anand,959,542,417,1318,457,7,16,12,17,62.8,Compensation,0,43.48,Yes
LA109943,Anand,1224,754,470,1388,800,8,9,0,18,76.6,Compensation,9,38.4,No
LA109944,Banaskantha,152,95,57,108,44,6,7,9,4,72.2,Acquisition,63,37.5,Yes
LA109945,Navsari,294,198,96,373,148,6,11,54,7,74.7,Acquisition,45,32.65,Yes
LA109946,Sabarkantha,510,427,83,483,303,4,7,25,9,87.4,Handover,0,16.27,Yes
LA109947,Patan,1048,876,172,589,89,2,6,11,13,88.1,Handover,13,16.41,No
LA109948,Valsad,1316,783,533,1300,185,5,11,29,18,73.2,Compensation,33,40.5,No
LA109949,Bharuch,1382,825,557,1771,455,8,12,60,33,82.8,Acquisition,66,40.3,Yes
LA109950,Sabarkantha,894,608,286,838,101,6,9,0,9,75.3,Acquisition,10,31.99,No
LA109951,Surat,645,415,230,795,498,6,13,15,14,72.4,Acquisition,6,35.66,Yes
LA109952,Navsari,647,316,331,767,119,4,8,10,19,72.4,Compensation,46,51.16,Yes
LA109953,Kheda,136,82,54,131,8,6,6,35,6,65.2,Compensation,3,39.71,No
LA109954,Valsad,724,295,429,609,217,1,6,4,20,53.5,Compensation,29,59.25,Yes
LA109955,Surat,794,546,248,956,513,5,8,0,15,81.8,Acquisition,38,31.23,Yes
LA109956,Amreli,352,224,128,310,52,3,5,0,12,73.9,Compensation,12,36.36,No
LA109957,Vadodara,1164,1035,129,818,77,3,11,6,14,90.5,Acquisition,69,11.08,No
LA109958,Jamnagar,1228,1126,102,1030,76,6,3,90,15,87.3,Handover,18,8.31,Yes
LA109959,Bhavnagar,488,249,239,654,69,5,7,15,9,64.8,Objection,55,48.98,Yes
LA109960,Bharuch,1376,847,529,1108,212,8,9,39,10,76.1,Compensation,0,38.44,No
LA109961,Banaskantha,205,117,88,156,44,5,10,15,7,64.3,Objection,30,42.93,No
LA109962,Anand,1371,810,561,919,403,4,10,63,21,84.0,Compensation,0,40.92,Yes
LA109963,Valsad,1164,1025,139,698,343,2,8,71,16,90.3,Handover,2,11.94,Yes
LA109964,Rajkot,374,211,163,534,205,4,8,61,12,81.6,Acquisition,60,43.58,Yes
LA109965,Vadodara,993,655,338,1026,239,8,9,4,20,90.6,Acquisition,19,34.04,Yes
LA109966,Rajkot,500,448,52,603,393,7,9,0,10,85.5,Handover,21,10.4,No
LA109967,Rajkot,1210,572,638,1507,132,5,9,100,21,80.0,Objection,20,52.73,Yes
LA109968,Banaskantha,283,228,55,245,97,3,7,43,6,79.4,Acquisition,29,19.43,Yes
LA109969,Kheda,405,276,129,514,276,6,11,5,8,65.8,Acquisition,31,31.85,No
LA109970,Bharuch,495,286,209,701,24,5,13,35,10,67.5,Compensation,69,42.22,Yes
LA109971,Anand,339,277,62,413,259,3,3,61,11,86.9,Handover,22,18.29,Yes
LA109972,Surat,532,265,267,633,226,3,13,30,13,77.7,Objection,60,50.19,Yes
LA109973,Navsari,924,574,350,868,270,8,9,9,13,79.0,Acquisition,0,37.88,No
LA109974,Bhavnagar,968,749,219,1265,197,9,14,27,19,85.2,Acquisition,0,22.62,No
LA109975,Gandhinagar,853,580,273,537,36,2,6,25,13,76.9,Acquisition,12,32.0,No
LA109976,Jamnagar,325,189,136,398,32,2,7,10,8,66.9,Compensation,11,41.85,No
LA109977,Valsad,343,195,148,300,58,3,8,26,7,66.6,Compensation,14,43.15,Yes
LA109978,Sabarkantha,1384,931,453,1466,118,9,10,25,20,79.0,Acquisition,18,32.73,No
LA109979,Bharuch,414,160,254,560,230,10,9,11,9,64.2,Objection,0,61.35,Yes
LA109980,Anand,199,116,83,218,137,3,6,0,7,67.7,Compensation,13,41.71,No
LA109981,Amreli,708,331,377,406,144,4,7,1,7,70.9,Acquisition,16,53.25,No
LA109982,Surat,59,39,20,71,6,4,8,27,3,80.8,Compensation,32,33.9,No
LA109983,Amreli,547,442,105,758,383,12,10,57,10,78.8,Acquisition,4,19.2,No
LA109984,Jamnagar,1290,340,950,1455,840,7,10,69,22,56.1,Compensation,15,73.64,Yes
LA109985,Mehsana,437,237,200,579,52,4,15,24,17,68.5,Compensation,0,45.77,Yes
LA109986,Vadodara,1071,846,225,1385,489,6,9,20,15,82.0,Handover,26,21.01,No
LA109987,Panchmahal,760,634,126,1007,101,8,3,12,11,88.1,Handover,51,16.58,No
LA109988,Sabarkantha,565,438,127,486,87,6,5,5,10,85.8,Acquisition,0,22.48,No
LA109989,Kheda,1009,434,575,986,419,1,10,0,18,63.2,Objection,3,56.99,Yes
LA109990,Rajkot,914,770,144,1200,266,8,8,7,21,82.7,Compensation,0,15.75,No
LA109991,Banaskantha,511,323,188,700,216,4,9,1,14,86.7,Compensation,14,36.79,No
LA109992,Gandhinagar,374,202,172,255,74,6,5,12,6,60.7,Objection,5,45.99,No
LA109993,Banaskantha,1380,1032,348,984,198,2,8,39,10,84.7,Compensation,16,25.22,Yes
LA109994,Vadodara,294,83,211,253,85,3,8,1,3,50.6,Notification,75,71.77,Yes
LA109995,Panchmahal,1442,991,451,1793,553,3,10,88,21,84.1,Compensation,53,31.28,Yes
LA109996,Patan,733,514,219,980,227,3,7,0,15,65.2,Acquisition,6,29.88,No
LA109997,Jamnagar,1496,695,801,1604,792,3,9,6,19,70.8,Objection,8,53.54,Yes
LA109998,Surat,562,239,323,366,59,4,16,100,12,72.7,Compensation,51,57.47,Yes
LA109999,Mehsana,870,541,329,716,352,4,6,8,14,80.4,Compensation,22,37.82,Yes
LA110000,Bhavnagar,942,659,283,1245,455,7,9,0,15,77.9,Objection,17,30.04,No
